date,home_team,away_team,home_score,away_score,tournament,city,country,neutral,timestamp,friendly,timestamp_prev,home_team_id,away_team_id
1950-03-19,Austria,Switzerland,3,3,Central European International Cup,Vienna,Austria,False,54,False,0,3,42
1950-03-25,Argentina,Paraguay,2,2,Copa Chevallier Boutell,Buenos Aires,Argentina,False,60,False,54,1,32
1950-03-29,Argentina,Paraguay,4,0,Copa Chevallier Boutell,Buenos Aires,Argentina,False,64,False,60,1,32
1950-04-02,Spain,Portugal,5,1,FIFA World Cup qualification,Madrid,Spain,False,68,False,64,40,33
1950-04-09,Portugal,Spain,2,2,FIFA World Cup qualification,Oeiras,Portugal,False,75,False,68,33,40
1950-04-15,Scotland,England,0,1,FIFA World Cup qualification,Glasgow,Scotland,False,81,False,75,36,16
1950-04-16,Belgium,Netherlands,2,0,Friendly,Antwerp,Belgium,False,82,True,81,4,28
1950-04-26,Scotland,Switzerland,3,1,Friendly,Glasgow,Scotland,False,92,True,82,36,42
1950-04-30,Paraguay,Uruguay,3,2,Friendly,Rio de Janeiro,Brazil,True,96,True,92,32,46
1950-05-06,Brazil,Uruguay,3,4,Copa Rio Branco,São Paulo,Brazil,False,102,False,96,6,46
1950-05-07,Brazil,Paraguay,2,0,Copa Oswaldo Cruz,Rio de Janeiro,Brazil,False,103,False,102,6,32
1950-05-13,Brazil,Paraguay,3,3,Copa Oswaldo Cruz,São Paulo,Brazil,False,109,False,103,6,32
1950-05-14,Brazil,Uruguay,3,2,Copa Rio Branco,Rio de Janeiro,Brazil,False,110,False,109,6,46
1950-05-14,Portugal,England,3,5,Friendly,Oeiras,Portugal,False,110,True,110,33,16
1950-05-18,Belgium,England,1,4,Friendly,Brussels,Belgium,False,114,True,110,4,16
1950-05-21,Portugal,Scotland,2,2,Friendly,Oeiras,Portugal,False,117,True,114,33,36
1950-05-27,France,Scotland,0,1,Friendly,Colombes,France,False,123,True,117,17,36
1950-05-28,Turkey,Iran,6,1,Friendly,Istanbul,Turkey,False,124,True,123,44,21
1950-06-04,Belgium,France,4,1,Friendly,Brussels,Belgium,False,131,True,124,4,17
1950-06-08,Sweden,Netherlands,4,1,Friendly,Solna,Sweden,False,135,True,131,41,28
1950-06-24,South Africa,Australia,3,2,Friendly,Durban,South Africa,False,151,True,135,38,2
1950-06-24,Brazil,Mexico,4,0,FIFA World Cup,Rio de Janeiro,Brazil,False,151,False,151,6,26
1950-06-25,Spain,United States,3,1,FIFA World Cup,Curitiba,Brazil,True,152,False,151,40,45
1950-06-28,Brazil,Switzerland,2,2,FIFA World Cup,São Paulo,Brazil,False,155,False,152,6,42
1950-06-29,Paraguay,Sweden,2,2,FIFA World Cup,Curitiba,Brazil,True,156,False,155,32,41
1950-06-29,England,United States,0,1,FIFA World Cup,Belo Horizonte,Brazil,True,156,False,156,16,45
1950-07-01,South Africa,Australia,2,1,Friendly,Johannesburg,South Africa,False,158,True,156,38,2
1950-07-02,England,Spain,0,1,FIFA World Cup,Rio de Janeiro,Brazil,True,159,False,158,16,40
1950-07-02,Mexico,Switzerland,1,2,FIFA World Cup,Porto Alegre,Brazil,True,159,False,159,26,42
1950-07-08,South Africa,Australia,1,2,Friendly,Port Elizabeth,South Africa,False,165,True,159,38,2
1950-07-09,Brazil,Sweden,7,1,FIFA World Cup,Rio de Janeiro,Brazil,False,166,False,165,6,41
1950-07-09,Spain,Uruguay,2,2,FIFA World Cup,São Paulo,Brazil,True,166,False,166,40,46
1950-07-13,Brazil,Spain,6,1,FIFA World Cup,Rio de Janeiro,Brazil,False,170,False,166,6,40
1950-07-13,Sweden,Uruguay,2,3,FIFA World Cup,São Paulo,Brazil,True,170,False,170,41,46
1950-07-16,Brazil,Uruguay,1,2,FIFA World Cup,Rio de Janeiro,Brazil,False,173,False,170,6,46
1950-07-16,Spain,Sweden,1,3,FIFA World Cup,São Paulo,Brazil,True,173,False,173,40,41
1950-07-23,South Africa,Australia,0,2,Friendly,Cape Town,South Africa,False,180,True,173,38,2
1950-09-24,Norway,Sweden,1,3,Nordic Championship,Oslo,Norway,False,243,False,180,30,41
1950-10-15,Switzerland,Netherlands,7,5,Friendly,Basel,Switzerland,False,264,True,243,42,28
1950-11-01,France,Belgium,3,3,Friendly,Colombes,France,False,281,True,264,17,4
1950-11-12,Belgium,Netherlands,7,2,Friendly,Antwerp,Belgium,False,292,True,281,4,28
1950-11-12,Switzerland,Sweden,4,2,Friendly,Geneva,Switzerland,False,292,True,292,42,41
1950-11-22,Germany,Switzerland,1,0,Friendly,Stuttgart,Germany,False,302,True,292,18,42
1950-12-10,France,Netherlands,5,2,Friendly,Colombes,France,False,320,True,302,17,28
1950-12-13,Scotland,Austria,0,1,Friendly,Glasgow,Scotland,False,323,True,320,36,3
1951-02-18,Spain,Switzerland,6,3,Friendly,Madrid,Spain,False,390,True,323,40,42
1951-03-07,Iran,Japan,0,0,Asian Games,New Delhi,India,True,407,False,390,21,24
1951-03-08,Iran,Japan,3,2,Asian Games,New Delhi,India,True,408,False,407,21,24
1951-04-14,England,Scotland,2,3,British Home Championship,London,England,False,445,False,408,16,36
1951-04-15,Netherlands,Belgium,5,4,Friendly,Amsterdam,Netherlands,False,446,True,445,28,4
1951-04-15,Switzerland,Germany,2,3,Friendly,Zürich,Switzerland,False,446,True,446,42,18
1951-05-09,England,Argentina,2,1,Friendly,London,England,False,470,True,446,16,1
1951-05-16,Scotland,France,1,0,Friendly,Glasgow,Scotland,False,477,True,470,36,17
1951-05-19,England,Portugal,5,2,Friendly,Liverpool,England,False,480,True,477,16,33
1951-05-20,Belgium,Scotland,0,5,Friendly,Brussels,Belgium,False,481,True,480,4,36
1951-05-27,Austria,Scotland,4,0,Friendly,Vienna,Austria,False,488,True,481,3,36
1951-06-06,Netherlands,Norway,2,3,Friendly,Rotterdam,Netherlands,False,498,True,488,28,30
1951-06-10,Belgium,Spain,3,3,Friendly,Brussels,Belgium,False,502,True,498,4,40
1951-06-10,Sweden,Turkey,3,1,Friendly,Solna,Sweden,False,502,True,502,41,44
1951-06-17,Germany,Turkey,1,2,Friendly,Berlin,Germany,False,509,True,502,18,44
1951-06-17,Portugal,Belgium,1,1,Friendly,Oeiras,Portugal,False,509,True,509,33,4
1951-06-17,Sweden,Spain,0,0,Friendly,Solna,Sweden,False,509,True,509,41,40
1951-09-23,Austria,Germany,0,2,Friendly,Vienna,Austria,False,607,True,509,3,18
1951-09-30,Sweden,Norway,3,4,Nordic Championship,Gothenburg,Sweden,False,614,False,607,41,30
1951-10-03,England,France,2,2,Friendly,London,England,False,617,True,614,16,17
1951-10-14,Belgium,Austria,1,8,Friendly,Brussels,Belgium,False,628,True,617,4,3
1951-10-14,Switzerland,France,1,2,Friendly,Geneva,Switzerland,False,628,True,628,42,17
1951-11-01,France,Austria,2,2,Friendly,Colombes,France,False,646,True,628,17,3
1951-11-14,Turkey,Sweden,1,0,Friendly,Istanbul,Turkey,False,659,True,646,44,41
1951-11-21,Turkey,Germany,0,2,Friendly,Istanbul,Turkey,False,666,True,659,44,18
1951-11-25,Netherlands,Belgium,6,7,Friendly,Rotterdam,Netherlands,False,670,True,666,28,4
1951-11-28,England,Austria,2,2,Friendly,London,England,False,673,True,670,16,3
1952-03-23,Mexico,Uruguay,1,3,Pan American Championship,Santiago,Chile,True,789,False,673,26,46
1952-03-23,Austria,Belgium,2,0,Friendly,Vienna,Austria,False,789,True,789,3,4
1952-03-26,France,Sweden,0,1,Friendly,Paris,France,False,792,True,789,17,41
1952-04-05,Scotland,England,1,2,British Home Championship,Glasgow,Scotland,False,802,False,792,36,16
1952-04-06,Brazil,Mexico,2,0,Pan American Championship,Santiago,Chile,True,803,False,802,6,26
1952-04-06,Panama,Uruguay,1,6,Pan American Championship,Santiago,Chile,True,803,False,803,31,46
1952-04-06,Belgium,Netherlands,4,2,Friendly,Antwerp,Belgium,False,803,True,803,4,28
1952-04-10,Mexico,Panama,4,2,Pan American Championship,Santiago,Chile,True,807,False,803,26,31
1952-04-13,Brazil,Panama,5,0,Pan American Championship,Santiago,Chile,True,810,False,807,6,31
1952-04-16,Brazil,Uruguay,4,2,Pan American Championship,Santiago,Chile,True,813,False,810,6,46
1952-04-20,France,Portugal,3,0,Friendly,Colombes,France,False,817,True,813,17,33
1952-04-30,Scotland,United States,6,0,Friendly,Glasgow,Scotland,False,827,True,817,36,45
1952-05-14,Netherlands,Sweden,0,0,Friendly,Amsterdam,Netherlands,False,841,True,827,28,41
1952-05-22,Belgium,France,1,2,Friendly,Brussels,Belgium,False,849,True,841,4,17
1952-05-25,Austria,England,2,3,Friendly,Vienna,Austria,False,852,True,849,3,16
1952-05-28,Switzerland,England,0,3,Friendly,Zürich,Switzerland,False,855,True,852,42,16
1952-05-30,Sweden,Scotland,3,1,Friendly,Solna,Sweden,False,857,True,855,41,36
1952-06-01,Turkey,Switzerland,1,5,Friendly,Ankara,Turkey,False,859,True,857,44,42
1952-06-08,Turkey,Spain,0,0,Friendly,Istanbul,Turkey,False,866,True,859,44,40
1952-06-22,Switzerland,Austria,1,1,Friendly,Geneva,Switzerland,False,880,True,866,42,3
1952-07-03,Netherlands,Curaçao,3,3,Friendly,Amsterdam,Netherlands,False,891,True,880,28,11
1952-08-10,Netherlands,Egypt,1,1,Friendly,Amsterdam,Netherlands,False,929,True,891,28,15
1952-10-05,France,Germany,3,1,Friendly,Colombes,France,False,985,True,929,17,18
1952-10-05,Norway,Sweden,1,2,Nordic Championship,Oslo,Norway,False,985,False,985,30,41
1952-10-19,Austria,France,1,2,Friendly,Vienna,Austria,False,999,True,985,3,17
1952-10-19,Belgium,Netherlands,2,1,Friendly,Antwerp,Belgium,False,999,True,999,4,28
1952-11-09,Germany,Switzerland,5,1,Friendly,Augsburg,Germany,False,1020,True,999,18,42
1952-11-23,Portugal,Austria,1,1,Friendly,Porto,Portugal,False,1034,True,1020,33,3
1952-11-26,England,Belgium,5,0,Friendly,London,England,False,1037,True,1034,16,4
1952-12-07,Spain,Argentina,0,1,Friendly,Madrid,Spain,False,1048,True,1037,40,1
1952-12-14,Portugal,Argentina,1,3,Friendly,Oeiras,Portugal,False,1055,True,1048,33,1
1952-12-25,France,Belgium,0,1,Friendly,Colombes,France,False,1066,True,1055,17,4
1952-12-28,Spain,Germany,2,2,Friendly,Madrid,Spain,False,1069,True,1066,40,18
1953-03-04,Ecuador,Paraguay,0,0,Copa América,Lima,Peru,True,1135,False,1069,14,32
1953-03-12,Brazil,Ecuador,2,0,Copa América,Lima,Peru,True,1143,False,1135,6,14
1953-03-12,Panama,Curaçao,2,4,CCCF Championship,San José,Costa Rica,True,1143,False,1143,31,11
1953-03-12,Paraguay,Uruguay,2,2,Copa América,Lima,Peru,True,1143,False,1143,32,46
1953-03-15,Brazil,Uruguay,1,0,Copa América,Lima,Peru,True,1146,False,1143,6,46
1953-03-19,Spain,Belgium,3,1,Friendly,Barcelona,Spain,False,1150,True,1146,40,4
1953-03-22,Germany,Austria,0,0,Friendly,Cologne,Germany,False,1153,True,1150,18,3
1953-03-22,Netherlands,Switzerland,1,2,Friendly,Amsterdam,Netherlands,False,1153,True,1153,28,42
1953-03-23,Ecuador,Uruguay,0,6,Copa América,Lima,Peru,True,1154,False,1153,14,46
1953-03-27,Brazil,Paraguay,1,2,Copa América,Lima,Peru,True,1158,False,1154,6,32
1953-04-01,Brazil,Paraguay,2,3,Copa América,Lima,Peru,True,1163,False,1158,6,32
1953-04-18,England,Scotland,2,2,British Home Championship,London,England,False,1180,False,1163,16,36
1953-04-19,Netherlands,Belgium,0,2,Friendly,Amsterdam,Netherlands,False,1181,True,1180,28,4
1953-05-06,Scotland,Sweden,1,2,Friendly,Glasgow,Scotland,False,1198,True,1181,36,41
1953-05-14,Argentina,England,3,1,Friendly,Buenos Aires,Argentina,False,1206,True,1198,1,16
1953-05-17,Argentina,England,0,0,Friendly,Buenos Aires,Argentina,False,1209,True,1206,1,16
1953-05-25,Switzerland,Turkey,1,2,Friendly,Bern,Switzerland,False,1217,True,1209,42,44
1953-05-28,Sweden,Belgium,2,3,FIFA World Cup qualification,Solna,Sweden,False,1220,False,1217,41,4
1953-05-31,Uruguay,England,2,1,Friendly,Montevideo,Uruguay,False,1223,True,1220,46,16
1953-06-08,United States,England,3,6,Friendly,New York,United States,False,1231,True,1223,45,16
1953-06-11,Sweden,France,1,0,Friendly,Solna,Sweden,False,1234,True,1231,41,17
1953-07-05,Argentina,Spain,1,0,Friendly,Buenos Aires,Argentina,False,1258,True,1234,1,40
1953-07-19,Mexico,Haiti,8,0,FIFA World Cup qualification,Mexico City,Mexico,False,1272,False,1258,26,20
1953-08-19,Norway,Germany,1,1,FIFA World Cup qualification,Oslo,Norway,False,1303,False,1272,30,18
1953-09-27,Norway,Netherlands,4,0,Friendly,Oslo,Norway,False,1342,True,1303,30,28
1953-10-08,Belgium,Sweden,2,0,FIFA World Cup qualification,Brussels,Belgium,False,1353,False,1342,4,41
1953-10-18,Sweden,Norway,0,0,Nordic Championship,Solna,Sweden,False,1363,False,1353,41,30
1953-10-25,Netherlands,Belgium,1,0,Friendly,Rotterdam,Netherlands,False,1370,True,1363,28,4
1953-11-08,Spain,Sweden,2,2,Friendly,Bilbao,Spain,False,1384,True,1370,40,41
1953-11-11,France,Switzerland,2,4,Friendly,Colombes,France,False,1387,True,1384,17,42
1953-11-22,Portugal,South Africa,3,1,Friendly,Oeiras,Portugal,False,1398,True,1387,33,38
1953-11-22,Germany,Norway,5,1,FIFA World Cup qualification,Hamburg,Germany,False,1398,False,1398,18,30
1953-11-22,Switzerland,Belgium,2,2,Friendly,Zürich,Switzerland,False,1398,True,1398,42,4
1953-11-29,Portugal,Austria,0,0,FIFA World Cup qualification,Oeiras,Portugal,False,1405,False,1398,33,3
1953-12-27,Haiti,Mexico,0,4,FIFA World Cup qualification,Port-au-Prince,Haiti,False,1433,False,1405,20,26
1954-01-06,Spain,Turkey,4,1,FIFA World Cup qualification,Madrid,Spain,False,1443,False,1433,40,44
1954-01-10,Mexico,United States,4,0,FIFA World Cup qualification,Mexico City,Mexico,False,1447,False,1443,26,45
1954-01-14,Mexico,United States,3,1,FIFA World Cup qualification,Mexico City,Mexico,False,1451,False,1447,26,45
1954-03-07,Japan,South Korea,1,5,FIFA World Cup qualification,Tokyo,Japan,False,1503,False,1451,24,39
1954-03-07,Paraguay,Brazil,0,1,FIFA World Cup qualification,Asunción,Paraguay,False,1503,False,1503,32,6
1954-03-14,Belgium,Portugal,0,0,Friendly,Brussels,Belgium,False,1510,True,1503,4,33
1954-03-14,Japan,South Korea,2,2,FIFA World Cup qualification,Tokyo,Japan,False,1510,False,1510,24,39
1954-03-14,Turkey,Spain,1,0,FIFA World Cup qualification,Istanbul,Turkey,False,1510,False,1510,44,40
1954-03-17,Turkey,Spain,2,2,FIFA World Cup qualification,Rome,Italy,True,1513,False,1510,44,40
1954-03-21,Brazil,Paraguay,4,1,FIFA World Cup qualification,Rio de Janeiro,Brazil,False,1517,False,1513,6,32
1954-04-03,Haiti,United States,2,3,FIFA World Cup qualification,Port-au-Prince,Haiti,False,1530,False,1517,20,45
1954-04-03,Scotland,England,2,4,British Home Championship,Glasgow,Scotland,False,1530,False,1530,36,16
1954-04-04,Belgium,Netherlands,4,0,Friendly,Antwerp,Belgium,False,1531,True,1530,4,28
1954-04-04,Haiti,United States,0,3,FIFA World Cup qualification,Port-au-Prince,Haiti,False,1531,False,1531,20,45
1954-04-10,Uruguay,Paraguay,1,4,Friendly,Montevideo,Uruguay,False,1537,True,1531,46,32
1954-04-18,Paraguay,Uruguay,1,1,Friendly,Asunción,Paraguay,False,1545,True,1537,32,46
1954-04-25,Switzerland,Germany,3,5,Friendly,Basel,Switzerland,False,1552,True,1545,42,18
1954-05-05,Scotland,Norway,1,0,Friendly,Glasgow,Scotland,False,1562,True,1552,36,30
1954-05-19,Norway,Scotland,1,1,Friendly,Oslo,Norway,False,1576,True,1562,30,36
1954-05-19,Sweden,Netherlands,6,1,Friendly,Solna,Sweden,False,1576,True,1576,41,28
1954-05-23,Switzerland,Uruguay,3,3,Friendly,Lausanne,Switzerland,False,1580,True,1576,42,46
1954-05-30,Austria,Norway,5,0,Friendly,Vienna,Austria,False,1587,True,1580,3,30
1954-05-30,Belgium,France,3,3,Friendly,Brussels,Belgium,False,1587,True,1587,4,17
1954-05-30,Switzerland,Netherlands,3,1,Friendly,Zürich,Switzerland,False,1587,True,1587,42,28
1954-06-07,Sweden,Norway,3,0,Friendly,Solna,Sweden,False,1595,True,1587,41,30
1954-06-16,Austria,Scotland,1,0,FIFA World Cup,Zürich,Switzerland,True,1604,False,1595,3,36
1954-06-16,Brazil,Mexico,5,0,FIFA World Cup,Geneva,Switzerland,True,1604,False,1604,6,26
1954-06-17,Germany,Turkey,4,1,FIFA World Cup,Bern,Switzerland,True,1605,False,1604,18,44
1954-06-17,Belgium,England,4,4,FIFA World Cup,Basel,Switzerland,True,1605,False,1605,4,16
1954-06-19,France,Mexico,3,2,FIFA World Cup,Geneva,Switzerland,True,1607,False,1605,17,26
1954-06-19,Scotland,Uruguay,0,7,FIFA World Cup,Basel,Switzerland,True,1607,False,1607,36,46
1954-06-20,South Korea,Turkey,0,7,FIFA World Cup,Geneva,Switzerland,True,1608,False,1607,39,44
1954-06-20,Switzerland,England,0,2,FIFA World Cup,Bern,Switzerland,False,1608,False,1608,42,16
1954-06-23,Germany,Turkey,7,2,FIFA World Cup,Zürich,Switzerland,True,1611,False,1608,18,44
1954-06-26,England,Uruguay,2,4,FIFA World Cup,Basel,Switzerland,True,1614,False,1611,16,46
1954-06-26,Switzerland,Austria,5,7,FIFA World Cup,Lausanne,Switzerland,False,1614,False,1614,42,3
1954-06-30,Austria,Germany,1,6,FIFA World Cup,Basel,Switzerland,True,1618,False,1614,3,18
1954-07-03,Austria,Uruguay,3,1,FIFA World Cup,Zürich,Switzerland,True,1621,False,1618,3,46
1954-07-25,Curaçao,Netherlands,2,0,Friendly,Willemstad,Curaçao,False,1643,True,1621,11,28
1954-07-29,Curaçao,Netherlands,2,1,Friendly,Willemstad,Curaçao,False,1647,True,1643,11,28
1954-08-14,Australia,New Zealand,1,2,Soccer Ashes,Melbourne,Australia,False,1663,False,1647,2,29
1954-08-28,Australia,New Zealand,4,1,Soccer Ashes,Brisbane,Australia,False,1677,False,1663,2,29
1954-09-04,Australia,New Zealand,4,1,Soccer Ashes,Sydney,Australia,False,1684,False,1677,2,29
1954-09-19,Norway,Sweden,1,1,Nordic Championship,Oslo,Norway,False,1699,False,1684,30,41
1954-09-26,Belgium,Germany,2,0,Friendly,Brussels,Belgium,False,1706,True,1699,4,18
1954-10-16,Germany,France,1,3,Friendly,Hanover,Germany,False,1726,True,1706,18,17
1954-10-24,Belgium,Netherlands,4,3,Friendly,Antwerp,Belgium,False,1734,True,1726,4,28
1954-10-31,Sweden,Austria,2,1,Friendly,Solna,Sweden,False,1741,True,1734,41,3
1954-11-11,France,Belgium,2,2,Friendly,Colombes,France,False,1752,True,1741,17,4
1954-11-28,Portugal,Argentina,1,3,Friendly,Oeiras,Portugal,False,1769,True,1752,33,1
1954-12-01,England,Germany,3,1,Friendly,London,England,False,1772,True,1769,16,18
1954-12-19,Portugal,Germany,0,3,Friendly,Oeiras,Portugal,False,1790,True,1772,33,18
1955-03-02,Argentina,Paraguay,5,3,Copa América,Santiago,Chile,True,1863,False,1790,1,32
1955-03-09,Argentina,Ecuador,4,0,Copa América,Santiago,Chile,True,1870,False,1863,1,14
1955-03-09,Paraguay,Uruguay,1,3,Copa América,Santiago,Chile,True,1870,False,1870,32,46
1955-03-16,Ecuador,Paraguay,0,2,Copa América,Santiago,Chile,True,1877,False,1870,14,32
1955-03-17,Spain,France,1,2,Friendly,Madrid,Spain,False,1878,True,1877,40,17
1955-03-23,Ecuador,Uruguay,1,5,Copa América,Santiago,Chile,True,1884,False,1878,14,46
1955-03-27,Argentina,Uruguay,6,1,Copa América,Santiago,Chile,True,1888,False,1884,1,46
1955-04-02,England,Scotland,7,2,British Home Championship,London,England,False,1894,False,1888,16,36
1955-04-03,France,Sweden,2,0,Friendly,Colombes,France,False,1895,True,1894,17,41
1955-04-03,Netherlands,Belgium,1,0,Friendly,Amsterdam,Netherlands,False,1895,True,1895,28,4
1955-05-01,Switzerland,Austria,2,3,Central European International Cup,Bern,Switzerland,False,1923,False,1895,42,3
1955-05-04,Scotland,Portugal,3,0,Friendly,Glasgow,Scotland,False,1926,True,1923,36,33
1955-05-15,France,England,1,0,Friendly,Colombes,France,False,1937,True,1926,17,16
1955-05-18,Spain,England,1,1,Friendly,Madrid,Spain,False,1940,True,1937,40,16
1955-05-19,Austria,Scotland,1,4,Friendly,Vienna,Austria,False,1941,True,1940,3,36
1955-05-19,Netherlands,Switzerland,4,1,Friendly,Rotterdam,Netherlands,False,1941,True,1941,28,42
1955-05-22,Portugal,England,3,1,Friendly,Porto,Portugal,False,1944,True,1941,33,16
1955-06-19,Switzerland,Spain,0,3,Friendly,Geneva,Switzerland,False,1972,True,1944,42,40
1955-09-03,Australia,South Africa,0,3,Friendly,Brisbane,Australia,False,2048,True,1972,2,38
1955-09-10,Australia,South Africa,0,2,Friendly,Melbourne,Australia,False,2055,True,2048,2,38
1955-09-17,Australia,South Africa,0,8,Friendly,Adelaide,Australia,False,2062,True,2055,2,38
1955-09-24,Australia,South Africa,0,6,Friendly,Sydney,Australia,False,2069,True,2062,2,38
1955-09-25,Sweden,Norway,1,1,Nordic Championship,Solna,Sweden,False,2070,False,2069,41,30
1955-10-01,Australia,South Africa,1,4,Friendly,Newcastle,Australia,False,2076,True,2070,2,38
1955-10-09,Switzerland,France,1,2,Friendly,Basel,Switzerland,False,2084,True,2076,42,17
1955-10-16,Netherlands,Belgium,2,2,Friendly,Rotterdam,Netherlands,False,2091,True,2084,28,4
1955-11-06,Netherlands,Norway,3,0,Friendly,Amsterdam,Netherlands,False,2112,True,2091,28,30
1955-11-13,Brazil,Paraguay,3,0,Copa Oswaldo Cruz,Rio de Janeiro,Brazil,False,2119,False,2112,6,32
1955-11-16,Germany,Norway,2,0,Friendly,Karlsruhe,Germany,False,2122,True,2119,18,30
1955-11-17,Brazil,Paraguay,3,3,Copa Oswaldo Cruz,Rio de Janeiro,Brazil,False,2123,False,2122,6,32
1955-11-20,Portugal,Sweden,2,6,Friendly,Oeiras,Portugal,False,2126,True,2123,33,41
1955-11-30,England,Spain,4,1,Friendly,London,England,False,2136,True,2126,16,40
1955-12-18,Turkey,Portugal,3,1,Friendly,Istanbul,Turkey,False,2154,True,2136,44,33
1955-12-23,Egypt,Portugal,0,4,Friendly,Cairo,Egypt,False,2159,True,2154,15,33
1955-12-25,Belgium,France,2,1,Friendly,Brussels,Belgium,False,2161,True,2159,4,17
1956-01-21,Uruguay,Paraguay,4,2,Copa América,Montevideo,Uruguay,False,2188,False,2161,46,32
1956-01-29,Brazil,Paraguay,0,0,Copa América,Montevideo,Uruguay,True,2196,False,2188,6,32
1956-02-01,Argentina,Paraguay,1,0,Copa América,Montevideo,Uruguay,True,2199,False,2196,1,32
1956-02-05,Argentina,Brazil,0,1,Copa América,Montevideo,Uruguay,True,2203,False,2199,1,6
1956-02-10,Uruguay,Brazil,0,0,Copa América,Montevideo,Uruguay,False,2208,False,2203,46,6
1956-02-15,Uruguay,Argentina,1,0,Copa América,Montevideo,Uruguay,False,2213,False,2208,46,1
1956-03-08,Haiti,Panama,3,2,Friendly,Port-au-Prince,Haiti,False,2235,True,2213,20,31
1956-03-08,Mexico,Brazil,1,2,Pan American Championship,Mexico City,Mexico,False,2235,False,2235,26,6
1956-03-11,Belgium,Switzerland,1,3,Friendly,Brussels,Belgium,False,2238,True,2235,4,42
1956-03-12,Haiti,Panama,2,1,Friendly,Port-au-Prince,Haiti,False,2239,True,2238,20,31
1956-03-13,Mexico,Argentina,0,0,Pan American Championship,Mexico City,Mexico,False,2240,False,2239,26,1
1956-03-14,Germany,Netherlands,1,2,Friendly,Düsseldorf,Germany,False,2241,True,2240,18,28
1956-03-18,Argentina,Brazil,2,2,Pan American Championship,Mexico City,Mexico,True,2245,False,2241,1,6
1956-03-25,France,Austria,3,1,Friendly,Colombes,France,False,2252,True,2245,17,3
1956-03-25,Portugal,Turkey,3,1,Friendly,Oeiras,Portugal,False,2252,True,2252,33,44
1956-04-08,Belgium,Netherlands,0,1,Friendly,Antwerp,Belgium,False,2266,True,2252,4,28
1956-04-08,Portugal,Brazil,0,1,Friendly,Oeiras,Portugal,False,2266,True,2266,33,6
1956-04-11,Switzerland,Brazil,1,1,Friendly,Zürich,Switzerland,False,2269,True,2266,42,6
1956-04-14,Scotland,England,1,1,British Home Championship,Glasgow,Scotland,False,2272,False,2269,36,16
1956-04-15,Austria,Brazil,2,3,Friendly,Vienna,Austria,False,2273,True,2272,3,6
1956-05-01,Turkey,Brazil,0,1,Friendly,Istanbul,Turkey,False,2289,True,2273,44,6
1956-05-02,Scotland,Austria,1,1,Friendly,Glasgow,Scotland,False,2290,True,2289,36,3
1956-05-09,England,Brazil,4,2,Friendly,London,England,False,2297,True,2290,16,6
1956-05-16,Sweden,England,0,0,Friendly,Solna,Sweden,False,2304,True,2297,41,16
1956-05-26,Germany,England,1,3,Friendly,Berlin,Germany,False,2314,True,2304,18,16
1956-06-03,Portugal,Spain,3,1,Friendly,Oeiras,Portugal,False,2322,True,2314,33,40
1956-06-12,Paraguay,Brazil,0,2,Copa Oswaldo Cruz,Asunción,Paraguay,False,2331,False,2322,32,6
1956-06-13,Norway,Germany,1,3,Friendly,Oslo,Norway,False,2332,True,2331,30,18
1956-06-17,Paraguay,Brazil,2,5,Copa Oswaldo Cruz,Asunción,Paraguay,False,2336,False,2332,32,6
1956-06-24,Brazil,Uruguay,2,0,Atlantic Cup,Rio de Janeiro,Brazil,False,2343,False,2336,6,46
1956-06-30,Sweden,Germany,2,2,Friendly,Solna,Sweden,False,2349,True,2343,41,18
1956-07-01,Uruguay,Argentina,1,2,Atlantic Cup,Montevideo,Uruguay,False,2350,False,2349,46,1
1956-07-08,Argentina,Brazil,0,0,Atlantic Cup,Avellaneda,Argentina,False,2357,False,2350,1,6
1956-07-15,Paraguay,Uruguay,2,2,Friendly,Asunción,Paraguay,False,2364,True,2357,32,46
1956-08-15,Paraguay,Argentina,0,1,Copa Chevallier Boutell,Asunción,Paraguay,False,2395,False,2364,32,1
1956-09-15,Switzerland,Netherlands,2,3,Friendly,Lausanne,Switzerland,False,2426,True,2395,42,28
1956-09-16,Norway,Sweden,3,1,Nordic Championship,Oslo,Norway,False,2427,False,2426,30,41
1956-10-10,Uruguay,Argentina,1,2,Friendly,Paysandú,Uruguay,False,2451,True,2427,46,1
1956-10-14,Belgium,Netherlands,2,3,Friendly,Antwerp,Belgium,False,2455,True,2451,4,28
1956-10-31,South Korea,United States,1,0,Friendly,Seoul,South Korea,False,2472,True,2455,39,45
1956-11-11,France,Belgium,6,3,FIFA World Cup qualification,Colombes,France,False,2483,False,2472,17,4
1956-11-14,Argentina,Uruguay,2,2,Friendly,Buenos Aires,Argentina,False,2486,True,2483,1,46
1956-11-21,Germany,Switzerland,1,3,Friendly,Frankfurt,Germany,False,2493,True,2486,18,42
1956-12-23,Germany,Belgium,4,1,Friendly,Cologne,Germany,False,2525,True,2493,18,4
1957-01-30,Spain,Netherlands,5,1,Friendly,Madrid,Spain,False,2563,True,2525,40,28
1957-03-07,Ecuador,Uruguay,2,5,Copa América,Lima,Peru,True,2599,False,2563,14,46
1957-03-10,Austria,Germany,2,3,Friendly,Vienna,Austria,False,2602,True,2599,3,18
1957-03-10,Spain,Switzerland,2,2,FIFA World Cup qualification,Madrid,Spain,False,2602,False,2602,40,42
1957-03-13,Argentina,Colombia,8,2,Copa América,Lima,Peru,True,2605,False,2602,1,9
1957-03-17,Argentina,Ecuador,3,0,Copa América,Lima,Peru,True,2609,False,2605,1,14
1957-03-17,Colombia,Uruguay,1,0,Copa América,Lima,Peru,True,2609,False,2609,9,46
1957-03-20,Argentina,Uruguay,4,0,Copa América,Lima,Peru,True,2612,False,2609,1,46
1957-03-21,Brazil,Ecuador,7,1,Copa América,Lima,Peru,True,2613,False,2612,6,14
1957-03-28,Brazil,Uruguay,2,3,Copa América,Lima,Peru,True,2620,False,2613,6,46
1957-03-31,Belgium,Spain,0,5,Friendly,Brussels,Belgium,False,2623,True,2620,4,40
1957-04-01,Colombia,Ecuador,4,1,Copa América,Lima,Peru,True,2624,False,2623,9,14
1957-04-03,Argentina,Brazil,3,0,Copa América,Lima,Peru,True,2626,False,2624,1,6
1957-04-03,Netherlands,Germany,1,2,Friendly,Amsterdam,Netherlands,False,2626,True,2626,28,18
1957-04-06,England,Scotland,2,1,British Home Championship,London,England,False,2629,False,2626,16,36
1957-04-07,Mexico,United States,6,0,FIFA World Cup qualification,Mexico City,Mexico,False,2630,False,2629,26,45
1957-04-14,Austria,Switzerland,4,0,Central European International Cup,Vienna,Austria,False,2637,False,2630,3,42
1957-04-28,Netherlands,Belgium,1,1,Friendly,Amsterdam,Netherlands,False,2651,True,2637,28,4
1957-04-28,United States,Mexico,2,7,FIFA World Cup qualification,Long Beach,United States,False,2651,False,2651,45,26
1957-05-05,Austria,Sweden,1,0,Friendly,Vienna,Austria,False,2658,True,2651,3,41
1957-05-08,Scotland,Spain,4,2,FIFA World Cup qualification,Glasgow,Scotland,False,2661,False,2658,36,40
1957-05-19,Switzerland,Scotland,1,2,FIFA World Cup qualification,Basel,Switzerland,False,2672,False,2661,42,36
1957-05-22,Germany,Scotland,1,3,Friendly,Stuttgart,Germany,False,2675,True,2672,18,36
1957-05-23,Uruguay,Argentina,0,0,Copa Newton,Montevideo,Uruguay,False,2676,False,2675,46,1
1957-05-26,Austria,Netherlands,3,2,FIFA World Cup qualification,Vienna,Austria,False,2679,False,2676,3,28
1957-05-26,Spain,Scotland,4,1,FIFA World Cup qualification,Madrid,Spain,False,2679,False,2679,40,36
1957-06-05,Argentina,Uruguay,1,1,Copa Lipton,Buenos Aires,Argentina,False,2689,False,2679,1,46
1957-06-11,Brazil,Portugal,2,1,Friendly,Rio de Janeiro,Brazil,False,2695,True,2689,6,33
1957-06-16,Brazil,Portugal,3,0,Friendly,São Paulo,Brazil,False,2700,True,2695,6,33
1957-06-16,Colombia,Uruguay,1,1,FIFA World Cup qualification,Bogotá,Colombia,False,2700,False,2700,9,46
1957-06-18,Norway,Sweden,0,0,Friendly,Turku,Finland,True,2702,True,2700,30,41
1957-06-20,Colombia,Paraguay,2,3,FIFA World Cup qualification,Bogotá,Colombia,False,2704,False,2702,9,32
1957-06-22,Canada,United States,5,1,FIFA World Cup qualification,Toronto,Canada,False,2706,False,2704,7,45
1957-06-23,Colombia,Paraguay,1,2,Friendly,Medellín,Colombia,False,2707,True,2706,9,32
1957-06-30,Mexico,Canada,3,0,FIFA World Cup qualification,Mexico City,Mexico,False,2714,False,2707,26,7
1957-06-30,Uruguay,Colombia,1,0,FIFA World Cup qualification,Montevideo,Uruguay,False,2714,False,2714,46,9
1957-07-03,Mexico,Canada,2,0,FIFA World Cup qualification,Mexico City,Mexico,False,2717,False,2714,26,7
1957-07-06,United States,Canada,2,3,FIFA World Cup qualification,St. Louis,United States,False,2720,False,2717,45,7
1957-07-07,Paraguay,Colombia,3,0,FIFA World Cup qualification,Asunción,Paraguay,False,2721,False,2720,32,9
1957-07-07,Brazil,Argentina,1,2,Copa Roca,Rio de Janeiro,Brazil,False,2721,False,2721,6,1
1957-07-10,Brazil,Argentina,2,0,Copa Roca,São Paulo,Brazil,False,2724,False,2721,6,1
1957-07-14,Paraguay,Uruguay,5,0,FIFA World Cup qualification,Asunción,Paraguay,False,2728,False,2724,32,46
1957-07-28,Uruguay,Paraguay,2,0,FIFA World Cup qualification,Montevideo,Uruguay,False,2742,False,2728,46,32
1957-08-13,Curaçao,Haiti,1,3,CCCF Championship,Willemstad,Curaçao,False,2758,False,2742,11,20
1957-08-21,Curaçao,Panama,3,0,CCCF Championship,Willemstad,Curaçao,False,2766,False,2758,11,31
1957-09-25,Netherlands,Austria,1,1,FIFA World Cup qualification,Amsterdam,Netherlands,False,2801,False,2766,28,3
1957-10-13,Sweden,Norway,5,2,Nordic Championship,Solna,Sweden,False,2819,False,2801,41,30
1957-10-27,Belgium,France,0,0,FIFA World Cup qualification,Brussels,Belgium,False,2833,False,2819,4,17
1957-11-06,Scotland,Switzerland,3,2,FIFA World Cup qualification,Glasgow,Scotland,False,2843,False,2833,36,42
1957-11-17,Netherlands,Belgium,5,2,Friendly,Rotterdam,Netherlands,False,2854,True,2843,28,4
1957-11-20,Germany,Sweden,1,0,Friendly,Hamburg,Germany,False,2857,True,2854,18,41
1957-11-24,Switzerland,Spain,1,4,FIFA World Cup qualification,Lausanne,Switzerland,False,2861,False,2857,42,40
1957-11-27,England,France,4,0,Friendly,London,England,False,2864,True,2861,16,17
1957-12-08,Turkey,Belgium,1,1,Friendly,Ankara,Turkey,False,2875,True,2864,44,4
1958-03-02,Belgium,Germany,0,2,Friendly,Brussels,Belgium,False,2959,True,2875,4,18
1958-03-13,France,Spain,2,2,Friendly,Paris,France,False,2970,True,2959,17,40
1958-03-19,Germany,Spain,2,0,Friendly,Frankfurt,Germany,False,2976,True,2970,18,40
1958-04-06,Uruguay,Argentina,1,0,Friendly,Montevideo,Uruguay,False,2994,True,2976,46,1
1958-04-13,Spain,Portugal,1,0,Friendly,Madrid,Spain,False,3001,True,2994,40,33
1958-04-13,Belgium,Netherlands,2,7,Friendly,Antwerp,Belgium,False,3001,True,3001,4,28
1958-04-16,France,Switzerland,0,0,Friendly,Paris,France,False,3004,True,3001,17,42
1958-04-19,Scotland,England,0,4,British Home Championship,Glasgow,Scotland,False,3007,False,3004,36,16
1958-04-20,Paraguay,Argentina,1,0,Friendly,Asunción,Paraguay,False,3008,True,3007,32,1
1958-04-23,Netherlands,Curaçao,8,1,Friendly,Rotterdam,Netherlands,False,3011,True,3008,28,11
1958-04-26,Argentina,Paraguay,2,0,Friendly,Avellaneda,Argentina,False,3014,True,3011,1,32
1958-04-30,Argentina,Uruguay,2,0,Friendly,Buenos Aires,Argentina,False,3018,True,3014,1,46
1958-05-04,Brazil,Paraguay,5,1,Copa Oswaldo Cruz,Rio de Janeiro,Brazil,False,3022,False,3018,6,32
1958-05-04,Netherlands,Turkey,1,2,Friendly,Amsterdam,Netherlands,False,3022,True,3022,28,44
1958-05-07,Brazil,Paraguay,0,0,Copa Oswaldo Cruz,São Paulo,Brazil,False,3025,False,3022,6,32
1958-05-07,England,Portugal,2,1,Friendly,London,England,False,3025,True,3025,16,33
1958-05-07,Sweden,Switzerland,3,2,Friendly,Helsingborg,Sweden,False,3025,True,3025,41,42
1958-05-26,Switzerland,Belgium,0,2,Friendly,Zürich,Switzerland,False,3044,True,3025,42,4
1958-05-28,Norway,Netherlands,0,0,Friendly,Oslo,Norway,False,3046,True,3044,30,28
1958-05-28,Iran,South Korea,0,5,Asian Games,Tokyo,Japan,True,3046,False,3046,21,39
1958-06-08,Sweden,Mexico,3,0,FIFA World Cup,Solna,Sweden,False,3057,False,3046,41,26
1958-06-08,France,Paraguay,7,3,FIFA World Cup,Norrköping,Sweden,True,3057,False,3057,17,32
1958-06-08,Argentina,Germany,1,3,FIFA World Cup,Malmö,Sweden,True,3057,False,3057,1,18
1958-06-08,Austria,Brazil,0,3,FIFA World Cup,Uddevalla,Sweden,True,3057,False,3057,3,6
1958-06-11,Brazil,England,0,0,FIFA World Cup,Gothenburg,Sweden,True,3060,False,3057,6,16
1958-06-11,Paraguay,Scotland,3,2,FIFA World Cup,Norrköping,Sweden,True,3060,False,3060,32,36
1958-06-15,Austria,England,2,2,FIFA World Cup,Borås,Sweden,True,3064,False,3060,3,16
1958-06-15,France,Scotland,2,1,FIFA World Cup,Örebro,Sweden,True,3064,False,3064,17,36
1958-06-24,Brazil,France,5,2,FIFA World Cup,Solna,Sweden,True,3073,False,3064,6,17
1958-06-24,Sweden,Germany,3,1,FIFA World Cup,Gothenburg,Sweden,False,3073,False,3073,41,18
1958-06-28,France,Germany,6,3,FIFA World Cup,Gothenburg,Sweden,True,3077,False,3073,17,18
1958-06-29,Sweden,Brazil,2,5,FIFA World Cup,Solna,Sweden,False,3078,False,3077,41,6
1958-08-16,New Zealand,Australia,2,3,Friendly,Wellington,New Zealand,False,3126,True,3078,29,2
1958-08-23,New Zealand,Australia,2,2,Friendly,Auckland,New Zealand,False,3133,True,3126,29,2
1958-09-14,Norway,Sweden,0,2,Nordic Championship,Oslo,Norway,False,3155,False,3133,30,41
1958-09-28,Belgium,Netherlands,2,3,Friendly,Antwerp,Belgium,False,3169,True,3155,4,28
1958-10-05,Austria,France,1,2,Friendly,Vienna,Austria,False,3176,True,3169,3,17
1958-10-26,Belgium,Turkey,1,1,Friendly,Brussels,Belgium,False,3197,True,3176,4,44
1958-10-26,France,Germany,2,2,Friendly,Colombes,France,False,3197,True,3197,17,18
1958-11-02,Netherlands,Switzerland,2,0,Friendly,Rotterdam,Netherlands,False,3204,True,3197,28,42
1958-11-19,Germany,Austria,2,2,Friendly,Berlin,Germany,False,3221,True,3204,18,3
1958-12-28,Egypt,Germany,2,1,Friendly,Cairo,United Arab Republic,True,3260,True,3221,15,18
1959-03-01,France,Belgium,2,2,Friendly,Colombes,France,False,3323,True,3260,17,4
1959-03-18,Paraguay,Uruguay,1,3,Copa América,Buenos Aires,Argentina,True,3340,False,3323,32,46
1959-03-22,Argentina,Paraguay,3,1,Copa América,Buenos Aires,Argentina,False,3344,False,3340,1,32
1959-03-26,Brazil,Uruguay,3,1,Copa América,Buenos Aires,Argentina,True,3348,False,3344,6,46
1959-03-29,Brazil,Paraguay,4,1,Copa América,Buenos Aires,Argentina,True,3351,False,3348,6,32
1959-03-30,Argentina,Uruguay,4,1,Copa América,Buenos Aires,Argentina,False,3352,False,3351,1,46
1959-04-04,Argentina,Brazil,1,1,Copa América,Buenos Aires,Argentina,False,3357,False,3352,1,6
1959-04-11,England,Scotland,1,0,British Home Championship,London,England,False,3364,False,3357,16,36
1959-04-19,Netherlands,Belgium,2,2,Friendly,Amsterdam,Netherlands,False,3372,True,3364,28,4
1959-05-01,Uruguay,Paraguay,1,3,Friendly,Montevideo,Uruguay,False,3384,True,3372,46,32
1959-05-06,Scotland,Germany,3,2,Friendly,Glasgow,Scotland,False,3389,True,3384,36,18
1959-05-10,Turkey,Netherlands,0,0,Friendly,Istanbul,Turkey,False,3393,True,3389,44,28
1959-05-13,Brazil,England,2,0,Friendly,Rio de Janeiro,Brazil,False,3396,True,3393,6,16
1959-05-16,Switzerland,Portugal,4,3,Friendly,Geneva,Switzerland,False,3399,True,3396,42,33
1959-05-20,Norway,Austria,0,1,UEFA Euro qualification,Oslo,Norway,False,3403,False,3399,30,3
1959-05-21,Sweden,Portugal,2,0,Friendly,Gothenburg,Sweden,False,3404,True,3403,41,33
1959-05-24,Belgium,Austria,0,2,Friendly,Brussels,Belgium,False,3407,True,3404,4,3
1959-05-24,Mexico,England,2,1,Friendly,Mexico City,Mexico,False,3407,True,3407,26,16
1959-05-27,Netherlands,Scotland,1,2,Friendly,Amsterdam,Netherlands,False,3410,True,3407,28,36
1959-05-28,United States,England,1,8,Friendly,Los Angeles,United States,False,3411,True,3410,45,16
1959-06-03,Portugal,Scotland,1,0,Friendly,Lisbon,Portugal,False,3417,True,3411,33,36
1959-06-14,Austria,Belgium,4,2,Friendly,Vienna,Austria,False,3428,True,3417,3,4
1959-09-05,Japan,South Korea,0,0,Merdeka Tournament,Kuala Lumpur,Malaya,True,3511,False,3428,24,39
1959-09-06,Japan,South Korea,1,3,Merdeka Tournament,Kuala Lumpur,Malaya,True,3512,False,3511,24,39
1959-09-23,Austria,Norway,5,2,UEFA Euro qualification,Vienna,Austria,False,3529,False,3512,3,30
1959-10-04,Switzerland,Germany,0,4,Friendly,Bern,Switzerland,False,3540,True,3529,42,18
1959-10-18,Sweden,Norway,6,2,Nordic Championship,Gothenburg,Sweden,False,3554,False,3540,41,30
1959-10-21,Germany,Netherlands,7,0,Friendly,Cologne,Germany,False,3557,True,3554,18,28
1959-10-28,England,Sweden,2,3,Friendly,London,England,False,3564,True,3557,16,41
1959-11-04,Netherlands,Norway,7,1,Friendly,Rotterdam,Netherlands,False,3571,True,3564,28,30
1959-11-11,France,Portugal,5,3,Friendly,Colombes,France,False,3578,True,3571,17,33
1959-11-22,Spain,Austria,6,3,Friendly,Valencia,Spain,False,3589,True,3578,40,3
1959-12-05,Brazil,Paraguay,3,2,Copa América,Guayaquil,Ecuador,True,3602,False,3589,6,32
1959-12-06,Ecuador,Uruguay,0,4,Copa América,Guayaquil,Ecuador,False,3603,False,3602,14,46
1959-12-09,Argentina,Paraguay,4,2,Copa América,Guayaquil,Ecuador,True,3606,False,3603,1,32
1959-12-12,Brazil,Uruguay,0,3,Copa América,Guayaquil,Ecuador,True,3609,False,3606,6,46
1959-12-12,Ecuador,Argentina,1,1,Copa América,Guayaquil,Ecuador,False,3609,False,3609,14,1
1959-12-13,France,Austria,5,2,UEFA Euro qualification,Colombes,France,False,3610,False,3609,17,3
1959-12-16,Argentina,Uruguay,0,5,Copa América,Guayaquil,Ecuador,True,3613,False,3610,1,46
1959-12-17,France,Spain,4,3,Friendly,Paris,France,False,3614,True,3613,17,40
1959-12-19,Ecuador,Brazil,1,3,Copa América,Guayaquil,Ecuador,False,3616,False,3614,14,6
1959-12-22,Argentina,Brazil,4,1,Copa América,Guayaquil,Ecuador,True,3619,False,3616,1,6
1959-12-22,Paraguay,Uruguay,1,1,Copa América,Guayaquil,Ecuador,True,3619,False,3619,32,46
1959-12-25,Ecuador,Paraguay,3,1,Copa América,Guayaquil,Ecuador,False,3622,False,3619,14,32
1959-12-27,Ecuador,Brazil,1,2,Friendly,Guayaquil,Ecuador,False,3624,True,3622,14,6
1960-02-28,Belgium,France,1,0,Friendly,Brussels,Belgium,False,3687,True,3624,4,17
1960-03-06,Brazil,Mexico,2,2,Pan American Championship,San José,Costa Rica,True,3694,False,3687,6,26
1960-03-10,Argentina,Mexico,3,2,Pan American Championship,San José,Costa Rica,True,3698,False,3694,1,26
1960-03-13,Argentina,Brazil,2,1,Pan American Championship,San José,Costa Rica,True,3701,False,3698,1,6
1960-03-15,Brazil,Mexico,2,1,Pan American Championship,San José,Costa Rica,True,3703,False,3701,6,26
1960-03-17,Argentina,Mexico,2,0,Pan American Championship,San José,Costa Rica,True,3705,False,3703,1,26
1960-03-20,Argentina,Brazil,0,1,Pan American Championship,San José,Costa Rica,True,3708,False,3705,1,6
1960-03-27,Austria,France,2,4,UEFA Euro qualification,Vienna,Austria,False,3715,False,3708,3,17
1960-03-27,Belgium,Switzerland,3,1,Friendly,Brussels,Belgium,False,3715,True,3715,4,42
1960-04-09,Scotland,England,1,1,British Home Championship,Glasgow,Scotland,False,3728,False,3715,36,16
1960-04-24,Belgium,Netherlands,2,1,Friendly,Antwerp,Belgium,False,3743,True,3728,4,28
1960-04-27,Germany,Portugal,2,1,Friendly,Ludwigshafen,Germany,False,3746,True,3743,18,33
1960-04-29,Egypt,Brazil,0,5,Friendly,Cairo,United Arab Republic,True,3748,True,3746,15,6
1960-05-01,Egypt,Brazil,1,3,Friendly,Alexandria,United Arab Republic,True,3750,True,3748,15,6
1960-05-06,Egypt,Brazil,0,3,Friendly,Cairo,United Arab Republic,True,3755,True,3750,15,6
1960-05-15,Spain,England,3,0,Friendly,Madrid,Spain,False,3764,True,3755,40,16
1960-05-18,Switzerland,Netherlands,3,1,Friendly,Zürich,Switzerland,False,3767,True,3764,42,28
1960-05-26,Argentina,Brazil,4,2,Copa Roca,Buenos Aires,Argentina,False,3775,False,3767,1,6
1960-05-29,Argentina,Brazil,1,4,Copa Roca,Buenos Aires,Argentina,False,3778,False,3775,1,6
1960-05-29,Austria,Scotland,4,1,Friendly,Vienna,Austria,False,3778,True,3778,3,36
1960-06-05,Tunisia,Iraq,2,1,Friendly,Tunis,Tunisia,False,3785,True,3778,43,22
1960-06-08,Turkey,Scotland,4,2,Friendly,Ankara,Turkey,False,3788,True,3785,44,36
1960-06-22,Norway,Austria,1,2,Friendly,Oslo,Norway,False,3802,True,3788,30,3
1960-06-26,Mexico,Netherlands,3,1,Friendly,Mexico City,Mexico,False,3806,True,3802,26,28
1960-06-29,Curaçao,Netherlands,0,0,Friendly,Willemstad,Curaçao,False,3809,True,3806,11,28
1960-07-03,Ghana,Egypt,2,2,Friendly,Accra,Ghana,False,3813,True,3809,19,15
1960-07-03,Paraguay,Brazil,1,2,Atlantic Cup,Asunción,Paraguay,False,3813,False,3813,32,6
1960-07-09,Argentina,Paraguay,1,0,Atlantic Cup,Buenos Aires,Argentina,False,3819,False,3813,1,32
1960-07-09,Uruguay,Brazil,1,0,Atlantic Cup,Montevideo,Uruguay,False,3819,False,3819,46,6
1960-07-12,Brazil,Argentina,5,1,Atlantic Cup,Rio de Janeiro,Brazil,False,3822,False,3819,6,1
1960-07-13,Uruguay,Paraguay,2,1,Atlantic Cup,Montevideo,Uruguay,False,3823,False,3822,46,32
1960-07-24,Argentina,Spain,2,0,Friendly,Buenos Aires,Argentina,False,3834,True,3823,1,40
1960-08-17,Argentina,Uruguay,4,0,Atlantic Cup,Buenos Aires,Argentina,False,3858,False,3834,1,46
1960-09-18,Norway,Sweden,3,1,Nordic Championship,Oslo,Norway,False,3890,False,3858,30,41
1960-10-02,Belgium,Netherlands,1,4,Friendly,Antwerp,Belgium,False,3904,True,3890,4,28
1960-10-12,Switzerland,France,6,2,Friendly,Basel,Switzerland,False,3914,True,3904,42,17
1960-10-19,Sweden,Belgium,2,0,FIFA World Cup qualification,Solna,Sweden,False,3921,False,3914,41,4
1960-10-26,England,Spain,4,2,Friendly,London,England,False,3928,True,3921,16,40
1960-10-30,Sweden,France,1,0,Friendly,Solna,Sweden,False,3932,True,3928,41,17
1960-10-30,Morocco,Tunisia,2,1,FIFA World Cup qualification,Casablanca,Morocco,False,3932,False,3932,27,43
1960-10-30,Austria,Spain,3,0,Friendly,Vienna,Austria,False,3932,True,3932,3,40
1960-11-03,United States,Mexico,3,3,FIFA World Cup qualification,Los Angeles,United States,False,3936,False,3932,45,26
1960-11-06,South Korea,Japan,2,1,FIFA World Cup qualification,Seoul,South Korea,False,3939,False,3936,39,24
1960-11-06,Mexico,United States,3,0,FIFA World Cup qualification,Mexico City,Mexico,False,3939,False,3939,26,45
1960-11-13,Tunisia,Morocco,2,1,FIFA World Cup qualification,Tunis,Tunisia,False,3946,False,3939,43,27
1960-11-20,Belgium,Switzerland,2,4,FIFA World Cup qualification,Brussels,Belgium,False,3953,False,3946,4,42
1960-12-04,Ecuador,Argentina,3,6,FIFA World Cup qualification,Guayaquil,Ecuador,False,3967,False,3953,14,1
1960-12-17,Argentina,Ecuador,5,0,FIFA World Cup qualification,Buenos Aires,Argentina,False,3980,False,3967,1,14
1960-12-23,Iraq,Tunisia,3,2,Friendly,Baghdad,Iraq,False,3986,True,3980,22,43
1961-01-22,Morocco,Tunisia,1,1,FIFA World Cup qualification,Palermo,Italy,True,4016,False,3986,27,43
1961-02-05,Colombia,United States,2,0,Friendly,Bogotá,Colombia,False,4030,True,4016,9,45
1961-03-08,Germany,Belgium,1,0,Friendly,Frankfurt,Germany,False,4061,True,4030,18,4
1961-03-13,Haiti,Panama,3,1,CCCF Championship,San José,Costa Rica,True,4066,False,4061,20,31
1961-03-15,France,Belgium,1,1,Friendly,Paris,France,False,4068,True,4066,17,4
1961-03-19,Panama,Paraguay,0,0,Friendly,Panama City,Panama,False,4072,True,4068,31,32
1961-03-22,Netherlands,Belgium,6,2,Friendly,Rotterdam,Netherlands,False,4075,True,4072,28,4
1961-03-22,Panama,Haiti,0,3,Friendly,Panama City,Panama,False,4075,True,4075,31,20
1961-03-23,Panama,Haiti,0,2,Friendly,Panama City,Panama,False,4076,True,4075,31,20
1961-04-02,Spain,France,2,0,Friendly,Madrid,Spain,False,4086,True,4076,40,17
1961-04-02,Ghana,Morocco,0,0,FIFA World Cup qualification,Accra,Ghana,False,4086,False,4086,19,27
1961-04-05,Mexico,Curaçao,7,0,FIFA World Cup qualification,Mexico City,Mexico,False,4089,False,4086,26,11
1961-04-19,Netherlands,Mexico,1,2,Friendly,Amsterdam,Netherlands,False,4103,True,4089,28,26
1961-04-30,Paraguay,Brazil,0,2,Copa Oswaldo Cruz,Asunción,Paraguay,False,4114,False,4103,32,6
1961-05-03,Paraguay,Brazil,2,3,Copa Oswaldo Cruz,Asunción,Paraguay,False,4117,False,4114,32,6
1961-05-10,England,Mexico,8,0,Friendly,London,England,False,4124,True,4117,16,26
1961-05-16,Norway,Mexico,1,1,Friendly,Bergen,Norway,False,4130,True,4124,30,26
1961-05-17,Paraguay,Argentina,0,0,Friendly,Asunción,Paraguay,False,4131,True,4130,32,1
1961-05-20,Switzerland,Belgium,2,1,FIFA World Cup qualification,Lausanne,Switzerland,False,4134,False,4131,42,4
1961-05-21,Curaçao,Mexico,0,0,FIFA World Cup qualification,Willemstad,Curaçao,False,4135,False,4134,11,26
1961-05-21,Portugal,England,1,1,FIFA World Cup qualification,Oeiras,Portugal,False,4135,False,4135,33,16
1961-05-27,Austria,England,3,1,Friendly,Vienna,Austria,False,4141,True,4135,3,16
1961-05-28,Morocco,Ghana,1,0,FIFA World Cup qualification,Casablanca,Morocco,False,4142,False,4141,27,19
1961-05-28,Sweden,Switzerland,4,0,FIFA World Cup qualification,Solna,Sweden,False,4142,False,4142,41,42
1961-06-01,Norway,Turkey,0,1,FIFA World Cup qualification,Oslo,Norway,False,4146,False,4142,30,44
1961-06-04,Portugal,Argentina,0,2,Friendly,Oeiras,Portugal,False,4149,True,4146,33,1
1961-06-11,Japan,South Korea,0,2,FIFA World Cup qualification,Tokyo,Japan,False,4156,False,4149,24,39
1961-06-11,Spain,Argentina,2,0,Friendly,Seville,Spain,False,4156,True,4156,40,1
1961-06-29,Brazil,Paraguay,3,2,Friendly,Rio de Janeiro,Brazil,False,4174,True,4156,6,32
1961-10-04,Belgium,Sweden,0,2,FIFA World Cup qualification,Brussels,Belgium,False,4271,False,4174,4,41
1961-10-12,Argentina,Paraguay,5,1,Friendly,Avellaneda,Argentina,False,4279,True,4271,1,32
1961-10-18,Belgium,France,3,0,Friendly,Brussels,Belgium,False,4285,True,4279,4,17
1961-10-18,Turkey,South Korea,1,0,Friendly,Ankara,Turkey,False,4285,True,4285,44,39
1961-10-22,Sweden,Norway,2,0,Nordic Championship,Gothenburg,Sweden,False,4289,False,4285,41,30
1961-10-25,England,Portugal,2,0,FIFA World Cup qualification,London,England,False,4292,False,4289,16,33
1961-10-29,Turkey,Norway,2,1,FIFA World Cup qualification,Istanbul,Turkey,False,4296,False,4292,44,30
1961-10-29,Switzerland,Sweden,3,2,FIFA World Cup qualification,Bern,Switzerland,False,4296,False,4296,42,41
1961-10-29,Mexico,Paraguay,1,0,FIFA World Cup qualification,Mexico City,Mexico,False,4296,False,4296,26,32
1961-11-05,Paraguay,Mexico,0,0,FIFA World Cup qualification,Asunción,Paraguay,False,4303,False,4296,32,26
1961-11-12,Morocco,Spain,0,1,FIFA World Cup qualification,Casablanca,Morocco,False,4310,False,4303,27,40
1961-11-12,Netherlands,Belgium,0,4,Friendly,Amsterdam,Netherlands,False,4310,True,4310,28,4
1961-11-12,Switzerland,Sweden,2,1,FIFA World Cup qualification,Berlin,Germany,True,4310,False,4310,42,41
1961-11-23,Spain,Morocco,3,2,FIFA World Cup qualification,Madrid,Spain,False,4321,False,4310,40,27
1961-12-10,France,Spain,1,1,Friendly,Colombes,France,False,4338,True,4321,17,40
1961-12-29,Ivory Coast,Senegal,1,1,African Friendship Games,Abidjan,Ivory Coast,False,4357,False,4338,23,37
1962-01-05,Egypt,Austria,1,0,Friendly,Cairo,Egypt,False,4364,True,4357,15,3
1962-03-13,Uruguay,Argentina,1,1,Friendly,Montevideo,Uruguay,False,4431,True,4364,46,1
1962-03-28,Argentina,Mexico,1,0,Friendly,Buenos Aires,Argentina,False,4446,True,4431,1,26
1962-04-01,Colombia,Mexico,0,1,Friendly,Bogotá,Colombia,False,4450,True,4446,9,26
1962-04-01,Belgium,Netherlands,3,1,Friendly,Antwerp,Belgium,False,4450,True,4450,4,28
1962-04-04,Colombia,Mexico,2,2,Friendly,Cali,Colombia,False,4453,True,4450,9,26
1962-04-04,England,Austria,3,1,Friendly,London,England,False,4453,True,4453,16,3
1962-04-11,Germany,Uruguay,3,0,Friendly,Hamburg,Germany,False,4460,True,4453,18,46
1962-04-14,Scotland,England,2,0,British Home Championship,Glasgow,Scotland,False,4463,False,4460,36,16
1962-04-21,Brazil,Paraguay,6,0,Copa Oswaldo Cruz,Rio de Janeiro,Brazil,False,4470,False,4463,6,32
1962-04-24,Brazil,Paraguay,4,0,Copa Oswaldo Cruz,São Paulo,Brazil,False,4473,False,4470,6,32
1962-04-25,Mexico,Colombia,1,0,Friendly,Mexico City,Mexico,False,4474,True,4473,26,9
1962-05-02,Scotland,Uruguay,2,3,Friendly,Glasgow,Scotland,False,4481,True,4474,36,46
1962-05-06,Brazil,Portugal,2,1,Friendly,São Paulo,Brazil,False,4485,True,4481,6,33
1962-05-09,Brazil,Portugal,1,0,Friendly,Rio de Janeiro,Brazil,False,4488,True,4485,6,33
1962-05-09,England,Switzerland,3,1,Friendly,London,England,False,4488,True,4488,16,42
1962-05-16,Norway,Netherlands,2,1,Friendly,Oslo,Norway,False,4495,True,4488,30,28
1962-05-17,Portugal,Belgium,1,2,Friendly,Lisbon,Portugal,False,4496,True,4495,33,4
1962-05-30,Colombia,Uruguay,1,2,FIFA World Cup,Arica,Chile,True,4509,False,4496,9,46
1962-05-30,Brazil,Mexico,2,0,FIFA World Cup,Viña del Mar,Chile,True,4509,False,4509,6,26
1962-06-02,Argentina,England,1,3,FIFA World Cup,Rancagua,Chile,True,4512,False,4509,1,16
1962-06-03,Mexico,Spain,0,1,FIFA World Cup,Viña del Mar,Chile,True,4513,False,4512,26,40
1962-06-03,Germany,Switzerland,2,1,FIFA World Cup,Santiago,Chile,True,4513,False,4513,18,42
1962-06-06,Brazil,Spain,2,1,FIFA World Cup,Viña del Mar,Chile,True,4516,False,4513,6,40
1962-06-10,Brazil,England,3,1,FIFA World Cup,Viña del Mar,Chile,True,4520,False,4516,6,16
1962-06-21,Norway,Sweden,0,2,UEFA Euro qualification,Oslo,Norway,False,4531,False,4520,30,41
1962-08-15,Argentina,Uruguay,3,1,Copa Lipton,Buenos Aires,Argentina,False,4586,False,4531,1,46
1962-08-30,South Korea,Japan,1,0,Asian Games,Jakarta,Indonesia,True,4601,False,4586,39,24
1962-09-05,Netherlands,Curaçao,8,0,Friendly,Amsterdam,Netherlands,False,4607,True,4601,28,11
1962-09-16,Norway,Sweden,2,1,Nordic Championship,Oslo,Norway,False,4618,False,4607,30,41
1962-10-03,England,France,1,1,UEFA Euro qualification,Sheffield,England,False,4635,False,4618,16,17
1962-10-14,Belgium,Netherlands,2,0,Friendly,Antwerp,Belgium,False,4646,True,4635,4,28
1962-10-24,Germany,France,2,2,Friendly,Stuttgart,Germany,False,4656,True,4646,18,17
1962-11-04,Sweden,Norway,1,1,UEFA Euro qualification,Malmö,Sweden,False,4667,False,4656,41,30
1962-11-11,Netherlands,Switzerland,3,1,UEFA Euro qualification,Amsterdam,Netherlands,False,4674,False,4667,28,42
1962-11-30,Senegal,Ivory Coast,1,1,Friendly,Dakar,Senegal,False,4693,True,4674,37,23
1962-12-02,Belgium,Spain,1,1,Friendly,Brussels,Belgium,False,4695,True,4693,4,40
1962-12-23,Germany,Switzerland,5,1,Friendly,Karlsruhe,Germany,False,4716,True,4695,18,42
1963-01-09,Spain,France,0,0,Friendly,Barcelona,Spain,False,4733,True,4716,40,17
1963-01-13,Morocco,Switzerland,1,0,Friendly,Casablanca,Morocco,False,4737,True,4733,27,42
1963-02-27,France,England,5,2,UEFA Euro qualification,Paris,France,False,4782,False,4737,17,16
1963-03-02,Haiti,Curaçao,0,1,Phillip Seaga Cup,Kingston,Jamaica,True,4785,False,4782,20,11
1963-03-03,Paraguay,Brazil,2,2,Friendly,Asunción,Paraguay,False,4786,True,4785,32,6
1963-03-03,Netherlands,Belgium,0,1,Friendly,Rotterdam,Netherlands,False,4786,True,4786,28,4
1963-03-10,Argentina,Colombia,4,2,Copa América,Cochabamba,Bolivia,True,4793,False,4786,1,9
1963-03-10,Ivory Coast,Tunisia,3,0,Friendly,Abidjan,Ivory Coast,False,4793,True,4793,23,43
1963-03-14,Ecuador,Paraguay,1,3,Copa América,La Paz,Bolivia,True,4797,False,4793,14,32
1963-03-14,Brazil,Colombia,5,1,Copa América,La Paz,Bolivia,True,4797,False,4797,6,9
1963-03-17,Brazil,Paraguay,0,2,Copa América,La Paz,Bolivia,True,4800,False,4797,6,32
1963-03-20,Argentina,Ecuador,4,2,Copa América,Cochabamba,Bolivia,True,4803,False,4800,1,14
1963-03-20,Colombia,Paraguay,2,3,Copa América,Cochabamba,Bolivia,True,4803,False,4803,9,32
1963-03-24,Argentina,Brazil,3,0,Copa América,La Paz,Bolivia,True,4807,False,4803,1,6
1963-03-24,Mexico,Curaçao,1,2,CONCACAF Championship,Santa Ana,El Salvador,True,4807,False,4807,26,11
1963-03-27,Brazil,Ecuador,2,2,Copa América,Cochabamba,Bolivia,True,4810,False,4807,6,14
1963-03-31,Colombia,Ecuador,3,4,Copa América,La Paz,Bolivia,True,4814,False,4810,9,14
1963-03-31,Argentina,Paraguay,1,1,Copa América,La Paz,Bolivia,True,4814,False,4814,1,32
1963-03-31,Switzerland,Netherlands,1,1,UEFA Euro qualification,Bern,Switzerland,False,4814,False,4814,42,28
1963-04-04,Jordan,Tunisia,0,4,Arab Cup,Beirut,Lebanon,True,4818,False,4814,25,43
1963-04-06,England,Scotland,1,2,British Home Championship,London,England,False,4820,False,4818,16,36
1963-04-13,Brazil,Argentina,2,3,Copa Roca,São Paulo,Brazil,False,4827,False,4820,6,1
1963-04-13,Tunisia,Ivory Coast,3,1,African Friendship Games,Dakar,Senegal,True,4827,False,4827,43,23
1963-04-15,Ivory Coast,DR Congo,1,0,African Friendship Games,Dakar,Senegal,True,4829,False,4827,23,13
1963-04-16,DR Congo,Tunisia,1,0,African Friendship Games,Dakar,Senegal,True,4830,False,4829,13,43
1963-04-16,Brazil,Argentina,5,2,Copa Roca,Rio de Janeiro,Brazil,False,4830,False,4830,6,1
1963-04-17,Netherlands,France,1,0,Friendly,Rotterdam,Netherlands,False,4831,True,4830,28,17
1963-04-18,Senegal,France,2,0,African Friendship Games,Dakar,Senegal,False,4832,False,4831,37,17
1963-04-20,Senegal,Tunisia,1,1,African Friendship Games,Dakar,Senegal,False,4834,False,4832,37,43
1963-04-21,Portugal,Brazil,1,0,Friendly,Lisbon,Portugal,False,4835,True,4834,33,6
1963-04-24,Belgium,Brazil,5,1,Friendly,Brussels,Belgium,False,4838,True,4835,4,6
1963-04-28,France,Brazil,2,3,Friendly,Colombes,France,False,4842,True,4838,17,6
1963-05-02,Netherlands,Brazil,1,0,Friendly,Amsterdam,Netherlands,False,4846,True,4842,28,6
1963-05-05,Germany,Brazil,1,2,Friendly,Hamburg,Germany,False,4849,True,4846,18,6
1963-05-08,England,Brazil,1,1,Friendly,London,England,False,4852,True,4849,16,6
1963-05-08,Scotland,Austria,4,1,Friendly,Glasgow,Scotland,False,4852,True,4852,36,3
1963-05-17,Egypt,Brazil,0,1,Friendly,Cairo,Egypt,False,4861,True,4852,15,6
1963-06-04,Norway,Scotland,4,3,Friendly,Bergen,Norway,False,4879,True,4861,30,36
1963-06-05,Switzerland,England,1,8,Friendly,Basel,Switzerland,False,4880,True,4879,42,16
1963-06-13,Spain,Scotland,2,6,Friendly,Madrid,Spain,False,4888,True,4880,40,36
1963-06-16,Tunisia,Morocco,4,1,African Cup of Nations qualification,Tunis,Tunisia,False,4891,False,4888,43,27
1963-07-02,Morocco,Tunisia,4,2,African Cup of Nations qualification,Casablanca,Morocco,False,4907,False,4891,27,43
1963-07-07,Algeria,Egypt,2,2,Friendly,Oran,Algeria,False,4912,True,4907,0,15
1963-08-13,South Korea,Japan,1,1,Merdeka Tournament,Kuala Lumpur,Malaya,True,4949,False,4912,39,24
1963-08-14,Sweden,Norway,0,0,Nordic Championship,Gothenburg,Sweden,False,4950,False,4949,41,30
1963-09-28,Germany,Turkey,3,0,Friendly,Frankfurt,Germany,False,4995,True,4950,18,44
1963-10-15,Paraguay,Argentina,0,4,Copa Chevallier Boutell,Asunción,Paraguay,False,5012,False,4995,32,1
1963-10-20,Netherlands,Belgium,1,1,Friendly,Amsterdam,Netherlands,False,5017,True,5012,28,4
1963-10-29,Argentina,Paraguay,2,3,Copa Chevallier Boutell,Buenos Aires,Argentina,False,5026,False,5017,1,32
1963-11-03,Switzerland,Norway,0,2,Friendly,Zürich,Switzerland,False,5031,True,5026,42,30
1963-11-03,Sweden,Germany,2,1,Friendly,Solna,Sweden,False,5031,True,5031,41,18
1963-11-07,Scotland,Norway,6,1,Friendly,Glasgow,Scotland,False,5035,True,5031,36,30
1963-11-11,France,Switzerland,2,2,Friendly,Paris,France,False,5039,True,5035,17,42
1963-11-18,Egypt,Saudi Arabia,7,0,Friendly,Jakarta,Indonesia,True,5046,True,5039,15,35
1963-11-24,Ghana,Tunisia,1,1,African Cup of Nations,Accra,Ghana,False,5052,False,5046,19,43
1963-12-01,Spain,Belgium,1,2,Friendly,Valencia,Spain,False,5059,True,5052,40,4
1963-12-15,Tunisia,Algeria,0,0,Friendly,Tunis,Tunisia,False,5073,True,5059,43,0
1963-12-25,France,Belgium,1,2,Friendly,Paris,France,False,5083,True,5073,17,4
1963-12-29,Morocco,Germany,1,4,Friendly,Casablanca,Morocco,False,5087,True,5083,27,18
1964-01-01,Algeria,Germany,2,0,Friendly,Algiers,Algeria,False,5090,True,5087,0,18
1964-03-20,Egypt,Algeria,1,0,Friendly,Cairo,Egypt,False,5169,True,5090,15,0
1964-03-22,Belgium,Netherlands,0,0,Friendly,Antwerp,Belgium,False,5171,True,5169,4,28
1964-04-11,Scotland,England,1,0,British Home Championship,Glasgow,Scotland,False,5191,False,5171,36,16
1964-04-12,Netherlands,Austria,1,1,Friendly,Amsterdam,Netherlands,False,5192,True,5191,28,3
1964-04-15,Switzerland,Belgium,2,0,Friendly,Geneva,Switzerland,False,5195,True,5192,42,4
1964-04-29,Netherlands,Sweden,0,1,Friendly,Rotterdam,Netherlands,False,5209,True,5195,28,41
1964-04-29,Switzerland,Portugal,2,3,Friendly,Zürich,Switzerland,False,5209,True,5209,42,33
1964-05-03,Belgium,Portugal,1,2,Friendly,Brussels,Belgium,False,5213,True,5209,4,33
1964-05-06,England,Uruguay,2,1,Friendly,London,England,False,5216,True,5213,16,46
1964-05-12,Germany,Scotland,2,2,Friendly,Hanover,Germany,False,5222,True,5216,18,36
1964-05-14,Austria,Uruguay,0,2,Friendly,Vienna,Austria,False,5224,True,5222,3,46
1964-05-17,Portugal,England,3,4,Friendly,Oeiras,Portugal,False,5227,True,5224,33,16
1964-05-30,Brazil,England,5,1,Friendly,Rio de Janeiro,Brazil,False,5240,True,5227,6,16
1964-05-31,Argentina,Portugal,2,0,Friendly,Rio de Janeiro,Brazil,True,5241,True,5240,1,33
1964-06-03,Brazil,Argentina,0,3,Friendly,São Paulo,Brazil,False,5244,True,5241,6,1
1964-06-04,England,Portugal,1,1,Friendly,São Paulo,Brazil,True,5245,True,5244,16,33
1964-06-06,Argentina,England,1,0,Friendly,Rio de Janeiro,Brazil,True,5247,True,5245,1,16
1964-06-07,Brazil,Portugal,4,1,Friendly,Rio de Janeiro,Brazil,False,5248,True,5247,6,33
1964-07-01,Norway,Switzerland,3,2,Friendly,Bergen,Norway,False,5272,True,5248,30,42
1964-09-20,Norway,Sweden,1,1,Nordic Championship,Oslo,Norway,False,5353,False,5272,30,41
1964-09-30,Belgium,Netherlands,1,0,Friendly,Antwerp,Belgium,False,5363,True,5353,4,28
1964-10-21,England,Belgium,2,2,Friendly,London,England,False,5384,True,5363,16,4
1964-11-01,Turkey,Tunisia,4,1,Friendly,Ankara,Turkey,False,5395,True,5384,44,43
1964-11-04,Germany,Sweden,1,1,FIFA World Cup qualification,Berlin,Germany,False,5398,False,5395,18,41
1964-11-11,France,Norway,1,0,FIFA World Cup qualification,Paris,France,False,5405,False,5398,17,30
1964-11-15,Portugal,Spain,2,1,Friendly,Porto,Portugal,False,5409,True,5405,33,40
1964-11-25,Paraguay,Argentina,3,0,Copa Chevallier Boutell,Asunción,Paraguay,False,5419,False,5409,32,1
1964-12-02,Belgium,France,3,0,Friendly,Brussels,Belgium,False,5426,True,5419,4,17
1964-12-08,Argentina,Paraguay,8,1,Copa Chevallier Boutell,Buenos Aires,Argentina,False,5432,False,5426,1,32
1964-12-09,Netherlands,England,1,1,Friendly,Amsterdam,Netherlands,False,5433,True,5432,28,16
1965-01-17,Ivory Coast,DR Congo,2,0,African Cup of Nations qualification,Abidjan,Ivory Coast,False,5472,False,5433,23,13
1965-01-24,Portugal,Turkey,5,1,FIFA World Cup qualification,Oeiras,Portugal,False,5479,False,5472,33,44
1965-02-28,Tunisia,Morocco,0,0,Friendly,Tunis,Tunisia,False,5514,True,5479,43,27
1965-03-07,United States,Mexico,2,2,FIFA World Cup qualification,Los Angeles,United States,False,5521,False,5514,45,26
1965-03-12,Mexico,United States,2,0,FIFA World Cup qualification,Mexico City,Mexico,False,5526,False,5521,26,45
1965-03-24,France,Austria,1,2,Friendly,Paris,France,False,5538,True,5526,17,3
1965-04-01,Mexico,Curaçao,5,0,CONCACAF Championship,Guatemala City,Guatemala,True,5546,False,5538,26,11
1965-04-04,Haiti,Mexico,0,3,CONCACAF Championship,Guatemala City,Guatemala,True,5549,False,5546,20,26
1965-04-08,Haiti,Curaçao,1,1,CONCACAF Championship,Guatemala City,Guatemala,True,5553,False,5549,20,11
1965-04-10,England,Scotland,2,2,British Home Championship,London,England,False,5555,False,5553,16,36
1965-04-14,Ghana,DR Congo,4,1,Friendly,Accra,Ghana,False,5559,True,5555,19,13
1965-04-19,Turkey,Portugal,0,1,FIFA World Cup qualification,Ankara,Turkey,False,5564,False,5559,44,33
1965-04-25,Paraguay,Uruguay,2,1,Copa Artigas,Asunción,Paraguay,False,5570,False,5564,32,46
1965-05-01,Uruguay,Paraguay,4,0,Copa Artigas,Montevideo,Uruguay,False,5576,False,5570,46,32
1965-05-02,Morocco,Tunisia,0,1,Friendly,Casablanca,Morocco,False,5577,True,5576,27,43
1965-05-08,Scotland,Spain,0,0,Friendly,Glasgow,Scotland,False,5583,True,5577,36,40
1965-05-12,Germany,England,0,1,Friendly,Nuremberg,Germany,False,5587,True,5583,18,16
1965-05-16,Sweden,England,1,2,Friendly,Gothenburg,Sweden,False,5591,True,5587,41,16
1965-05-22,Iran,Turkey,1,2,Friendly,Tehran,Iran,False,5597,True,5591,21,44
1965-05-24,Iran,Turkey,2,1,Friendly,Tehran,Iran,False,5599,True,5597,21,44
1965-05-26,Switzerland,Germany,0,1,Friendly,Basel,Switzerland,False,5601,True,5599,42,18
1965-06-02,Brazil,Belgium,5,0,Friendly,Rio de Janeiro,Brazil,False,5608,True,5601,6,4
1965-06-03,France,Argentina,0,0,Friendly,Paris,France,False,5609,True,5608,17,1
1965-06-06,Brazil,Germany,2,0,Friendly,Rio de Janeiro,Brazil,False,5612,True,5609,6,18
1965-06-09,Brazil,Argentina,0,0,Friendly,Rio de Janeiro,Brazil,False,5615,True,5612,6,1
1965-06-17,Algeria,Brazil,0,3,Friendly,Oran,Algeria,False,5623,True,5615,0,6
1965-06-24,Portugal,Brazil,0,0,Friendly,Porto,Portugal,False,5630,True,5623,33,6
1965-06-30,Sweden,Brazil,1,2,Friendly,Solna,Sweden,False,5636,True,5630,41,6
1965-07-19,Ivory Coast,Algeria,1,0,All-African Games,Brazzaville,Congo,True,5655,False,5636,23,0
1965-07-20,Colombia,Ecuador,0,1,FIFA World Cup qualification,Barranquilla,Colombia,False,5656,False,5655,9,14
1965-07-20,Algeria,DR Congo,4,1,All-African Games,Brazzaville,Congo,True,5656,False,5656,0,13
1965-07-21,Ivory Coast,DR Congo,1,1,All-African Games,Brazzaville,Congo,True,5657,False,5656,23,13
1965-07-25,Ivory Coast,Algeria,2,0,All-African Games,Brazzaville,Congo,True,5661,False,5657,23,0
1965-07-25,Ecuador,Colombia,2,0,FIFA World Cup qualification,Guayaquil,Ecuador,False,5661,False,5661,14,9
1965-07-25,Iran,Turkey,0,0,Friendly,Tehran,Iran,False,5661,True,5661,21,44
1965-07-30,Jordan,Iraq,0,0,Friendly,Amman,Jordan,False,5666,True,5661,25,22
1965-08-01,Argentina,Paraguay,3,0,FIFA World Cup qualification,Buenos Aires,Argentina,False,5668,False,5666,1,32
1965-08-08,Paraguay,Argentina,0,0,FIFA World Cup qualification,Asunción,Paraguay,False,5675,False,5668,32,1
1965-09-05,DR Congo,Ivory Coast,4,2,African Cup of Nations qualification,Brazzaville,Congo,True,5703,False,5675,13,23
1965-09-07,Brazil,Uruguay,3,0,Friendly,Belo Horizonte,Brazil,False,5705,True,5703,6,46
1965-09-15,Norway,France,0,1,FIFA World Cup qualification,Oslo,Norway,False,5713,False,5705,30,17
1965-09-26,Sweden,Germany,1,2,FIFA World Cup qualification,Solna,Sweden,False,5724,False,5713,41,18
1965-10-09,Germany,Austria,4,1,Friendly,Stuttgart,Germany,False,5737,True,5724,18,3
1965-10-17,Netherlands,Switzerland,0,0,FIFA World Cup qualification,Amsterdam,Netherlands,False,5745,False,5737,28,42
1965-10-20,England,Austria,2,3,Friendly,London,England,False,5748,True,5745,16,3
1965-10-31,Algeria,Morocco,0,0,Friendly,Algiers,Algeria,False,5759,True,5748,0,27
1965-10-31,Sweden,Norway,0,0,Nordic Championship,Solna,Sweden,False,5759,False,5759,41,30
1965-11-12,DR Congo,Ghana,2,5,African Cup of Nations,Sousse,Tunisia,True,5771,False,5759,13,19
1965-11-14,DR Congo,Ivory Coast,0,3,African Cup of Nations,Sfax,Tunisia,True,5773,False,5771,13,23
1965-11-14,Switzerland,Netherlands,2,1,FIFA World Cup qualification,Bern,Switzerland,False,5773,False,5773,42,28
1965-11-14,Tunisia,Senegal,0,0,African Cup of Nations,Tunis,Tunisia,False,5773,False,5773,43,37
1965-11-19,Ghana,Ivory Coast,4,1,African Cup of Nations,Bizerte,Tunisia,True,5778,False,5773,19,23
1965-11-21,Ivory Coast,Senegal,1,0,African Cup of Nations,Tunis,Tunisia,True,5780,False,5778,23,37
1965-11-21,Tunisia,Ghana,2,3,African Cup of Nations,Tunis,Tunisia,False,5780,False,5780,43,19
1965-12-08,Spain,England,0,2,Friendly,Madrid,Spain,False,5797,True,5780,40,16
1966-02-23,England,Germany,1,0,Friendly,London,England,False,5874,True,5797,16,18
1966-03-06,Morocco,Algeria,1,0,Friendly,Casablanca,Morocco,False,5885,True,5874,27,0
1966-03-16,Iran,Turkey,0,0,Friendly,Tehran,Iran,False,5895,True,5885,21,44
1966-03-18,Iraq,Morocco,0,1,Friendly,Tripoli,Libya,True,5897,True,5895,22,27
1966-03-19,Iraq,Morocco,1,2,Friendly,Tripoli,Libya,True,5898,True,5897,22,27
1966-03-23,Netherlands,Germany,2,4,Friendly,Rotterdam,Netherlands,False,5902,True,5898,28,18
1966-04-02,Scotland,England,3,4,British Home Championship,Glasgow,Scotland,False,5912,False,5902,36,16
1966-04-02,Iraq,Jordan,2,1,Arab Cup,Baghdad,Iraq,False,5912,False,5912,22,25
1966-04-17,Netherlands,Belgium,3,1,Friendly,Rotterdam,Netherlands,False,5927,True,5912,28,4
1966-04-20,France,Belgium,0,3,Friendly,Paris,France,False,5930,True,5927,17,4
1966-04-24,Mexico,Paraguay,7,0,Friendly,Mexico City,Mexico,False,5934,True,5930,26,32
1966-05-11,Scotland,Netherlands,0,3,Friendly,Glasgow,Scotland,False,5951,True,5934,36,28
1966-05-15,Paraguay,Uruguay,2,2,Copa Artigas,Asunción,Paraguay,False,5955,False,5951,32,46
1966-05-18,Uruguay,Paraguay,3,1,Copa Artigas,Montevideo,Uruguay,False,5958,False,5955,46,32
1966-06-12,Portugal,Norway,4,0,Friendly,Oeiras,Portugal,False,5983,True,5958,33,30
1966-06-16,Haiti,Curaçao,3,0,Friendly,Port-au-Prince,Haiti,False,5987,True,5983,20,11
1966-06-18,Scotland,Portugal,0,1,Friendly,Glasgow,Scotland,False,5989,True,5987,36,33
1966-06-19,Switzerland,Mexico,1,1,Friendly,Lausanne,Switzerland,False,5990,True,5989,42,26
1966-06-23,Spain,Uruguay,1,1,Friendly,A Coruña,Spain,False,5994,True,5990,40,46
1966-06-25,Scotland,Brazil,1,1,Friendly,Glasgow,Scotland,False,5996,True,5994,36,6
1966-06-26,Portugal,Uruguay,3,0,Friendly,Oeiras,Portugal,False,5997,True,5996,33,46
1966-06-29,Norway,England,1,6,Friendly,Oslo,Norway,False,6000,True,5997,30,16
1966-06-30,DR Congo,Ghana,0,3,Friendly,Brazzaville,Congo,True,6001,True,6000,13,19
1966-06-30,Sweden,Brazil,2,3,Friendly,Gothenburg,Sweden,False,6001,True,6001,41,6
1966-07-11,England,Uruguay,0,0,FIFA World Cup,London,England,False,6012,False,6001,16,46
1966-07-12,Germany,Switzerland,5,0,FIFA World Cup,Sheffield,England,True,6013,False,6012,18,42
1966-07-13,Argentina,Spain,2,1,FIFA World Cup,Birmingham,England,True,6014,False,6013,1,40
1966-07-13,France,Mexico,1,1,FIFA World Cup,London,England,True,6014,False,6014,17,26
1966-07-15,France,Uruguay,1,2,FIFA World Cup,London,England,True,6016,False,6014,17,46
1966-07-15,Spain,Switzerland,2,1,FIFA World Cup,Sheffield,England,True,6016,False,6016,40,42
1966-07-16,England,Mexico,2,0,FIFA World Cup,London,England,False,6017,False,6016,16,26
1966-07-16,Argentina,Germany,0,0,FIFA World Cup,Birmingham,England,True,6017,False,6017,1,18
1966-07-19,Argentina,Switzerland,2,0,FIFA World Cup,Sheffield,England,True,6020,False,6017,1,42
1966-07-19,Brazil,Portugal,1,3,FIFA World Cup,Liverpool,England,True,6020,False,6020,6,33
1966-07-19,Mexico,Uruguay,0,0,FIFA World Cup,London,England,True,6020,False,6020,26,46
1966-07-20,England,France,2,0,FIFA World Cup,London,England,False,6021,False,6020,16,17
1966-07-20,Germany,Spain,2,1,FIFA World Cup,Birmingham,England,True,6021,False,6021,18,40
1966-07-23,England,Argentina,1,0,FIFA World Cup,London,England,False,6024,False,6021,16,1
1966-07-23,Germany,Uruguay,4,0,FIFA World Cup,Sheffield,England,True,6024,False,6024,18,46
1966-07-26,England,Portugal,2,1,FIFA World Cup,London,England,False,6027,False,6024,16,33
1966-07-30,England,Germany,4,2,FIFA World Cup,London,England,False,6031,False,6027,16,18
1966-08-14,South Korea,Japan,2,0,Merdeka Tournament,Kuala Lumpur,Malaysia,True,6046,False,6031,39,24
1966-09-18,Norway,Sweden,2,4,Nordic Championship,Oslo,Norway,False,6081,False,6046,30,41
1966-09-18,Austria,Netherlands,2,1,Friendly,Vienna,Austria,False,6081,True,6081,3,28
1966-10-05,Sweden,Austria,4,1,Friendly,Solna,Sweden,False,6098,True,6081,41,3
1966-10-12,Turkey,Germany,0,2,Friendly,Ankara,Turkey,False,6105,True,6098,44,18
1966-10-22,Belgium,Switzerland,1,0,Friendly,Bruges,Belgium,False,6115,True,6105,4,42
1966-11-01,Ivory Coast,Ghana,1,1,Friendly,Abidjan,Ivory Coast,False,6125,True,6115,23,19
1966-11-11,Belgium,France,2,1,UEFA Euro qualification,Brussels,Belgium,False,6135,False,6125,4,17
1966-11-13,Portugal,Sweden,1,2,UEFA Euro qualification,Oeiras,Portugal,False,6137,False,6135,33,41
1966-11-19,Germany,Norway,3,0,Friendly,Cologne,Germany,False,6143,True,6137,18,30
1966-11-24,Algeria,Morocco,2,2,Friendly,Algiers,Algeria,False,6148,True,6143,0,27
1966-12-11,Iran,Japan,1,3,Asian Games,Bangkok,Thailand,True,6165,False,6148,21,24
1966-12-18,Japan,Iran,0,1,Asian Games,Bangkok,Thailand,True,6172,False,6165,24,21
1966-12-21,Ecuador,Paraguay,2,2,Copa América qualification,Guayaquil,Ecuador,False,6175,False,6172,14,32
1966-12-28,Paraguay,Ecuador,3,1,Copa América qualification,Asunción,Paraguay,False,6182,False,6175,32,14
1967-01-05,Mexico,Switzerland,3,0,Friendly,Mexico City,Mexico,False,6190,True,6182,26,42
1967-01-08,Mexico,Switzerland,0,2,Friendly,Guadalajara,Mexico,False,6193,True,6190,26,42
1967-01-18,Argentina,Paraguay,4,1,Copa América,Montevideo,Uruguay,True,6203,False,6193,1,32
1967-01-19,Curaçao,Haiti,0,1,CONCACAF Championship qualification,Kingston,Jamaica,True,6204,False,6203,11,20
1967-01-22,Tunisia,Turkey,0,0,Friendly,Tunis,Tunisia,False,6207,True,6204,43,44
1967-01-29,Uruguay,Paraguay,2,0,Copa América,Montevideo,Uruguay,False,6214,False,6207,46,32
1967-02-01,Turkey,Spain,0,0,UEFA Euro qualification,Istanbul,Turkey,False,6217,False,6214,44,40
1967-02-02,Uruguay,Argentina,1,0,Copa América,Montevideo,Uruguay,False,6218,False,6217,46,1
1967-02-19,Ghana,Ivory Coast,2,2,Friendly,Accra,Ghana,False,6235,True,6218,19,23
1967-02-22,Germany,Morocco,5,1,Friendly,Karlsruhe,Germany,False,6238,True,6235,18,27
1967-03-14,Haiti,Mexico,0,1,CONCACAF Championship,Tegucigalpa,Honduras,True,6258,False,6238,20,26
1967-04-15,England,Scotland,2,3,British Home Championship,London,England,False,6290,False,6258,16,36
1967-04-16,Belgium,Netherlands,1,0,Friendly,Antwerp,Belgium,False,6291,True,6290,4,28
1967-05-24,England,Spain,2,0,Friendly,London,England,False,6329,True,6291,16,40
1967-05-24,Ghana,DR Congo,2,0,Friendly,Accra,Ghana,False,6329,True,6329,19,13
1967-05-27,Austria,England,0,1,Friendly,Vienna,Austria,False,6332,True,6329,3,16
1967-05-31,Spain,Turkey,2,0,UEFA Euro qualification,Bilbao,Spain,False,6336,False,6332,40,44
1967-06-01,Sweden,Portugal,1,1,UEFA Euro qualification,Solna,Sweden,False,6337,False,6336,41,33
1967-06-08,Norway,Portugal,1,2,UEFA Euro qualification,Oslo,Norway,False,6344,False,6337,30,33
1967-06-25,Uruguay,Brazil,0,0,Copa Rio Branco,Montevideo,Uruguay,False,6361,False,6344,46,6
1967-06-28,Uruguay,Brazil,2,2,Copa Rio Branco,Montevideo,Uruguay,False,6364,False,6361,46,6
1967-07-01,Uruguay,Brazil,1,1,Copa Rio Branco,Montevideo,Uruguay,False,6367,False,6364,46,6
1967-08-01,Japan,South Korea,2,1,AFC Asian Cup qualification,Taipei,Taiwan,True,6398,False,6367,24,39
1967-08-22,Mexico,Argentina,2,1,Friendly,Mexico City,Mexico,False,6419,True,6398,26,1
1967-09-01,DR Congo,Ghana,0,2,Friendly,Kinshasa,Congo-Kinshasa,False,6429,True,6419,13,19
1967-09-03,Norway,Sweden,3,1,UEFA Euro qualification,Oslo,Norway,False,6431,False,6429,30,41
1967-09-27,Germany,France,5,1,Friendly,Berlin,Germany,False,6455,True,6431,18,17
1967-10-13,Paraguay,Argentina,1,1,Friendly,Asunción,Paraguay,False,6471,True,6455,32,1
1967-10-28,France,Belgium,1,1,UEFA Euro qualification,Nantes,France,False,6486,False,6471,17,4
1967-11-05,Australia,New Zealand,5,3,Vietnam Independence Cup,Saigon,Vietnam Republic,True,6494,False,6486,2,29
1967-11-05,Sweden,Norway,5,2,UEFA Euro qualification,Solna,Sweden,False,6494,False,6494,41,30
1967-11-12,Portugal,Norway,2,1,UEFA Euro qualification,Porto,Portugal,False,6501,False,6494,33,30
1967-11-14,Australia,South Korea,3,2,Vietnam Independence Cup,Saigon,Vietnam Republic,True,6503,False,6501,2,39
1967-11-26,Iran,Turkey,0,1,Friendly,Dhaka,Pakistan,True,6515,True,6503,21,44
1967-12-10,Saudi Arabia,Tunisia,4,0,Friendly,Riyadh,Saudi Arabia,False,6529,True,6515,35,43
1968-01-12,Ghana,Senegal,2,2,African Cup of Nations,Asmara,Ethiopia,True,6562,False,6529,19,37
1968-01-12,Algeria,Ivory Coast,0,3,African Cup of Nations,Addis Ababa,Ethiopia,True,6562,False,6562,0,23
1968-01-14,DR Congo,Ghana,1,2,African Cup of Nations,Asmara,Ethiopia,True,6564,False,6562,13,19
1968-01-16,DR Congo,Senegal,2,1,African Cup of Nations,Asmara,Ethiopia,True,6566,False,6564,13,37
1968-01-19,Ghana,Ivory Coast,4,3,African Cup of Nations,Asmara,Ethiopia,True,6569,False,6566,19,23
1968-01-21,DR Congo,Ghana,1,0,African Cup of Nations,Addis Ababa,Ethiopia,True,6571,False,6569,13,19
1968-02-24,Scotland,England,1,1,British Home Championship,Glasgow,Scotland,False,6605,False,6571,36,16
1968-02-28,Spain,Sweden,3,1,Friendly,Seville,Spain,False,6609,True,6605,40,41
1968-03-06,Belgium,Germany,1,3,Friendly,Brussels,Belgium,False,6616,True,6609,4,18
1968-03-13,Turkey,Tunisia,0,0,Friendly,İzmir,Turkey,False,6623,True,6616,44,43
1968-03-17,Morocco,Algeria,0,0,Friendly,Casablanca,Morocco,False,6627,True,6623,27,0
1968-03-26,Mexico,Japan,4,0,Friendly,Mexico City,Mexico,False,6636,True,6627,26,24
1968-03-30,Australia,Japan,2,2,Friendly,Sydney,Australia,False,6640,True,6636,2,24
1968-03-31,Australia,Japan,3,1,Friendly,Melbourne,Australia,False,6641,True,6640,2,24
1968-04-03,England,Spain,1,0,UEFA Euro qualification,London,England,False,6644,False,6641,16,40
1968-04-04,Australia,Japan,1,3,Friendly,Adelaide,Australia,False,6645,True,6644,2,24
1968-04-07,Netherlands,Belgium,1,2,Friendly,Amsterdam,Netherlands,False,6648,True,6645,28,4
1968-04-17,Switzerland,Germany,0,0,Friendly,Basel,Switzerland,False,6658,True,6648,42,18
1968-05-02,Sweden,Spain,1,1,Friendly,Malmö,Sweden,False,6673,True,6658,41,40
1968-05-08,Spain,England,1,2,UEFA Euro qualification,Madrid,Spain,False,6679,False,6673,40,16
1968-05-15,Paraguay,Argentina,2,0,Friendly,Asunción,Paraguay,False,6686,True,6679,32,1
1968-05-19,Ghana,Ivory Coast,2,1,Friendly,Accra,Ghana,False,6690,True,6686,19,23
1968-05-21,Mexico,Uruguay,3,3,Friendly,Mexico City,Mexico,False,6692,True,6690,26,46
1968-05-22,England,Sweden,3,1,Friendly,London,England,False,6693,True,6692,16,41
1968-05-28,Mexico,Uruguay,2,2,Friendly,Mexico City,Mexico,False,6699,True,6693,26,46
1968-05-30,Netherlands,Scotland,0,0,Friendly,Amsterdam,Netherlands,False,6701,True,6699,28,36
1968-06-01,Germany,England,1,0,Friendly,Hanover,Germany,False,6703,True,6701,18,16
1968-06-02,Paraguay,Uruguay,0,0,Copa Artigas,Asunción,Paraguay,False,6704,False,6703,32,46
1968-06-05,Argentina,Uruguay,2,0,Copa Lipton,Buenos Aires,Argentina,False,6707,False,6704,1,46
1968-06-09,Brazil,Uruguay,2,0,Copa Rio Branco,São Paulo,Brazil,False,6711,False,6707,6,46
1968-06-12,Brazil,Uruguay,4,0,Copa Rio Branco,Rio de Janeiro,Brazil,False,6714,False,6711,6,46
1968-06-16,Germany,Brazil,2,1,Friendly,Stuttgart,Germany,False,6718,True,6714,18,6
1968-06-20,Uruguay,Argentina,2,1,Copa Newton,Montevideo,Uruguay,False,6722,False,6718,46,1
1968-06-30,Portugal,Brazil,0,2,Friendly,Maputo,Mozambique,True,6732,True,6722,33,6
1968-07-07,Mexico,Brazil,0,2,Friendly,Mexico City,Mexico,False,6739,True,6732,26,6
1968-07-10,Mexico,Brazil,2,1,Friendly,Mexico City,Mexico,False,6742,True,6739,26,6
1968-07-25,Paraguay,Brazil,0,4,Copa Oswaldo Cruz,Asunción,Paraguay,False,6757,False,6742,32,6
1968-07-28,Paraguay,Brazil,1,0,Copa Oswaldo Cruz,Asunción,Paraguay,False,6760,False,6757,32,6
1968-08-07,Brazil,Argentina,4,1,Friendly,Rio de Janeiro,Brazil,False,6770,True,6760,6,1
1968-08-11,Brazil,Argentina,3,2,Friendly,Belo Horizonte,Brazil,False,6774,True,6770,6,1
1968-09-15,Norway,Sweden,1,1,Nordic Championship,Oslo,Norway,False,6809,False,6774,30,41
1968-09-22,Switzerland,Austria,1,0,Friendly,Bern,Switzerland,False,6816,True,6809,42,3
1968-09-25,France,Germany,1,1,Friendly,Marseille,France,False,6819,True,6816,17,18
1968-10-09,Sweden,Norway,5,0,FIFA World Cup qualification,Solna,Sweden,False,6833,False,6819,41,30
1968-10-13,Austria,Germany,0,2,FIFA World Cup qualification,Vienna,Austria,False,6837,False,6833,3,18
1968-10-13,Canada,United States,4,2,FIFA World Cup qualification,Toronto,Canada,False,6837,False,6837,7,45
1968-10-16,Colombia,Mexico,0,1,Friendly,Bogotá,Colombia,False,6840,True,6837,9,26
1968-10-17,France,Spain,1,3,Friendly,Lyon,France,False,6841,True,6840,17,40
1968-10-20,Haiti,United States,3,6,Friendly,Port-au-Prince,Haiti,False,6844,True,6841,20,45
1968-10-21,Haiti,United States,5,2,Friendly,Port-au-Prince,Haiti,False,6845,True,6844,20,45
1968-10-23,Haiti,United States,1,0,Friendly,Port-au-Prince,Haiti,False,6847,True,6845,20,45
1968-10-26,Uruguay,Mexico,0,2,Friendly,Montevideo,Uruguay,False,6850,True,6847,46,26
1968-10-26,United States,Canada,1,0,FIFA World Cup qualification,Atlanta,United States,False,6850,False,6850,45,7
1968-10-31,Brazil,Mexico,1,2,Friendly,Rio de Janeiro,Brazil,False,6855,True,6850,6,26
1968-11-03,Brazil,Mexico,2,1,Friendly,Belo Horizonte,Brazil,False,6858,True,6855,6,26
1968-11-03,Morocco,Senegal,1,0,FIFA World Cup qualification,Casablanca,Morocco,False,6858,False,6858,27,37
1968-11-06,France,Norway,0,1,FIFA World Cup qualification,Strasbourg,France,False,6861,False,6858,17,30
1968-11-06,Scotland,Austria,2,1,FIFA World Cup qualification,Glasgow,Scotland,False,6861,False,6861,36,3
1968-11-17,Algeria,Tunisia,1,2,FIFA World Cup qualification,Algiers,Algeria,False,6872,False,6861,0,43
1968-11-24,DR Congo,Tunisia,1,0,Friendly,Kinshasa,Congo-Kinshasa,False,6879,True,6872,13,43
1968-12-01,Ghana,Senegal,2,0,Friendly,Accra,Ghana,False,6886,True,6879,19,37
1968-12-11,Spain,Belgium,1,1,FIFA World Cup qualification,Madrid,Spain,False,6896,False,6886,40,4
1968-12-14,Brazil,Germany,2,2,Friendly,Rio de Janeiro,Brazil,False,6899,True,6896,6,18
1968-12-22,Mexico,Germany,0,0,Friendly,Mexico City,Mexico,False,6907,True,6899,26,18
1968-12-29,Tunisia,Algeria,0,0,FIFA World Cup qualification,Tunis,Tunisia,False,6914,False,6907,43,0
1969-01-05,Senegal,Morocco,2,1,FIFA World Cup qualification,Dakar,Senegal,False,6921,False,6914,37,27
1969-01-17,Saudi Arabia,Turkey,1,2,Friendly,Riyadh,Saudi Arabia,False,6933,True,6921,35,44
1969-01-26,DR Congo,Senegal,4,0,Friendly,Kinshasa,Congo-Kinshasa,False,6942,True,6933,13,37
1969-02-04,Mexico,Colombia,1,0,Friendly,León,Mexico,False,6951,True,6942,26,9
1969-02-13,Morocco,Senegal,2,0,FIFA World Cup qualification,Las Palmas,Spain,True,6960,False,6951,27,37
1969-02-23,Belgium,Spain,2,1,FIFA World Cup qualification,Liège,Belgium,False,6970,False,6960,4,40
1969-03-07,Iran,Iraq,2,1,Friendly,Tehran,Iran,False,6982,True,6970,21,22
1969-03-09,Algeria,Morocco,2,0,African Cup of Nations qualification,Algiers,Algeria,False,6984,False,6982,0,27
1969-03-12,England,France,5,0,Friendly,London,England,False,6987,True,6984,16,17
1969-03-19,Argentina,Paraguay,1,1,Friendly,Rosario,Argentina,False,6994,True,6987,1,32
1969-03-22,Morocco,Algeria,2,0,African Cup of Nations qualification,Agadir,Morocco,False,6997,False,6994,27,0
1969-03-26,Spain,Switzerland,1,0,Friendly,Valencia,Spain,False,7001,True,6997,40,42
1969-04-06,Portugal,Mexico,0,0,Friendly,Oeiras,Portugal,False,7012,True,7001,33,26
1969-04-09,Paraguay,Argentina,0,0,Friendly,Asunción,Paraguay,False,7015,True,7012,32,1
1969-04-16,Belgium,Mexico,2,0,Friendly,Brussels,Belgium,False,7022,True,7015,4,26
1969-04-16,Portugal,Switzerland,0,2,FIFA World Cup qualification,Lisbon,Portugal,False,7022,False,7022,33,42
1969-04-16,Scotland,Germany,1,1,FIFA World Cup qualification,Glasgow,Scotland,False,7022,False,7022,36,18
1969-04-20,Haiti,United States,2,0,FIFA World Cup qualification,Port-au-Prince,Haiti,False,7026,False,7022,20,45
1969-04-23,Spain,Mexico,0,0,Friendly,Seville,Spain,False,7029,True,7026,40,26
1969-04-27,Tunisia,Morocco,0,0,FIFA World Cup qualification,Tunis,Tunisia,False,7033,False,7029,43,27
1969-05-01,Sweden,Mexico,1,0,Friendly,Malmö,Sweden,False,7037,True,7033,41,26
1969-05-08,Norway,Mexico,0,2,Friendly,Oslo,Norway,False,7044,True,7037,30,26
1969-05-10,England,Scotland,4,1,British Home Championship,London,England,False,7046,False,7044,16,36
1969-05-10,Germany,Austria,1,0,FIFA World Cup qualification,Nuremberg,Germany,False,7046,False,7046,18,3
1969-05-11,United States,Haiti,0,1,FIFA World Cup qualification,San Diego,United States,False,7047,False,7046,45,20
1969-05-18,Morocco,Tunisia,0,0,FIFA World Cup qualification,Casablanca,Morocco,False,7054,False,7047,27,43
1969-06-01,Mexico,England,0,0,Friendly,Mexico City,Mexico,False,7068,True,7054,26,16
1969-06-01,Sweden,Norway,4,2,Nordic Championship,Gothenburg,Sweden,False,7068,False,7068,41,30
1969-06-03,Mexico,England,0,4,Friendly,Guadalajara,Mexico,False,7070,True,7068,26,16
1969-06-08,Uruguay,England,1,2,Friendly,Montevideo,Uruguay,False,7075,True,7070,46,16
1969-06-12,Brazil,England,2,1,Friendly,Rio de Janeiro,Brazil,False,7079,True,7075,6,16
1969-06-13,Tunisia,Morocco,2,2,FIFA World Cup qualification,Marseille,France,True,7080,False,7079,43,27
1969-06-19,Norway,Sweden,2,5,FIFA World Cup qualification,Oslo,Norway,False,7086,False,7080,30,41
1969-06-22,Ecuador,Colombia,4,1,Friendly,Guayaquil,Ecuador,False,7089,True,7086,14,9
1969-07-02,Colombia,Uruguay,0,1,Friendly,Cali,Colombia,False,7099,True,7089,9,46
1969-07-06,Ecuador,Uruguay,0,2,FIFA World Cup qualification,Guayaquil,Ecuador,False,7103,False,7099,14,46
1969-07-20,Uruguay,Ecuador,1,0,FIFA World Cup qualification,Montevideo,Uruguay,False,7117,False,7103,46,14
1969-08-06,Colombia,Brazil,0,2,FIFA World Cup qualification,Bogotá,Colombia,False,7134,False,7117,9,6
1969-08-10,Colombia,Paraguay,0,1,FIFA World Cup qualification,Bogotá,Colombia,False,7138,False,7134,9,32
1969-08-17,Paraguay,Brazil,0,3,FIFA World Cup qualification,Asunción,Paraguay,False,7145,False,7138,32,6
1969-08-21,Brazil,Colombia,6,2,FIFA World Cup qualification,Rio de Janeiro,Brazil,False,7149,False,7145,6,9
1969-08-24,Paraguay,Colombia,2,1,FIFA World Cup qualification,Asunción,Paraguay,False,7152,False,7149,32,9
1969-08-31,Brazil,Paraguay,1,0,FIFA World Cup qualification,Rio de Janeiro,Brazil,False,7159,False,7152,6,32
1969-09-10,Norway,France,1,3,FIFA World Cup qualification,Oslo,Norway,False,7169,False,7159,30,17
1969-09-17,Turkey,Iran,4,0,Friendly,Ankara,Turkey,False,7176,True,7169,44,21
1969-09-19,Egypt,Algeria,1,0,African Cup of Nations qualification,Cairo,Egypt,False,7178,False,7176,15,0
1969-09-21,Austria,Germany,1,1,Friendly,Vienna,Austria,False,7180,True,7178,3,18
1969-09-24,Turkey,Switzerland,3,0,Friendly,Istanbul,Turkey,False,7183,True,7180,44,42
1969-09-28,Algeria,Egypt,1,1,African Cup of Nations qualification,Algiers,Algeria,False,7187,False,7183,0,15
1969-10-10,Japan,Australia,1,3,FIFA World Cup qualification,Seoul,South Korea,True,7199,False,7187,24,2
1969-10-12,South Korea,Japan,2,2,FIFA World Cup qualification,Seoul,South Korea,False,7201,False,7199,39,24
1969-10-14,South Korea,Australia,1,2,FIFA World Cup qualification,Seoul,South Korea,False,7203,False,7201,39,2
1969-10-15,Sweden,France,2,0,FIFA World Cup qualification,Solna,Sweden,False,7204,False,7203,41,17
1969-10-16,Australia,Japan,1,1,FIFA World Cup qualification,Seoul,South Korea,True,7205,False,7204,2,24
1969-10-18,South Korea,Japan,2,0,FIFA World Cup qualification,Seoul,South Korea,False,7207,False,7205,39,24
1969-10-20,South Korea,Australia,1,1,FIFA World Cup qualification,Seoul,South Korea,False,7209,False,7207,39,2
1969-10-22,Germany,Scotland,3,2,FIFA World Cup qualification,Hamburg,Germany,False,7211,False,7209,18,36
1969-10-30,Algeria,Morocco,1,0,Friendly,Algiers,Algeria,False,7219,True,7211,0,27
1969-11-01,France,Sweden,3,0,FIFA World Cup qualification,Paris,France,False,7221,False,7219,17,41
1969-11-02,Switzerland,Portugal,1,1,FIFA World Cup qualification,Bern,Switzerland,False,7222,False,7221,42,33
1969-11-05,Netherlands,England,0,1,Friendly,Amsterdam,Netherlands,False,7225,True,7222,28,16
1969-11-05,Mexico,Belgium,1,0,Friendly,Mexico City,Mexico,False,7225,True,7225,26,4
1969-11-05,Austria,Scotland,2,0,FIFA World Cup qualification,Vienna,Austria,False,7225,False,7225,3,36
1969-11-09,Ivory Coast,Morocco,1,0,Friendly,Abidjan,Ivory Coast,False,7229,True,7225,23,27
1969-11-11,Mexico,Norway,4,0,Friendly,Mexico City,Mexico,False,7231,True,7229,26,30
1969-12-04,Mexico,Curaçao,2,2,CONCACAF Championship,San José,Costa Rica,True,7254,False,7231,26,11
1969-12-10,England,Portugal,1,0,Friendly,London,England,False,7260,True,7254,16,33
1970-01-14,England,Netherlands,0,0,Friendly,London,England,False,7295,True,7260,16,28
1970-02-07,DR Congo,Ghana,0,2,African Cup of Nations,Wad Madani,Sudan,True,7319,False,7295,13,19
1970-02-09,Egypt,Ghana,1,1,African Cup of Nations,Wad Madani,Sudan,True,7321,False,7319,15,19
1970-02-11,Spain,Germany,2,0,Friendly,Seville,Spain,False,7323,True,7321,40,18
1970-02-11,DR Congo,Egypt,0,1,African Cup of Nations,Wad Madani,Sudan,True,7323,False,7323,13,15
1970-02-14,Ghana,Ivory Coast,2,1,African Cup of Nations,Khartoum,Sudan,True,7326,False,7323,19,23
1970-02-16,Egypt,Ivory Coast,3,1,African Cup of Nations,Khartoum,Sudan,True,7328,False,7326,15,23
1970-02-22,Mexico,Sweden,0,0,Friendly,Mexico City,Mexico,False,7334,True,7328,26,41
1970-02-25,Belgium,England,1,3,Friendly,Brussels,Belgium,False,7337,True,7334,4,16
1970-03-01,Mexico,Sweden,0,1,Friendly,Puebla,Mexico,False,7341,True,7337,26,41
1970-03-04,Brazil,Argentina,0,2,Friendly,Porto Alegre,Brazil,False,7344,True,7341,6,1
1970-03-08,Brazil,Argentina,2,1,Friendly,Rio de Janeiro,Brazil,False,7348,True,7344,6,1
1970-04-02,Saudi Arabia,Qatar,1,1,Gulf Cup,Isa Town,Bahrain,True,7373,False,7348,35,34
1970-04-08,Argentina,Uruguay,2,1,Friendly,Buenos Aires,Argentina,False,7379,True,7373,1,46
1970-04-12,Brazil,Paraguay,0,0,Friendly,Rio de Janeiro,Brazil,False,7383,True,7379,6,32
1970-04-15,Uruguay,Argentina,2,1,Friendly,Montevideo,Uruguay,False,7386,True,7383,46,1
1970-04-15,Ghana,Ivory Coast,3,0,Friendly,Accra,Ghana,False,7386,True,7386,19,23
1970-04-19,Ghana,Ivory Coast,1,1,Friendly,Accra,Ghana,False,7390,True,7386,19,23
1970-04-22,Switzerland,Spain,0,1,Friendly,Lausanne,Switzerland,False,7393,True,7390,42,40
1970-04-25,Scotland,England,0,0,British Home Championship,Glasgow,Scotland,False,7396,False,7393,36,16
1970-04-29,Brazil,Austria,1,0,Friendly,Rio de Janeiro,Brazil,False,7400,True,7396,6,3
1970-04-29,Mexico,Ecuador,4,2,Friendly,León,Mexico,False,7400,True,7400,26,14
1970-05-03,Switzerland,France,2,1,Friendly,Basel,Switzerland,False,7404,True,7400,42,17
1970-05-20,Colombia,England,0,4,Friendly,Bogotá,Colombia,False,7421,True,7404,9,16
1970-05-24,Ecuador,England,0,2,Friendly,Quito,Ecuador,False,7425,True,7421,14,16
1970-06-03,Germany,Morocco,2,1,FIFA World Cup,León,Mexico,True,7435,False,7425,18,27
1970-06-07,Brazil,England,1,0,FIFA World Cup,Guadalajara,Mexico,True,7439,False,7435,6,16
1970-06-10,Sweden,Uruguay,1,0,FIFA World Cup,Puebla,Mexico,True,7442,False,7439,41,46
1970-06-11,Mexico,Belgium,1,0,FIFA World Cup,Mexico City,Mexico,False,7443,False,7442,26,4
1970-06-14,England,Germany,2,3,FIFA World Cup,León,Mexico,True,7446,False,7443,16,18
1970-06-17,Brazil,Uruguay,3,1,FIFA World Cup,Guadalajara,Mexico,True,7449,False,7446,6,46
1970-06-20,Germany,Uruguay,1,0,FIFA World Cup,Mexico City,Mexico,True,7452,False,7449,18,46
1970-08-02,Japan,South Korea,1,1,Merdeka Tournament,Kuala Lumpur,Malaysia,True,7495,False,7452,24,39
1970-09-11,Iran,Turkey,1,1,Friendly,Tehran,Iran,False,7535,True,7495,21,44
1970-09-30,Brazil,Mexico,2,1,Friendly,Rio de Janeiro,Brazil,False,7554,True,7535,6,26
1970-10-07,Austria,France,1,0,Friendly,Vienna,Austria,False,7561,True,7554,3,17
1970-10-17,Germany,Turkey,1,1,UEFA Euro qualification,Cologne,Germany,False,7571,False,7561,18,44
1970-10-18,Ivory Coast,Senegal,0,1,Friendly,Abidjan,Ivory Coast,False,7572,True,7571,23,37
1970-10-22,Paraguay,Argentina,1,1,Friendly,Asunción,Paraguay,False,7576,True,7572,32,1
1970-11-04,Iran,Australia,1,2,Friendly,Tehran,Iran,False,7589,True,7576,21,2
1970-11-11,France,Norway,3,1,UEFA Euro qualification,Lyon,France,False,7596,False,7589,17,30
1970-11-15,Belgium,France,1,2,Friendly,Brussels,Belgium,False,7600,True,7596,4,17
1970-12-10,Algeria,Morocco,3,1,African Cup of Nations qualification,Algiers,Algeria,False,7625,False,7600,0,27
1970-12-11,Iran,South Korea,0,1,Asian Games,Bangkok,Thailand,True,7626,False,7625,21,39
1970-12-18,Japan,South Korea,1,2,Asian Games,Bangkok,Thailand,True,7633,False,7626,24,39
1970-12-27,Morocco,Algeria,3,0,African Cup of Nations qualification,Casablanca,Morocco,False,7642,False,7633,27,0
1971-01-08,Argentina,France,3,4,Friendly,Buenos Aires,Argentina,False,7654,True,7642,1,17
1971-01-10,Ghana,DR Congo,1,1,Friendly,Accra,Ghana,False,7656,True,7654,19,13
1971-01-13,Argentina,France,2,0,Friendly,Mar del Plata,Argentina,False,7659,True,7656,1,17
1971-02-03,Belgium,Scotland,3,0,UEFA Euro qualification,Liège,Belgium,False,7680,False,7659,4,36
1971-02-17,Belgium,Portugal,3,0,UEFA Euro qualification,Brussels,Belgium,False,7694,False,7680,4,33
1971-03-17,Spain,France,2,2,Friendly,Valencia,Spain,False,7722,True,7694,40,17
1971-04-21,Portugal,Scotland,2,0,UEFA Euro qualification,Lisbon,Portugal,False,7757,False,7722,33,36
1971-04-25,Turkey,Germany,0,3,UEFA Euro qualification,Istanbul,Turkey,False,7761,False,7757,44,18
1971-05-02,Ivory Coast,Ghana,2,6,Friendly,Abidjan,Ivory Coast,False,7768,True,7761,23,19
1971-05-22,England,Scotland,3,1,British Home Championship,London,England,False,7788,False,7768,16,36
1971-05-26,Sweden,Austria,1,0,UEFA Euro qualification,Solna,Sweden,False,7792,False,7788,41,3
1971-06-22,Norway,Germany,1,7,Friendly,Oslo,Norway,False,7819,True,7792,30,18
1971-06-27,Sweden,Germany,1,0,Friendly,Gothenburg,Sweden,False,7824,True,7819,41,18
1971-07-04,Paraguay,Argentina,1,1,Copa Chevallier Boutell,Asunción,Paraguay,False,7831,False,7824,32,1
1971-07-09,Argentina,Paraguay,1,0,Copa Chevallier Boutell,Rosario,Argentina,False,7836,False,7831,1,32
1971-07-11,Brazil,Austria,1,1,Friendly,São Paulo,Brazil,False,7838,True,7836,6,3
1971-07-14,Argentina,Uruguay,1,0,Friendly,Buenos Aires,Argentina,False,7841,True,7838,1,46
1971-07-18,Uruguay,Argentina,1,1,Friendly,Montevideo,Uruguay,False,7845,True,7841,46,1
1971-07-24,Brazil,Paraguay,1,0,Friendly,Rio de Janeiro,Brazil,False,7851,True,7845,6,32
1971-07-28,Argentina,Brazil,1,1,Copa Roca,Buenos Aires,Argentina,False,7855,False,7851,1,6
1971-07-31,Argentina,Brazil,2,2,Copa Roca,Buenos Aires,Argentina,False,7858,False,7855,1,6
1971-08-08,Sweden,Norway,3,0,Nordic Championship,Malmö,Sweden,False,7866,False,7858,41,30
1971-09-04,Austria,Sweden,1,0,UEFA Euro qualification,Vienna,Austria,False,7893,False,7866,3,41
1971-09-08,Germany,Mexico,5,0,Friendly,Hanover,Germany,False,7897,True,7893,18,26
1971-09-08,Norway,France,1,3,UEFA Euro qualification,Oslo,Norway,False,7897,False,7897,30,17
1971-09-10,South Korea,Iran,2,0,Friendly,Seoul,South Korea,False,7899,True,7897,39,21
1971-09-12,South Korea,Iran,0,2,Friendly,Seoul,South Korea,False,7901,True,7899,39,21
1971-09-26,Switzerland,Turkey,4,0,Friendly,Zürich,Switzerland,False,7915,True,7901,42,44
1971-10-13,Switzerland,England,2,3,UEFA Euro qualification,Basel,Switzerland,False,7932,False,7915,42,16
1971-10-13,Scotland,Portugal,2,1,UEFA Euro qualification,Glasgow,Scotland,False,7932,False,7932,36,33
1971-10-13,Morocco,Egypt,3,0,African Cup of Nations qualification,Casablanca,Morocco,False,7932,False,7932,27,15
1971-10-27,Egypt,Morocco,3,2,African Cup of Nations qualification,Cairo,Egypt,False,7946,False,7932,15,27
1971-11-10,England,Switzerland,1,1,UEFA Euro qualification,London,England,False,7960,False,7946,16,42
1971-11-10,Scotland,Belgium,1,0,UEFA Euro qualification,Aberdeen,Scotland,False,7960,False,7960,36,4
1971-11-21,Haiti,Mexico,0,0,CONCACAF Championship,San Fernando,Trinidad and Tobago,True,7971,False,7960,20,26
1971-11-21,Portugal,Belgium,1,1,UEFA Euro qualification,Lisbon,Portugal,False,7971,False,7971,33,4
1971-12-01,Netherlands,Scotland,2,1,Friendly,Amsterdam,Netherlands,False,7981,True,7971,28,36
1971-12-18,Iraq,Jordan,2,0,AFC Asian Cup qualification,Kuwait City,Kuwait,True,7998,False,7981,22,25
1972-01-01,Iraq,Egypt,0,0,Palestine Cup,Baghdad,Iraq,False,8012,False,7998,22,15
1972-01-04,Algeria,Qatar,3,0,Palestine Cup,Baghdad,Iraq,True,8015,False,8012,0,34
1972-01-12,Iraq,Algeria,3,1,Palestine Cup,Baghdad,Iraq,False,8023,False,8015,22,0
1972-01-14,Iraq,Egypt,1,3,Palestine Cup,Baghdad,Iraq,False,8025,False,8023,22,15
1972-02-17,Senegal,Morocco,1,3,Friendly,Dakar,Senegal,False,8059,True,8025,37,27
1972-02-20,Tunisia,Austria,3,3,Friendly,Tunis,Tunisia,False,8062,True,8059,43,3
1972-02-29,Morocco,DR Congo,1,1,African Cup of Nations,Douala,Cameroon,True,8071,False,8062,27,13
1972-03-24,Saudi Arabia,Qatar,4,0,Gulf Cup,Riyadh,Saudi Arabia,False,8095,False,8071,35,34
1972-04-19,Ghana,Ivory Coast,1,2,Friendly,Accra,Ghana,False,8121,True,8095,19,23
1972-04-26,Switzerland,Sweden,1,1,Friendly,Geneva,Switzerland,False,8128,True,8121,42,41
1972-04-26,Brazil,Paraguay,3,2,Friendly,Porto Alegre,Brazil,False,8128,True,8128,6,32
1972-04-29,England,Germany,1,3,UEFA Euro qualification,London,England,False,8131,False,8128,16,18
1972-05-07,South Korea,Iraq,0,0,AFC Asian Cup,Bangkok,Thailand,True,8139,False,8131,39,22
1972-05-09,Iran,Iraq,3,0,AFC Asian Cup,Bangkok,Thailand,True,8141,False,8139,21,22
1972-05-13,Germany,England,0,0,UEFA Euro qualification,Berlin,Germany,False,8145,False,8141,18,16
1972-05-19,Iran,South Korea,2,1,AFC Asian Cup,Bangkok,Thailand,True,8151,False,8145,21,39
1972-05-23,Spain,Uruguay,2,0,Friendly,Madrid,Spain,False,8155,True,8151,40,46
1972-05-25,Argentina,Paraguay,0,0,Friendly,Salta,Argentina,False,8157,True,8155,1,32
1972-05-27,Scotland,England,0,1,British Home Championship,Glasgow,Scotland,False,8159,False,8157,36,16
1972-06-05,Tunisia,Algeria,3,1,Friendly,Tunis,Tunisia,False,8168,True,8159,43,0
1972-06-10,Austria,Sweden,2,0,FIFA World Cup qualification,Vienna,Austria,False,8173,False,8168,3,41
1972-06-11,Ecuador,Portugal,0,3,Brazil Independence Cup,Natal,Brazil,True,8174,False,8173,14,33
1972-06-14,Norway,Uruguay,0,1,Friendly,Oslo,Norway,False,8177,True,8174,30,46
1972-06-14,Belgium,Germany,1,2,UEFA Euro,Antwerp,Belgium,False,8177,False,8177,4,18
1972-06-14,Iran,Portugal,0,3,Brazil Independence Cup,Recife,Brazil,True,8177,False,8177,21,33
1972-06-18,Colombia,France,2,3,Brazil Independence Cup,Salvador,Brazil,True,8181,False,8177,9,17
1972-06-21,Ecuador,Iran,1,1,Brazil Independence Cup,Recife,Brazil,True,8184,False,8181,14,21
1972-06-22,Argentina,Colombia,4,1,Brazil Independence Cup,Salvador,Brazil,True,8185,False,8184,1,9
1972-06-25,Argentina,France,0,0,Brazil Independence Cup,Salvador,Brazil,True,8188,False,8185,1,17
1972-06-29,Argentina,Portugal,1,3,Brazil Independence Cup,Rio de Janeiro,Brazil,True,8192,False,8188,1,33
1972-07-02,Portugal,Uruguay,1,1,Brazil Independence Cup,Rio de Janeiro,Brazil,True,8195,False,8192,33,46
1972-07-05,Brazil,Scotland,1,0,Brazil Independence Cup,Rio de Janeiro,Brazil,False,8198,False,8195,6,36
1972-07-06,Argentina,Uruguay,1,0,Brazil Independence Cup,Porto Alegre,Brazil,True,8199,False,8198,1,46
1972-07-09,Brazil,Portugal,1,0,Brazil Independence Cup,Rio de Janeiro,Brazil,False,8202,False,8199,6,33
1972-07-26,Japan,South Korea,0,3,Merdeka Tournament,Kuala Lumpur,Malaysia,True,8219,False,8202,24,39
1972-08-20,Canada,United States,3,2,CONCACAF Championship qualification,St. John's,Canada,False,8244,False,8219,7,45
1972-08-24,Canada,Mexico,0,1,CONCACAF Championship qualification,Toronto,Canada,False,8248,False,8244,7,26
1972-08-29,United States,Canada,2,2,CONCACAF Championship qualification,Baltimore,United States,False,8253,False,8248,45,7
1972-09-03,Mexico,United States,3,1,CONCACAF Championship qualification,Mexico City,Mexico,False,8258,False,8253,26,45
1972-09-06,Mexico,Canada,2,1,CONCACAF Championship qualification,Mexico City,Mexico,False,8261,False,8258,26,7
1972-09-10,United States,Mexico,1,2,CONCACAF Championship qualification,Los Angeles,United States,False,8265,False,8261,45,26
1972-09-14,Japan,South Korea,2,2,Friendly,Tokyo,Japan,False,8269,True,8265,24,39
1972-09-17,Norway,Sweden,1,3,Nordic Championship,Oslo,Norway,False,8272,False,8269,30,41
1972-10-04,Algeria,Turkey,1,0,Friendly,Algiers,Algeria,False,8289,True,8272,0,44
1972-10-04,Norway,Belgium,0,2,FIFA World Cup qualification,Oslo,Norway,False,8289,False,8289,30,4
1972-10-09,Australia,New Zealand,3,1,Friendly,Jakarta,Indonesia,True,8294,True,8289,2,29
1972-10-11,Spain,Argentina,1,0,Friendly,Madrid,Spain,False,8296,True,8294,40,1
1972-10-22,South Korea,Australia,1,1,Friendly,Seoul,South Korea,False,8307,True,8296,39,2
1972-10-24,South Korea,Australia,0,2,Friendly,Seoul,South Korea,False,8309,True,8307,39,2
1972-11-15,Germany,Switzerland,5,1,Friendly,Düsseldorf,Germany,False,8331,True,8309,18,42
1972-11-16,Tunisia,Algeria,1,2,Friendly,Tunis,Tunisia,False,8332,True,8331,43,0
1972-11-19,Belgium,Netherlands,0,0,FIFA World Cup qualification,Antwerp,Belgium,False,8335,False,8332,4,28
1972-11-19,Morocco,Senegal,0,0,FIFA World Cup qualification,Rabat,Morocco,False,8335,False,8335,27,37
1972-12-03,Senegal,Morocco,1,2,FIFA World Cup qualification,Dakar,Senegal,False,8349,False,8335,37,27
1972-12-08,Egypt,Tunisia,2,1,FIFA World Cup qualification,Cairo,Egypt,False,8354,False,8349,15,43
1972-12-14,Haiti,Curaçao,3,0,Friendly,Port-au-Prince,Haiti,False,8360,True,8354,20,11
1972-12-17,Haiti,Curaçao,4,1,Friendly,Port-au-Prince,Haiti,False,8363,True,8360,20,11
1972-12-17,Tunisia,Egypt,2,0,FIFA World Cup qualification,Tunis,Tunisia,False,8363,False,8363,43,15
1973-01-12,Ghana,Algeria,2,0,All-African Games,Lagos,Nigeria,True,8389,False,8363,19,0
1973-01-16,Egypt,Ghana,2,1,All-African Games,Lagos,Nigeria,True,8393,False,8389,15,19
1973-02-06,Mexico,Argentina,2,0,Friendly,Mexico City,Mexico,False,8414,True,8393,26,1
1973-02-11,Tunisia,Ivory Coast,1,1,FIFA World Cup qualification,Tunis,Tunisia,False,8419,False,8414,43,23
1973-02-14,Turkey,Algeria,4,0,Friendly,İzmir,Turkey,False,8422,True,8419,44,0
1973-02-14,Scotland,England,0,5,Friendly,Glasgow,Scotland,False,8422,True,8422,36,16
1973-02-14,Germany,Argentina,2,3,Friendly,Munich,Germany,False,8422,True,8422,18,1
1973-02-17,Morocco,Senegal,3,1,Friendly,Casablanca,Morocco,False,8425,True,8422,27,37
1973-02-25,Ivory Coast,Tunisia,2,1,FIFA World Cup qualification,Abidjan,Ivory Coast,False,8433,False,8425,23,43
1973-03-03,France,Portugal,1,2,Friendly,Paris,France,False,8439,True,8433,17,33
1973-03-04,New Zealand,Australia,1,1,FIFA World Cup qualification,Auckland,New Zealand,False,8440,False,8439,29,2
1973-03-11,Australia,Iraq,3,1,FIFA World Cup qualification,Sydney,Australia,False,8447,False,8440,2,22
1973-03-13,Iraq,New Zealand,2,0,FIFA World Cup qualification,Sydney,Australia,True,8449,False,8447,22,29
1973-03-16,Australia,New Zealand,3,3,FIFA World Cup qualification,Sydney,Australia,False,8452,False,8449,2,29
1973-03-18,Australia,Iraq,0,0,FIFA World Cup qualification,Melbourne,Australia,False,8454,False,8452,2,22
1973-03-24,Iraq,New Zealand,4,0,FIFA World Cup qualification,Sydney,Australia,True,8460,False,8454,22,29
1973-03-28,Austria,Netherlands,1,0,Friendly,Vienna,Austria,False,8464,True,8460,3,28
1973-04-08,Ghana,Senegal,3,2,African Cup of Nations qualification,Accra,Ghana,False,8475,False,8464,19,37
1973-04-21,Senegal,Ghana,1,0,African Cup of Nations qualification,Dakar,Senegal,False,8488,False,8475,37,19
1973-05-02,Netherlands,Spain,3,2,Friendly,Amsterdam,Netherlands,False,8499,True,8488,28,40
1973-05-09,Switzerland,Turkey,0,0,FIFA World Cup qualification,Basel,Switzerland,False,8506,False,8499,42,44
1973-05-12,Haiti,Ecuador,1,2,Friendly,Port-au-Prince,Haiti,False,8509,True,8506,20,14
1973-05-15,Haiti,Ecuador,1,0,Friendly,Port-au-Prince,Haiti,False,8512,True,8509,20,14
1973-05-17,Argentina,Uruguay,1,1,Copa Lipton,Buenos Aires,Argentina,False,8514,False,8512,1,46
1973-05-19,England,Scotland,1,0,British Home Championship,London,England,False,8516,False,8514,16,36
1973-05-20,Ivory Coast,Morocco,1,1,FIFA World Cup qualification,Abidjan,Ivory Coast,False,8517,False,8516,23,27
1973-05-23,Sweden,Austria,3,2,FIFA World Cup qualification,Gothenburg,Sweden,False,8520,False,8517,41,3
1973-05-23,Uruguay,Argentina,1,1,Copa Newton,Montevideo,Uruguay,False,8520,False,8520,46,1
1973-05-27,Haiti,Colombia,1,2,Friendly,Port-au-Prince,Haiti,False,8524,True,8520,20,9
1973-05-29,Haiti,Colombia,2,1,Friendly,Port-au-Prince,Haiti,False,8526,True,8524,20,9
1973-06-03,Algeria,Brazil,0,2,Friendly,Algiers,Algeria,False,8531,True,8526,0,6
1973-06-03,Morocco,Ivory Coast,4,1,FIFA World Cup qualification,Tétouan,Morocco,False,8531,False,8531,27,23
1973-06-06,Haiti,Uruguay,0,0,Friendly,Port-au-Prince,Haiti,False,8534,True,8531,20,46
1973-06-06,Tunisia,Brazil,1,4,Friendly,Tunis,Tunisia,False,8534,True,8534,43,6
1973-06-13,Austria,Brazil,1,1,Friendly,Vienna,Austria,False,8541,True,8534,3,6
1973-06-16,Germany,Brazil,0,1,Friendly,Berlin,Germany,False,8544,True,8541,18,6
1973-06-21,Colombia,Ecuador,1,1,FIFA World Cup qualification,Bogotá,Colombia,False,8549,False,8544,9,14
1973-06-22,Switzerland,Scotland,1,0,Friendly,Bern,Switzerland,False,8550,True,8549,42,36
1973-06-23,South Korea,Japan,2,0,Friendly,Seoul,South Korea,False,8551,True,8550,39,24
1973-06-24,Colombia,Uruguay,0,0,FIFA World Cup qualification,Bogotá,Colombia,False,8552,False,8551,9,46
1973-06-25,Sweden,Brazil,1,0,Friendly,Solna,Sweden,False,8553,True,8552,41,6
1973-06-28,Ecuador,Colombia,1,1,FIFA World Cup qualification,Guayaquil,Ecuador,False,8556,False,8553,14,9
1973-06-30,Scotland,Brazil,0,1,Friendly,Glasgow,Scotland,False,8558,True,8556,36,6
1973-07-01,Ecuador,Uruguay,1,2,FIFA World Cup qualification,Quito,Ecuador,False,8559,False,8558,14,46
1973-07-05,Uruguay,Colombia,0,1,FIFA World Cup qualification,Montevideo,Uruguay,False,8563,False,8559,46,9
1973-07-08,Uruguay,Ecuador,4,0,FIFA World Cup qualification,Montevideo,Uruguay,False,8566,False,8563,46,14
1973-07-15,Ghana,Ivory Coast,0,3,African Cup of Nations qualification,Accra,Ghana,False,8573,False,8566,19,23
1973-07-29,Ivory Coast,Ghana,1,0,African Cup of Nations qualification,Abidjan,Ivory Coast,False,8587,False,8573,23,19
1973-08-05,Ghana,DR Congo,1,0,FIFA World Cup qualification,Accra,Ghana,False,8594,False,8587,19,13
1973-08-05,Canada,United States,0,2,Friendly,Windsor,Canada,False,8594,True,8594,7,45
1973-08-12,New Zealand,Iran,0,0,Friendly,Auckland,New Zealand,False,8601,True,8594,29,21
1973-08-15,Algeria,Iraq,0,0,Palestine Cup,Benghazi,Libya,True,8604,False,8601,0,22
1973-08-15,Egypt,Tunisia,0,1,Palestine Cup,Tripoli,Libya,True,8604,False,8604,15,43
1973-08-18,Australia,Iran,3,0,FIFA World Cup qualification,Sydney,Australia,False,8607,False,8604,2,21
1973-08-19,DR Congo,Ghana,4,1,FIFA World Cup qualification,Kinshasa,Zaïre,False,8608,False,8607,13,19
1973-08-23,Iraq,Tunisia,0,2,Palestine Cup,Tripoli,Libya,True,8612,False,8608,22,43
1973-08-24,Iran,Australia,2,0,FIFA World Cup qualification,Tehran,Iran,False,8613,False,8612,21,2
1973-08-25,Algeria,Iraq,0,0,Palestine Cup,Tripoli,Libya,True,8614,False,8613,0,22
1973-09-12,Norway,Netherlands,1,2,FIFA World Cup qualification,Oslo,Norway,False,8632,False,8614,30,28
1973-09-16,Paraguay,Argentina,1,1,FIFA World Cup qualification,Asunción,Paraguay,False,8636,False,8632,32,1
1973-09-26,England,Austria,7,0,Friendly,London,England,False,8646,True,8636,16,3
1973-10-07,Argentina,Paraguay,3,1,FIFA World Cup qualification,Buenos Aires,Argentina,False,8657,False,8646,1,32
1973-10-10,Germany,Austria,4,0,Friendly,Hanover,Germany,False,8660,True,8657,18,3
1973-10-13,Germany,France,2,1,Friendly,Gelsenkirchen,Germany,False,8663,True,8660,18,17
1973-10-16,Mexico,United States,2,0,Friendly,Mexico City,Mexico,False,8666,True,8663,26,45
1973-10-17,Turkey,Spain,0,0,Friendly,Istanbul,Turkey,False,8667,True,8666,44,40
1973-10-28,Australia,South Korea,0,0,FIFA World Cup qualification,Sydney,Australia,False,8678,False,8667,2,39
1973-10-31,Algeria,Morocco,2,0,Friendly,Algiers,Algeria,False,8681,True,8678,0,27
1973-10-31,Belgium,Norway,2,0,FIFA World Cup qualification,Brussels,Belgium,False,8681,False,8681,4,30
1973-11-03,Haiti,United States,1,0,Friendly,Port-au-Prince,Haiti,False,8684,True,8681,20,45
1973-11-05,Haiti,United States,1,0,Friendly,Port-au-Prince,Haiti,False,8686,True,8684,20,45
1973-11-10,Haiti,Canada,5,1,Friendly,Port-au-Prince,Haiti,False,8691,True,8686,20,7
1973-11-10,South Korea,Australia,2,2,FIFA World Cup qualification,Seoul,South Korea,False,8691,False,8691,39,2
1973-11-12,Haiti,Canada,0,1,Friendly,Port-au-Prince,Haiti,False,8693,True,8691,20,7
1973-11-13,Australia,South Korea,1,0,FIFA World Cup qualification,So Kon Po,Hong Kong,True,8694,False,8693,2,39
1973-11-14,Scotland,Germany,1,1,Friendly,Glasgow,Scotland,False,8695,True,8694,36,18
1973-11-18,Turkey,Switzerland,2,0,FIFA World Cup qualification,İzmir,Turkey,False,8699,False,8695,44,42
1973-11-18,Netherlands,Belgium,0,0,FIFA World Cup qualification,Amsterdam,Netherlands,False,8699,False,8699,28,4
1973-11-24,Germany,Spain,2,1,Friendly,Stuttgart,Germany,False,8705,True,8699,18,40
1973-11-27,Austria,Sweden,1,2,FIFA World Cup qualification,Gelsenkirchen,Germany,True,8708,False,8705,3,41
1973-12-01,Haiti,Curaçao,3,0,CONCACAF Championship,Port-au-Prince,Haiti,False,8712,False,8708,20,11
1973-12-08,Mexico,Curaçao,8,0,CONCACAF Championship,Port-au-Prince,Haiti,True,8719,False,8712,26,11
1973-12-09,DR Congo,Morocco,3,0,FIFA World Cup qualification,Kinshasa,Zaïre,False,8720,False,8719,13,27
1973-12-18,Haiti,Mexico,0,1,CONCACAF Championship,Port-au-Prince,Haiti,False,8729,False,8720,20,26
1974-01-20,Iran,Turkey,0,1,Friendly,Karachi,Pakistan,True,8762,True,8729,21,44
1974-02-22,Iraq,Morocco,0,0,Friendly,Baghdad,Iraq,False,8795,True,8762,22,27
1974-02-23,Spain,Germany,1,0,Friendly,Barcelona,Spain,False,8796,True,8795,40,18
1974-02-24,Iraq,Morocco,0,0,Friendly,Baghdad,Iraq,False,8797,True,8796,22,27
1974-02-27,Qatar,Morocco,0,1,Friendly,Doha,Qatar,False,8800,True,8797,34,27
1974-03-06,Egypt,Ivory Coast,2,0,African Cup of Nations,Cairo,Egypt,False,8807,False,8800,15,23
1974-03-06,Saudi Arabia,Morocco,0,0,Friendly,Riyadh,Saudi Arabia,False,8807,True,8807,35,27
1974-03-09,Egypt,DR Congo,2,3,African Cup of Nations,Cairo,Egypt,False,8810,False,8807,15,13
1974-03-16,Qatar,Saudi Arabia,0,2,Gulf Cup,Kuwait City,Kuwait,True,8817,False,8810,34,35
1974-03-23,Haiti,Uruguay,0,1,Friendly,Port-au-Prince,Haiti,False,8824,True,8817,20,46
1974-03-25,Haiti,Uruguay,0,0,Friendly,Port-au-Prince,Haiti,False,8826,True,8824,20,46
1974-03-26,Qatar,Saudi Arabia,1,3,Gulf Cup,Kuwait City,Kuwait,True,8827,False,8826,34,35
1974-03-27,Germany,Scotland,2,1,Friendly,Frankfurt,Germany,False,8828,True,8827,18,36
1974-03-27,Netherlands,Austria,1,1,Friendly,Rotterdam,Netherlands,False,8828,True,8828,28,3
1974-03-31,Brazil,Mexico,1,1,Friendly,Rio de Janeiro,Brazil,False,8832,True,8828,6,26
1974-04-03,Portugal,England,0,0,Friendly,Lisbon,Portugal,False,8835,True,8832,33,16
1974-04-07,Morocco,Algeria,2,0,Friendly,Casablanca,Morocco,False,8839,True,8835,27,0
1974-04-21,Brazil,Haiti,4,0,Friendly,Brasília,Brazil,False,8853,True,8839,6,20
1974-05-01,Brazil,Austria,0,0,Friendly,São Paulo,Brazil,False,8863,True,8853,6,3
1974-05-01,Germany,Sweden,2,0,Friendly,Hamburg,Germany,False,8863,True,8863,18,41
1974-05-01,Switzerland,Belgium,0,1,Friendly,Geneva,Switzerland,False,8863,True,8863,42,4
1974-05-12,Brazil,Paraguay,2,0,Friendly,Rio de Janeiro,Brazil,False,8874,True,8863,6,32
1974-05-18,Scotland,England,2,0,British Home Championship,Glasgow,Scotland,False,8880,False,8874,36,16
1974-05-18,France,Argentina,0,1,Friendly,Paris,France,False,8880,True,8880,17,1
1974-05-22,England,Argentina,2,2,Friendly,London,England,False,8884,True,8880,16,1
1974-05-26,Netherlands,Argentina,4,1,Friendly,Amsterdam,Netherlands,False,8888,True,8884,28,1
1974-06-01,Belgium,Scotland,2,1,Friendly,Bruges,Belgium,False,8894,True,8888,4,36
1974-06-02,Tunisia,Iraq,2,1,Friendly,Tunis,Tunisia,False,8895,True,8894,43,22
1974-06-06,Norway,Scotland,1,2,Friendly,Oslo,Norway,False,8899,True,8895,30,36
1974-06-09,Sweden,Switzerland,0,0,Friendly,Malmö,Sweden,False,8902,True,8899,41,42
1974-06-14,DR Congo,Scotland,0,2,FIFA World Cup,Dortmund,Germany,True,8907,False,8902,13,36
1974-06-15,Uruguay,Netherlands,0,2,FIFA World Cup,Hanover,Germany,True,8908,False,8907,46,28
1974-06-18,Germany,Australia,3,0,FIFA World Cup,Hamburg,Germany,False,8911,False,8908,18,2
1974-06-18,Scotland,Brazil,0,0,FIFA World Cup,Frankfurt,Germany,True,8911,False,8911,36,6
1974-06-19,Netherlands,Sweden,0,0,FIFA World Cup,Dortmund,Germany,True,8912,False,8911,28,41
1974-06-22,DR Congo,Brazil,0,3,FIFA World Cup,Gelsenkirchen,Germany,True,8915,False,8912,13,6
1974-06-23,Argentina,Haiti,4,1,FIFA World Cup,Munich,Germany,True,8916,False,8915,1,20
1974-06-23,Sweden,Uruguay,3,0,FIFA World Cup,Düsseldorf,Germany,True,8916,False,8916,41,46
1974-06-26,Netherlands,Argentina,4,0,FIFA World Cup,Gelsenkirchen,Germany,True,8919,False,8916,28,1
1974-06-30,Argentina,Brazil,1,2,FIFA World Cup,Hanover,Germany,True,8923,False,8919,1,6
1974-06-30,Germany,Sweden,4,2,FIFA World Cup,Düsseldorf,Germany,False,8923,False,8923,18,41
1974-07-03,Netherlands,Brazil,2,0,FIFA World Cup,Dortmund,Germany,True,8926,False,8923,28,6
1974-07-07,Germany,Netherlands,2,1,FIFA World Cup,Munich,Germany,False,8930,False,8926,18,28
1974-08-08,Sweden,Norway,2,1,Nordic Championship,Gothenburg,Sweden,False,8962,False,8930,41,30
1974-09-04,Switzerland,Germany,1,2,Friendly,Basel,Switzerland,False,8989,True,8962,42,18
1974-09-04,Sweden,Netherlands,1,5,Friendly,Solna,Sweden,False,8989,True,8989,41,28
1974-09-05,Mexico,United States,3,1,Friendly,Monterrey,Mexico,False,8990,True,8989,26,45
1974-09-08,United States,Mexico,0,1,Friendly,Dallas,United States,False,8993,True,8990,45,26
1974-09-09,Iraq,South Korea,1,1,Asian Games,Tehran,Iran,True,8994,False,8993,22,39
1974-09-11,Ivory Coast,Ghana,1,1,Friendly,Abidjan,Ivory Coast,False,8996,True,8994,23,19
1974-09-11,Iran,South Korea,2,0,Asian Games,Tehran,Iran,False,8996,False,8996,21,39
1974-09-13,Iran,Iraq,1,0,Asian Games,Tehran,Iran,False,8998,False,8996,21,22
1974-09-28,Japan,South Korea,4,1,Friendly,Tokyo,Japan,False,9013,True,8998,24,39
1974-09-29,Algeria,Jordan,6,0,Kuneitra Cup,Damascus,Syria,True,9014,False,9013,0,25
1974-10-01,Morocco,Tunisia,3,1,Kuneitra Cup,Damascus,Syria,True,9016,False,9014,27,43
1974-10-03,Algeria,Tunisia,0,1,Kuneitra Cup,Damascus,Syria,True,9018,False,9016,0,43
1974-10-09,Netherlands,Switzerland,1,0,Friendly,Rotterdam,Netherlands,False,9024,True,9018,28,42
1974-10-12,Argentina,Spain,1,1,Friendly,Buenos Aires,Argentina,False,9027,True,9024,1,40
1974-10-12,Belgium,France,2,1,UEFA Euro qualification,Brussels,Belgium,False,9027,False,9027,4,17
1974-10-31,Algeria,Morocco,0,0,Friendly,Algiers,Algeria,False,9046,True,9027,0,27
1974-11-13,Switzerland,Portugal,3,0,Friendly,Bern,Switzerland,False,9059,True,9046,42,33
1974-11-13,Turkey,Austria,0,1,Friendly,Istanbul,Turkey,False,9059,True,9059,44,3
1974-11-20,Scotland,Spain,1,2,UEFA Euro qualification,Glasgow,Scotland,False,9066,False,9059,36,40
1974-11-20,England,Portugal,0,0,UEFA Euro qualification,London,England,False,9066,False,9066,16,33
1974-12-01,Turkey,Switzerland,2,1,UEFA Euro qualification,İzmir,Turkey,False,9077,False,9066,44,42
1975-01-01,Iraq,Tunisia,0,0,Friendly,Baghdad,Iraq,False,9108,True,9077,22,43
1975-02-05,Spain,Scotland,1,1,UEFA Euro qualification,Valencia,Spain,False,9143,False,9108,40,36
1975-03-02,Morocco,Tunisia,0,0,Friendly,Casablanca,Morocco,False,9168,True,9143,27,43
1975-03-09,Brazil,Portugal,2,1,Friendly,Goiânia,Brazil,False,9175,True,9168,6,33
1975-03-12,England,Germany,2,0,Friendly,London,England,False,9178,True,9175,16,18
1975-03-22,Morocco,Senegal,4,0,African Cup of Nations qualification,Fez,Morocco,False,9188,False,9178,27,37
1975-03-22,Senegal,Morocco,2,1,African Cup of Nations qualification,Kaolack,Senegal,False,9188,False,9188,37,27
1975-03-23,Tunisia,Algeria,1,1,African Cup of Nations qualification,Tunis,Tunisia,False,9189,False,9188,43,0
1975-04-02,Iraq,Qatar,1,0,AFC Asian Cup qualification,Baghdad,Iraq,False,9199,False,9189,22,34
1975-04-04,Saudi Arabia,Qatar,2,1,AFC Asian Cup qualification,Baghdad,Iraq,True,9201,False,9199,35,34
1975-04-06,Algeria,Tunisia,1,2,African Cup of Nations qualification,Oran,Algeria,False,9203,False,9201,0,43
1975-04-06,Iraq,Saudi Arabia,1,1,AFC Asian Cup qualification,Baghdad,Iraq,False,9203,False,9203,22,35
1975-04-10,Iraq,Qatar,3,0,AFC Asian Cup qualification,Baghdad,Iraq,False,9207,False,9203,22,34
1975-04-12,Iraq,Saudi Arabia,2,1,AFC Asian Cup qualification,Baghdad,Iraq,False,9209,False,9207,22,35
1975-04-14,Saudi Arabia,Qatar,0,1,AFC Asian Cup qualification,Baghdad,Iraq,True,9211,False,9209,35,34
1975-04-16,Sweden,Scotland,1,1,Friendly,Gothenburg,Sweden,False,9213,True,9211,41,36
1975-04-26,France,Portugal,0,2,Friendly,Colombes,France,False,9223,True,9213,17,33
1975-04-26,Senegal,Ivory Coast,1,0,Friendly,Dakar,Senegal,False,9223,True,9223,37,23
1975-04-30,Switzerland,Turkey,1,1,UEFA Euro qualification,Basel,Switzerland,False,9227,False,9223,42,44
1975-04-30,Belgium,Netherlands,1,0,Friendly,Antwerp,Belgium,False,9227,True,9227,4,28
1975-05-13,Scotland,Portugal,1,0,Friendly,Glasgow,Scotland,False,9240,True,9227,36,33
1975-05-17,Germany,Netherlands,1,1,Friendly,Frankfurt,Germany,False,9244,True,9240,18,28
1975-05-19,Sweden,Algeria,4,0,Friendly,Halmstad,Sweden,False,9246,True,9244,41,0
1975-05-24,England,Scotland,5,1,British Home Championship,London,England,False,9251,False,9246,16,36
1975-06-12,Paraguay,Uruguay,0,1,Copa Artigas,Asunción,Paraguay,False,9270,False,9251,32,46
1975-06-19,Uruguay,Paraguay,0,1,Copa Artigas,Montevideo,Uruguay,False,9277,False,9270,46,32
1975-06-29,Ghana,Morocco,2,0,African Cup of Nations qualification,Accra,Ghana,False,9287,False,9277,19,27
1975-06-30,Sweden,Norway,3,1,UEFA Euro qualification,Solna,Sweden,False,9288,False,9287,41,30
1975-07-12,Egypt,DR Congo,3,2,Friendly,Tehran,Iran,True,9300,True,9288,15,13
1975-07-13,Morocco,Ghana,2,0,African Cup of Nations qualification,Casablanca,Morocco,False,9301,False,9300,27,19
1975-07-18,Uruguay,Argentina,2,3,Copa Newton,Montevideo,Uruguay,False,9306,False,9301,46,1
1975-07-20,Colombia,Paraguay,1,0,Copa América,Bogotá,Colombia,False,9308,False,9306,9,32
1975-07-24,Ecuador,Paraguay,2,2,Copa América,Guayaquil,Ecuador,False,9312,False,9308,14,32
1975-07-27,Ecuador,Colombia,1,3,Copa América,Quito,Ecuador,False,9315,False,9312,14,9
1975-07-30,Paraguay,Colombia,0,1,Copa América,Asunción,Paraguay,False,9318,False,9315,32,9
1975-08-06,Ghana,Ivory Coast,3,1,Friendly,Accra,Ghana,False,9325,True,9318,19,23
1975-08-06,Brazil,Argentina,2,1,Copa América,Belo Horizonte,Brazil,False,9325,False,9325,6,1
1975-08-07,Colombia,Ecuador,2,0,Copa América,Bogotá,Colombia,False,9326,False,9325,9,14
1975-08-09,Japan,South Korea,1,3,Merdeka Tournament,Kuala Lumpur,Malaysia,True,9328,False,9326,24,39
1975-08-10,Paraguay,Ecuador,3,1,Copa América,Asunción,Paraguay,False,9329,False,9328,32,14
1975-08-10,Ghana,Ivory Coast,0,0,Friendly,Accra,Ghana,False,9329,True,9329,19,23
1975-08-13,Norway,Sweden,0,2,UEFA Euro qualification,Oslo,Norway,False,9332,False,9329,30,41
1975-08-15,Panama,Haiti,2,0,Friendly,Panama City,Panama,False,9334,True,9332,31,20
1975-08-16,Argentina,Brazil,0,1,Copa América,Rosario,Argentina,False,9335,False,9334,1,6
1975-08-17,Panama,Haiti,1,1,Friendly,La Chorrera,Panama,False,9336,True,9335,31,20
1975-08-21,Argentina,United States,6,0,Friendly,Mexico City,Mexico,True,9340,True,9336,1,45
1975-08-24,Mexico,United States,2,0,Friendly,Mexico City,Mexico,False,9343,True,9340,26,45
1975-08-31,Mexico,Argentina,1,1,Friendly,Mexico City,Mexico,False,9350,True,9343,26,1
1975-09-03,Austria,Germany,0,2,Friendly,Vienna,Austria,False,9353,True,9350,3,18
1975-09-03,Switzerland,England,1,2,Friendly,Basel,Switzerland,False,9353,True,9353,42,16
1975-09-08,South Korea,Japan,3,0,Friendly,Seoul,South Korea,False,9358,True,9353,39,24
1975-09-21,Colombia,Uruguay,3,0,Copa América,Bogotá,Colombia,False,9371,False,9358,9,46
1975-10-01,Uruguay,Colombia,1,0,Copa América,Montevideo,Uruguay,False,9381,False,9371,46,9
1975-11-15,France,Belgium,0,0,UEFA Euro qualification,Paris,France,False,9426,False,9381,17,4
1975-11-19,Portugal,England,1,1,UEFA Euro qualification,Lisbon,Portugal,False,9430,False,9426,33,16
1975-12-20,Turkey,Germany,0,5,Friendly,Istanbul,Turkey,False,9461,True,9430,44,18
1975-12-23,Tunisia,Iraq,1,1,Palestine Cup,Tunis,Tunisia,False,9464,False,9461,43,22
1975-12-23,Egypt,Saudi Arabia,2,1,Palestine Cup,Tunis,Tunisia,True,9464,False,9464,15,35
1975-12-28,Egypt,Iraq,1,0,Palestine Cup,Tunis,Tunisia,True,9469,False,9464,15,22
1976-01-09,Saudi Arabia,Algeria,1,3,Friendly,Riyadh,Saudi Arabia,False,9481,True,9469,35,0
1976-02-08,Iraq,Turkey,0,0,Friendly,Baghdad,Iraq,False,9511,True,9481,22,44
1976-02-20,Saudi Arabia,Morocco,0,2,Friendly,Riyadh,Saudi Arabia,False,9523,True,9511,35,27
1976-02-25,Paraguay,Argentina,2,3,Copa Félix Bogado,Asunción,Paraguay,False,9528,False,9523,32,1
1976-02-25,Uruguay,Brazil,1,2,Copa Rio Branco,Montevideo,Uruguay,False,9528,False,9528,46,6
1976-02-27,Argentina,Brazil,1,2,Copa Roca,Buenos Aires,Argentina,False,9530,False,9528,1,6
1976-02-28,Tunisia,Sweden,1,1,Friendly,Tunis,Tunisia,False,9531,True,9530,43,41
1976-02-29,New Zealand,Australia,0,1,Friendly,Auckland,New Zealand,False,9532,True,9531,29,2
1976-03-02,Algeria,Sweden,0,2,Friendly,Algiers,Algeria,False,9534,True,9532,0,41
1976-03-02,Australia,New Zealand,3,1,Friendly,Melbourne,Australia,False,9534,True,9534,2,29
1976-03-04,Morocco,DR Congo,1,0,African Cup of Nations,Dire Dawa,Ethiopia,True,9536,False,9534,27,13
1976-03-09,Egypt,Morocco,1,2,African Cup of Nations,Addis Ababa,Ethiopia,True,9541,False,9536,15,27
1976-03-10,Uruguay,Paraguay,2,2,Atlantic Cup,Montevideo,Uruguay,False,9542,False,9541,46,32
1976-03-21,Ivory Coast,Senegal,4,1,Friendly,Abidjan,Ivory Coast,False,9553,True,9542,23,37
1976-03-26,Qatar,Saudi Arabia,1,0,Gulf Cup,Doha,Qatar,False,9558,False,9553,34,35
1976-04-01,Iraq,Saudi Arabia,7,1,Gulf Cup,Doha,Qatar,True,9564,False,9558,22,35
1976-04-03,Qatar,Iraq,0,0,Gulf Cup,Doha,Qatar,False,9566,False,9564,34,22
1976-04-07,Paraguay,Brazil,1,1,Copa Oswaldo Cruz,Asunción,Paraguay,False,9570,False,9566,32,6
1976-04-07,Scotland,Switzerland,1,0,Friendly,Glasgow,Scotland,False,9570,True,9570,36,42
1976-04-08,Argentina,Uruguay,4,1,Copa Lipton,Buenos Aires,Argentina,False,9571,False,9570,1,46
1976-04-24,Spain,Germany,1,1,UEFA Euro qualification,Madrid,Spain,False,9587,False,9571,40,18
1976-04-25,Netherlands,Belgium,5,0,UEFA Euro qualification,Rotterdam,Netherlands,False,9588,False,9587,28,4
1976-04-28,Argentina,Paraguay,2,2,Copa Félix Bogado,Buenos Aires,Argentina,False,9591,False,9588,1,32
1976-04-28,Austria,Sweden,1,0,Friendly,Vienna,Austria,False,9591,True,9591,3,41
1976-04-28,Brazil,Uruguay,2,1,Copa Rio Branco,Rio de Janeiro,Brazil,False,9591,False,9591,6,46
1976-05-15,Scotland,England,2,1,British Home Championship,Glasgow,Scotland,False,9608,False,9591,36,16
1976-05-19,Paraguay,Uruguay,1,0,Atlantic Cup,Asunción,Paraguay,False,9612,False,9608,32,46
1976-05-19,Brazil,Argentina,2,0,Copa Roca,Rio de Janeiro,Brazil,False,9612,False,9612,6,1
1976-05-22,Belgium,Netherlands,1,2,UEFA Euro qualification,Brussels,Belgium,False,9615,False,9612,4,28
1976-05-22,Germany,Spain,2,0,UEFA Euro qualification,Munich,Germany,False,9615,False,9615,18,40
1976-05-23,Brazil,England,1,0,Friendly,Los Angeles,United States,True,9616,True,9615,6,16
1976-06-04,Iran,Iraq,2,0,AFC Asian Cup,Tehran,Iran,False,9628,False,9616,21,22
1976-06-04,Mexico,Brazil,0,3,Friendly,Guadalajara,Mexico,False,9628,True,9628,26,6
1976-06-09,Brazil,Paraguay,3,1,Copa Oswaldo Cruz,Rio de Janeiro,Brazil,False,9633,False,9628,6,32
1976-06-09,Uruguay,Argentina,0,3,Copa Newton,Montevideo,Uruguay,False,9633,False,9633,46,1
1976-06-16,Sweden,Norway,2,0,FIFA World Cup qualification,Solna,Sweden,False,9640,False,9633,41,30
1976-07-30,Curaçao,Haiti,1,2,CONCACAF Championship qualification,Oranjestad,Aruba,True,9684,False,9640,11,20
1976-08-14,Haiti,Curaçao,7,0,CONCACAF Championship qualification,Port-au-Prince,Haiti,False,9699,False,9684,20,11
1976-08-18,Japan,South Korea,0,0,Merdeka Tournament,Kuala Lumpur,Malaysia,True,9703,False,9699,24,39
1976-09-05,Saudi Arabia,Iraq,0,0,Friendly,Riyadh,Saudi Arabia,False,9721,True,9703,35,22
1976-09-08,Norway,Switzerland,1,0,FIFA World Cup qualification,Oslo,Norway,False,9724,False,9721,30,42
1976-09-09,Ivory Coast,Ghana,3,1,Friendly,Abidjan,Ivory Coast,False,9725,True,9724,23,19
1976-09-12,Saudi Arabia,Morocco,0,2,Friendly,Riyadh,Saudi Arabia,False,9728,True,9725,35,27
1976-09-22,Norway,Sweden,3,2,Nordic Championship,Oslo,Norway,False,9738,False,9728,30,41
1976-09-22,Austria,Switzerland,3,1,Friendly,Linz,Austria,False,9738,True,9738,3,42
1976-09-23,South Korea,New Zealand,2,0,Korea Cup,Seoul,South Korea,False,9739,False,9738,39,29
1976-09-24,Canada,United States,1,1,CONCACAF Championship qualification,Vancouver,Canada,False,9740,False,9739,7,45
1976-09-30,Saudi Arabia,Tunisia,0,1,Friendly,Dammam,Saudi Arabia,False,9746,True,9740,35,43
1976-10-03,United States,Mexico,0,0,CONCACAF Championship qualification,Los Angeles,United States,False,9749,False,9746,45,26
1976-10-09,Switzerland,Sweden,1,2,FIFA World Cup qualification,Basel,Switzerland,False,9755,False,9749,42,41
1976-10-10,Canada,Mexico,1,0,CONCACAF Championship qualification,Vancouver,Canada,False,9756,False,9755,7,26
1976-10-15,Colombia,Uruguay,1,2,Friendly,Bogotá,Colombia,False,9761,True,9756,9,46
1976-10-15,Mexico,United States,3,0,CONCACAF Championship qualification,Puebla,Mexico,False,9761,False,9761,26,45
1976-10-20,Ecuador,Uruguay,2,2,Friendly,Quito,Ecuador,False,9766,True,9761,14,46
1976-10-20,United States,Canada,2,0,CONCACAF Championship qualification,Seattle,United States,False,9766,False,9766,45,7
1976-10-27,Mexico,Canada,0,0,CONCACAF Championship qualification,Toluca,Mexico,False,9773,False,9766,26,7
1976-11-10,Haiti,United States,0,0,Friendly,Port-au-Prince,Haiti,False,9787,True,9773,20,45
1976-11-12,Haiti,United States,0,0,Friendly,Port-au-Prince,Haiti,False,9789,True,9787,20,45
1976-11-14,Haiti,United States,0,0,Friendly,Port-au-Prince,Haiti,False,9791,True,9789,20,45
1976-12-04,Japan,South Korea,1,2,Friendly,Tokyo,Japan,False,9811,True,9791,24,39
1976-12-12,Morocco,Tunisia,1,1,FIFA World Cup qualification,Casablanca,Morocco,False,9819,False,9811,27,43
1976-12-22,Canada,United States,3,0,CONCACAF Championship qualification,Port-au-Prince,Haiti,True,9829,False,9819,7,45
1977-01-04,Uruguay,Ecuador,1,1,Friendly,Montevideo,Uruguay,False,9842,True,9829,46,14
1977-01-07,Saudi Arabia,Iran,0,3,FIFA World Cup qualification,Riyadh,Saudi Arabia,False,9845,False,9842,35,21
1977-01-09,Paraguay,Ecuador,2,0,Friendly,Asunción,Paraguay,False,9847,True,9845,32,14
1977-01-09,Tunisia,Morocco,1,1,FIFA World Cup qualification,Tunis,Tunisia,False,9847,False,9847,43,27
1977-01-12,Paraguay,Uruguay,1,1,Copa Artigas,Asunción,Paraguay,False,9850,False,9847,32,46
1977-01-16,Colombia,Ecuador,0,1,Friendly,Bogotá,Colombia,False,9854,True,9850,9,14
1977-01-23,Uruguay,Paraguay,2,1,Copa Artigas,Montevideo,Uruguay,False,9861,False,9854,46,32
1977-01-26,Ecuador,Colombia,4,1,Friendly,Quito,Ecuador,False,9864,True,9861,14,9
1977-02-06,Tunisia,Algeria,2,0,FIFA World Cup qualification,Tunis,Tunisia,False,9875,False,9864,43,0
1977-02-09,England,Netherlands,0,2,Friendly,London,England,False,9878,True,9875,16,28
1977-02-13,Ecuador,Paraguay,2,1,Friendly,Quito,Ecuador,False,9882,True,9878,14,32
1977-02-20,Panama,Paraguay,0,4,Friendly,Panama City,Panama,False,9889,True,9882,31,32
1977-02-20,Colombia,Brazil,0,0,FIFA World Cup qualification,Bogotá,Colombia,False,9889,False,9889,9,6
1977-02-23,France,Germany,1,0,Friendly,Paris,France,False,9892,True,9889,17,18
1977-02-24,Colombia,Paraguay,0,1,FIFA World Cup qualification,Bogotá,Colombia,False,9893,False,9892,9,32
1977-02-28,Algeria,Tunisia,1,1,FIFA World Cup qualification,Algiers,Algeria,False,9897,False,9893,0,43
1977-03-06,Paraguay,Colombia,1,1,FIFA World Cup qualification,Asunción,Paraguay,False,9903,False,9897,32,9
1977-03-08,Qatar,Tunisia,1,0,Friendly,Doha,Qatar,False,9905,True,9903,34,43
1977-03-09,Brazil,Colombia,6,0,FIFA World Cup qualification,Rio de Janeiro,Brazil,False,9906,False,9905,6,9
1977-03-13,Paraguay,Brazil,0,1,FIFA World Cup qualification,Asunción,Paraguay,False,9910,False,9906,32,6
1977-03-13,Egypt,Tunisia,2,2,African Cup of Nations qualification,Cairo,Egypt,False,9910,False,9910,15,43
1977-03-20,Brazil,Paraguay,1,1,FIFA World Cup qualification,Rio de Janeiro,Brazil,False,9917,False,9910,6,32
1977-03-22,Argentina,Iran,1,1,Real Madrid 75th Anniversary Cup,Madrid,Spain,True,9919,False,9917,1,21
1977-03-26,Belgium,Netherlands,0,2,FIFA World Cup qualification,Antwerp,Belgium,False,9923,False,9919,4,28
1977-03-26,Japan,South Korea,0,0,FIFA World Cup qualification,Tokyo,Japan,False,9923,False,9923,24,39
1977-03-27,Australia,New Zealand,3,1,FIFA World Cup qualification,Sydney,Australia,False,9924,False,9923,2,29
1977-03-30,New Zealand,Australia,1,1,FIFA World Cup qualification,Auckland,New Zealand,False,9927,False,9924,29,2
1977-03-30,Portugal,Switzerland,1,0,Friendly,Funchal,Portugal,False,9927,True,9927,33,42
1977-04-03,South Korea,Japan,1,0,FIFA World Cup qualification,Seoul,South Korea,False,9931,False,9927,39,24
1977-04-17,Austria,Turkey,1,0,FIFA World Cup qualification,Vienna,Austria,False,9945,False,9931,3,44
1977-04-22,Iran,Saudi Arabia,2,0,FIFA World Cup qualification,Shiraz,Iran,False,9950,False,9945,21,35
1977-04-23,Switzerland,France,0,4,Friendly,Geneva,Switzerland,False,9951,True,9950,42,17
1977-04-27,Tunisia,Egypt,3,2,African Cup of Nations qualification,Tunis,Tunisia,False,9955,False,9951,43,15
1977-04-27,Scotland,Sweden,3,1,Friendly,Glasgow,Scotland,False,9955,True,9955,36,41
1977-05-01,Algeria,Senegal,2,0,Friendly,Algiers,Algeria,False,9959,True,9955,0,37
1977-05-26,Sweden,Norway,1,0,Nordic Championship,Gothenburg,Sweden,False,9984,False,9959,41,30
1977-05-28,Senegal,Morocco,3,2,Friendly,Dakar,Senegal,False,9986,True,9984,37,27
1977-06-04,England,Scotland,1,2,British Home Championship,London,England,False,9993,False,9986,16,36
1977-06-05,Argentina,Germany,1,3,Friendly,Buenos Aires,Argentina,False,9994,True,9993,1,18
1977-06-08,Uruguay,Germany,0,2,Friendly,Montevideo,Uruguay,False,9997,True,9994,46,18
1977-06-08,Sweden,Switzerland,2,1,FIFA World Cup qualification,Solna,Sweden,False,9997,False,9997,41,42
1977-06-08,Brazil,England,0,0,Friendly,Rio de Janeiro,Brazil,False,9997,True,9997,6,16
1977-06-12,Brazil,Germany,1,1,Friendly,Rio de Janeiro,Brazil,False,10001,True,9997,6,18
1977-06-12,Argentina,England,1,1,Friendly,Buenos Aires,Argentina,False,10001,True,10001,1,16
1977-06-14,Mexico,Germany,2,2,Friendly,Mexico City,Mexico,False,10003,True,10001,26,18
1977-06-15,South Korea,Japan,2,1,Friendly,Seoul,South Korea,False,10004,True,10003,39,24
1977-06-15,Uruguay,England,0,0,Friendly,Montevideo,Uruguay,False,10004,True,10004,46,16
1977-06-18,Argentina,Scotland,1,1,Friendly,Buenos Aires,Argentina,False,10007,True,10004,1,36
1977-06-23,Brazil,Scotland,2,0,Friendly,Rio de Janeiro,Brazil,False,10012,True,10007,6,36
1977-06-26,Argentina,France,0,0,Friendly,Buenos Aires,Argentina,False,10015,True,10012,1,17
1977-06-30,Brazil,France,2,2,Friendly,Rio de Janeiro,Brazil,False,10019,True,10015,6,17
1977-07-03,South Korea,Iran,0,0,FIFA World Cup qualification,Busan,South Korea,False,10022,False,10019,39,21
1977-07-27,Iran,Morocco,1,1,Beijing International Friendship Tournament,Beijing,China,True,10046,False,10022,21,27
1977-07-28,Iraq,South Korea,1,1,Merdeka Tournament,Kuala Lumpur,Malaysia,True,10047,False,10046,22,39
1977-07-29,Iran,DR Congo,1,3,Beijing International Friendship Tournament,Beijing,China,True,10048,False,10047,21,13
1977-07-31,Iraq,South Korea,0,1,Merdeka Tournament,Kuala Lumpur,Malaysia,True,10050,False,10048,22,39
1977-08-14,Australia,Iran,0,1,FIFA World Cup qualification,Melbourne,Australia,False,10064,False,10050,2,21
1977-08-24,Argentina,Paraguay,2,1,Copa Félix Bogado,Buenos Aires,Argentina,False,10074,False,10064,1,32
1977-08-27,Australia,South Korea,2,1,FIFA World Cup qualification,Sydney,Australia,False,10077,False,10074,2,39
1977-08-31,Paraguay,Argentina,2,0,Copa Félix Bogado,Asunción,Paraguay,False,10081,False,10077,32,1
1977-09-07,Norway,Sweden,2,1,FIFA World Cup qualification,Oslo,Norway,False,10088,False,10081,30,41
1977-09-07,England,Switzerland,0,0,Friendly,London,England,False,10088,True,10088,16,42
1977-09-21,Switzerland,Spain,1,2,Friendly,Bern,Switzerland,False,10102,True,10088,42,40
1977-09-27,Mexico,United States,3,0,Friendly,Monterrey,Mexico,False,10108,True,10102,26,45
1977-10-09,Mexico,Haiti,4,1,CONCACAF Championship,Mexico City,Mexico,False,10120,False,10108,26,20
1977-10-20,Canada,Haiti,1,1,CONCACAF Championship,Monterrey,Mexico,True,10131,False,10120,7,20
1977-10-22,Mexico,Canada,3,1,CONCACAF Championship,Monterrey,Mexico,False,10133,False,10131,26,7
1977-10-23,South Korea,Australia,0,0,FIFA World Cup qualification,Seoul,South Korea,False,10134,False,10133,39,2
1977-10-26,Netherlands,Belgium,1,0,FIFA World Cup qualification,Amsterdam,Netherlands,False,10137,False,10134,28,4
1977-10-30,Switzerland,Norway,1,0,FIFA World Cup qualification,Bern,Switzerland,False,10141,False,10137,42,30
1977-10-30,Turkey,Austria,0,1,FIFA World Cup qualification,İzmir,Turkey,False,10141,False,10141,44,3
1977-11-11,Iran,South Korea,2,2,FIFA World Cup qualification,Tehran,Iran,False,10153,False,10141,21,39
1977-11-16,Germany,Switzerland,4,1,Friendly,Stuttgart,Germany,False,10158,True,10153,18,42
1977-11-25,Egypt,Tunisia,3,2,FIFA World Cup qualification,Cairo,Egypt,False,10167,False,10158,15,43
1977-11-25,Iran,Australia,1,0,FIFA World Cup qualification,Tehran,Iran,False,10167,False,10167,21,2
1977-11-27,Iraq,Morocco,3,0,Friendly,Baghdad,Iraq,False,10169,True,10167,22,27
1977-12-03,Morocco,Iraq,0,0,Friendly,Casablanca,Morocco,False,10175,True,10169,27,22
1977-12-11,Tunisia,Egypt,4,1,FIFA World Cup qualification,Tunis,Tunisia,False,10183,False,10175,43,15
1978-02-19,Ghana,Ivory Coast,3,1,Friendly,Accra,Ghana,False,10253,True,10183,19,23
1978-02-21,Iraq,Algeria,3,0,Friendly,Baghdad,Iraq,False,10255,True,10253,22,0
1978-02-22,Germany,England,2,1,Friendly,Munich,Germany,False,10256,True,10255,18,16
1978-02-23,Iraq,Algeria,1,0,Friendly,Baghdad,Iraq,False,10257,True,10256,22,0
1978-03-06,Morocco,Tunisia,1,1,African Cup of Nations,Kumasi,Ghana,True,10268,False,10257,27,43
1978-03-08,France,Portugal,2,0,Friendly,Paris,France,False,10270,True,10268,17,33
1978-03-14,Ghana,Tunisia,1,0,African Cup of Nations,Accra,Ghana,False,10276,False,10270,19,43
1978-03-22,Belgium,Austria,1,0,Friendly,Charleroi,Belgium,False,10284,True,10276,4,3
1978-03-29,Spain,Norway,3,0,Friendly,Gijón,Spain,False,10291,True,10284,40,30
1978-04-01,France,Brazil,1,0,Friendly,Paris,France,False,10294,True,10291,17,6
1978-04-04,Switzerland,Austria,0,1,Friendly,Basel,Switzerland,False,10297,True,10294,42,3
1978-04-05,Tunisia,Netherlands,0,4,Friendly,Tunis,Tunisia,False,10298,True,10297,43,28
1978-04-05,Germany,Brazil,0,1,Friendly,Hamburg,Germany,False,10298,True,10298,18,6
1978-04-19,Sweden,Germany,3,1,Friendly,Solna,Sweden,False,10312,True,10298,41,18
1978-04-19,England,Brazil,1,1,Friendly,London,England,False,10312,True,10312,16,6
1978-04-25,Uruguay,Argentina,2,0,Friendly,Montevideo,Uruguay,False,10318,True,10312,46,1
1978-04-26,Spain,Mexico,2,0,Friendly,Granada,Spain,False,10319,True,10318,40,26
1978-05-03,Argentina,Uruguay,3,0,Friendly,Buenos Aires,Argentina,False,10326,True,10319,1,46
1978-05-11,France,Iran,2,1,Friendly,Toulouse,France,False,10334,True,10326,17,21
1978-05-19,Iran,Ghana,3,0,Friendly,Tehran,Iran,False,10342,True,10334,21,19
1978-05-19,France,Tunisia,2,0,Friendly,Villeneuve-d'Ascq,France,False,10342,True,10342,17,43
1978-05-20,Scotland,England,0,1,British Home Championship,Glasgow,Scotland,False,10343,False,10342,36,16
1978-05-20,Austria,Netherlands,0,1,Friendly,Vienna,Austria,False,10343,True,10343,3,28
1978-05-24,Uruguay,Spain,0,0,Friendly,Montevideo,Uruguay,False,10347,True,10343,46,40
1978-06-02,Mexico,Tunisia,1,3,FIFA World Cup,Rosario,Argentina,True,10356,False,10347,26,43
1978-06-03,Austria,Spain,2,1,FIFA World Cup,Buenos Aires,Argentina,True,10357,False,10356,3,40
1978-06-03,Brazil,Sweden,1,1,FIFA World Cup,Mar del Plata,Argentina,True,10357,False,10357,6,41
1978-06-03,Iran,Netherlands,0,3,FIFA World Cup,Mendoza,Argentina,True,10357,False,10357,21,28
1978-06-06,Argentina,France,2,1,FIFA World Cup,Buenos Aires,Argentina,False,10360,False,10357,1,17
1978-06-06,Germany,Mexico,6,0,FIFA World Cup,Córdoba,Argentina,True,10360,False,10360,18,26
1978-06-07,Austria,Sweden,1,0,FIFA World Cup,Buenos Aires,Argentina,True,10361,False,10360,3,41
1978-06-07,Brazil,Spain,0,0,FIFA World Cup,Mar del Plata,Argentina,True,10361,False,10361,6,40
1978-06-07,Iran,Scotland,1,1,FIFA World Cup,Córdoba,Argentina,True,10361,False,10361,21,36
1978-06-10,Germany,Tunisia,0,0,FIFA World Cup,Córdoba,Argentina,True,10364,False,10361,18,43
1978-06-11,Spain,Sweden,1,0,FIFA World Cup,Buenos Aires,Argentina,True,10365,False,10364,40,41
1978-06-11,Netherlands,Scotland,2,3,FIFA World Cup,Mendoza,Argentina,True,10365,False,10365,28,36
1978-06-11,Austria,Brazil,0,1,FIFA World Cup,Mar del Plata,Argentina,True,10365,False,10365,3,6
1978-06-14,Austria,Netherlands,1,5,FIFA World Cup,Córdoba,Argentina,True,10368,False,10365,3,28
1978-06-18,Argentina,Brazil,0,0,FIFA World Cup,Rosario,Argentina,False,10372,False,10368,1,6
1978-06-18,Germany,Netherlands,2,2,FIFA World Cup,Córdoba,Argentina,True,10372,False,10372,18,28
1978-06-21,Austria,Germany,3,2,FIFA World Cup,Córdoba,Argentina,True,10375,False,10372,3,18
1978-06-25,Argentina,Netherlands,3,1,FIFA World Cup,Buenos Aires,Argentina,False,10379,False,10375,1,28
1978-07-02,Algeria,Iraq,1,1,Friendly,Algiers,Algeria,False,10386,True,10379,0,22
1978-07-04,Algeria,Iraq,0,0,Friendly,Algiers,Algeria,False,10388,True,10386,0,22
1978-07-13,Iraq,Japan,0,0,Merdeka Tournament,Kuala Lumpur,Malaysia,True,10397,False,10388,22,24
1978-07-13,Algeria,Egypt,1,1,All-African Games,Algiers,Algeria,False,10397,False,10397,0,15
1978-07-19,Japan,South Korea,0,4,Merdeka Tournament,Kuala Lumpur,Malaysia,True,10403,False,10397,24,39
1978-07-22,Iraq,South Korea,0,2,Merdeka Tournament,Kuala Lumpur,Malaysia,True,10406,False,10403,22,39
1978-07-25,Algeria,Ghana,2,0,All-African Games,Algiers,Algeria,False,10409,False,10406,0,19
1978-07-29,Iraq,South Korea,0,2,Merdeka Tournament,Kuala Lumpur,Malaysia,True,10413,False,10409,22,39
1978-08-30,Norway,Austria,0,2,UEFA Euro qualification,Oslo,Norway,False,10445,False,10413,30,3
1978-09-01,France,Sweden,2,2,UEFA Euro qualification,Paris,France,False,10447,False,10445,17,41
1978-09-06,Switzerland,United States,2,0,Friendly,Lucerne,Switzerland,False,10452,True,10447,42,45
1978-09-20,Portugal,United States,1,0,Friendly,Setúbal,Portugal,False,10466,True,10452,33,45
1978-09-20,Belgium,Norway,1,1,UEFA Euro qualification,Lokeren,Belgium,False,10466,False,10466,4,30
1978-09-20,Austria,Scotland,3,2,UEFA Euro qualification,Vienna,Austria,False,10466,False,10466,3,36
1978-10-11,Portugal,Belgium,1,1,UEFA Euro qualification,Lisbon,Portugal,False,10487,False,10466,33,4
1978-10-11,Switzerland,Netherlands,1,3,UEFA Euro qualification,Bern,Switzerland,False,10487,False,10487,42,28
1978-10-25,Scotland,Norway,3,2,UEFA Euro qualification,Glasgow,Scotland,False,10501,False,10487,36,30
1978-11-08,France,Spain,1,0,Friendly,Paris,France,False,10515,True,10501,17,40
1978-11-15,Austria,Portugal,1,2,UEFA Euro qualification,Vienna,Austria,False,10522,False,10515,3,33
1978-11-29,Portugal,Scotland,1,0,UEFA Euro qualification,Lisbon,Portugal,False,10536,False,10522,33,36
1978-12-10,Iraq,Qatar,2,1,Asian Games,Bangkok,Thailand,True,10547,False,10536,22,34
1978-12-12,Qatar,Saudi Arabia,2,2,Asian Games,Bangkok,Thailand,True,10549,False,10547,34,35
1978-12-14,Iraq,Saudi Arabia,1,1,Asian Games,Bangkok,Thailand,True,10551,False,10549,22,35
1978-12-15,Japan,South Korea,1,3,Asian Games,Bangkok,Thailand,True,10552,False,10551,24,39
1978-12-20,Germany,Netherlands,3,1,Friendly,Düsseldorf,Germany,False,10557,True,10552,18,28
1979-01-09,Cape Verde,Senegal,0,1,Amílcar Cabral Cup,Bissau,Guinea-Bissau,True,10577,False,10557,8,37
1979-02-28,Turkey,Algeria,0,1,Friendly,Bursa,Turkey,False,10627,True,10577,44,0
1979-03-04,Japan,South Korea,2,1,Friendly,Tokyo,Japan,False,10631,True,10627,24,39
1979-03-27,Iraq,Qatar,2,0,Gulf Cup,Baghdad,Iraq,False,10654,False,10631,22,34
1979-03-28,Belgium,Austria,1,1,UEFA Euro qualification,Brussels,Belgium,False,10655,False,10654,4,3
1979-03-28,Netherlands,Switzerland,3,0,UEFA Euro qualification,Eindhoven,Netherlands,False,10655,False,10655,28,42
1979-04-01,Turkey,Germany,0,0,UEFA Euro qualification,İzmir,Turkey,False,10659,False,10655,44,18
1979-04-04,Saudi Arabia,Qatar,7,0,Gulf Cup,Baghdad,Iraq,True,10662,False,10659,35,34
1979-04-08,Iraq,Saudi Arabia,2,0,Gulf Cup,Baghdad,Iraq,False,10666,False,10662,22,35
1979-05-02,United States,France,0,6,Friendly,East Rutherford,United States,False,10690,True,10666,45,17
1979-05-02,Austria,Belgium,0,0,UEFA Euro qualification,Vienna,Austria,False,10690,False,10690,3,4
1979-05-09,Norway,Portugal,0,1,UEFA Euro qualification,Oslo,Norway,False,10697,False,10690,30,33
1979-05-17,Brazil,Paraguay,6,0,Friendly,Rio de Janeiro,Brazil,False,10705,True,10697,6,32
1979-05-22,Argentina,Netherlands,0,0,FIFA 75th Anniversary Cup,Bern,Switzerland,True,10710,False,10705,1,28
1979-05-26,England,Scotland,3,1,British Home Championship,London,England,False,10714,False,10710,16,36
1979-05-31,Brazil,Uruguay,5,1,Friendly,Rio de Janeiro,Brazil,False,10719,True,10714,6,46
1979-06-02,Scotland,Argentina,1,3,Friendly,Glasgow,Scotland,False,10721,True,10719,36,1
1979-06-07,Norway,Scotland,0,4,UEFA Euro qualification,Oslo,Norway,False,10726,False,10721,30,36
1979-06-10,Sweden,England,0,0,Friendly,Solna,Sweden,False,10729,True,10726,41,16
1979-06-13,Austria,England,4,3,Friendly,Vienna,Austria,False,10732,True,10729,3,16
1979-06-13,New Zealand,Australia,1,0,Friendly,Auckland,New Zealand,False,10732,True,10732,29,2
1979-06-16,South Korea,Japan,4,1,Friendly,Seoul,South Korea,False,10735,True,10732,39,24
1979-06-28,Sweden,Norway,2,0,Nordic Championship,Gothenburg,Sweden,False,10747,False,10735,41,30
1979-08-02,Brazil,Argentina,2,1,Copa América,Rio de Janeiro,Brazil,False,10782,False,10747,6,1
1979-08-15,Norway,Sweden,2,0,Nordic Championship,Oslo,Norway,False,10795,False,10782,30,41
1979-08-23,Argentina,Brazil,2,2,Copa América,Buenos Aires,Argentina,False,10803,False,10795,1,6
1979-08-29,Austria,Norway,4,0,UEFA Euro qualification,Vienna,Austria,False,10809,False,10803,3,30
1979-08-29,Ecuador,Paraguay,1,2,Copa América,Quito,Ecuador,False,10809,False,10809,14,32
1979-09-05,Sweden,France,1,3,UEFA Euro qualification,Solna,Sweden,False,10816,False,10809,41,17
1979-09-05,Ecuador,Uruguay,2,1,Copa América,Quito,Ecuador,False,10816,False,10816,14,46
1979-09-12,Norway,Belgium,1,2,UEFA Euro qualification,Oslo,Norway,False,10823,False,10816,30,4
1979-09-12,Germany,Argentina,2,1,Friendly,Berlin,Germany,False,10823,True,10823,18,1
1979-09-13,Paraguay,Ecuador,2,0,Copa América,Asunción,Paraguay,False,10824,False,10823,32,14
1979-09-16,Uruguay,Ecuador,2,1,Copa América,Montevideo,Uruguay,False,10827,False,10824,46,14
1979-09-20,Paraguay,Uruguay,0,0,Copa América,Asunción,Paraguay,False,10831,False,10827,32,46
1979-09-26,Spain,Portugal,1,1,Friendly,Vigo,Spain,False,10837,True,10831,40,33
1979-09-26,Uruguay,Paraguay,2,2,Copa América,Montevideo,Uruguay,False,10837,False,10837,46,32
1979-09-26,Netherlands,Belgium,1,0,Friendly,Rotterdam,Netherlands,False,10837,True,10837,28,4
1979-10-10,France,United States,3,0,Friendly,Paris,France,False,10851,True,10837,17,45
1979-10-17,Scotland,Austria,1,1,UEFA Euro qualification,Glasgow,Scotland,False,10858,False,10851,36,3
1979-10-17,Belgium,Portugal,2,0,UEFA Euro qualification,Brussels,Belgium,False,10858,False,10858,4,33
1979-10-24,Paraguay,Brazil,2,1,Copa América,Asunción,Paraguay,False,10865,False,10858,32,6
1979-10-31,Brazil,Paraguay,2,2,Copa América,Rio de Janeiro,Brazil,False,10872,False,10865,6,32
1979-11-01,Portugal,Norway,3,1,UEFA Euro qualification,Oeiras,Portugal,False,10873,False,10872,33,30
1979-11-21,Belgium,Scotland,2,0,UEFA Euro qualification,Brussels,Belgium,False,10893,False,10873,4,36
1979-11-21,Portugal,Austria,1,2,UEFA Euro qualification,Lisbon,Portugal,False,10893,False,10893,33,3
1979-12-19,Scotland,Belgium,1,3,UEFA Euro qualification,Glasgow,Scotland,False,10921,False,10893,36,4
1979-12-22,Germany,Turkey,2,0,UEFA Euro qualification,Gelsenkirchen,Germany,False,10924,False,10921,18,44
1979-12-26,Tunisia,Senegal,3,1,Friendly,Tunis,Tunisia,False,10928,True,10924,43,37
1980-01-23,Spain,Netherlands,1,0,Friendly,Vigo,Spain,False,10956,True,10928,40,28
1980-01-27,Ghana,Tunisia,4,1,Friendly,Accra,Ghana,False,10960,True,10956,19,43
1980-01-30,Ivory Coast,Tunisia,1,1,Friendly,Abidjan,Ivory Coast,False,10963,True,10960,23,43
1980-01-30,Saudi Arabia,South Korea,1,3,Friendly,Jeddah,Saudi Arabia,False,10963,True,10963,35,39
1980-02-01,Saudi Arabia,South Korea,0,0,Friendly,Khobar,Saudi Arabia,False,10965,True,10963,35,39
1980-02-12,Ivory Coast,Morocco,4,4,Friendly,Abidjan,Ivory Coast,False,10976,True,10965,23,27
1980-02-25,Morocco,Senegal,3,2,Friendly,Casablanca,Morocco,False,10989,True,10976,27,37
1980-02-26,Mexico,South Korea,0,1,Friendly,Los Angeles,United States,True,10990,True,10989,26,39
1980-02-27,Morocco,Tunisia,0,0,Friendly,Meknes,Morocco,False,10991,True,10990,27,43
1980-03-08,Egypt,Ivory Coast,2,1,African Cup of Nations,Lagos,Nigeria,True,11001,False,10991,15,23
1980-03-09,Algeria,Ghana,0,0,African Cup of Nations,Ibadan,Nigeria,True,11002,False,11001,0,19
1980-03-13,Algeria,Morocco,1,0,African Cup of Nations,Ibadan,Nigeria,True,11006,False,11002,0,27
1980-03-16,Ghana,Morocco,0,1,African Cup of Nations,Ibadan,Nigeria,True,11009,False,11006,19,27
1980-03-18,Belgium,Uruguay,2,0,Friendly,Brussels,Belgium,False,11011,True,11009,4,46
1980-03-19,Algeria,Egypt,2,2,African Cup of Nations,Ibadan,Nigeria,True,11012,False,11011,0,15
1980-03-21,Egypt,Morocco,0,2,African Cup of Nations,Lagos,Nigeria,True,11014,False,11012,15,27
1980-03-26,France,Netherlands,0,0,Friendly,Paris,France,False,11019,True,11014,17,28
1980-03-26,Scotland,Portugal,4,1,UEFA Euro qualification,Glasgow,Scotland,False,11019,False,11019,36,33
1980-03-26,Spain,England,0,2,Friendly,Barcelona,Spain,False,11019,True,11019,40,16
1980-04-02,Germany,Austria,1,0,Friendly,Munich,Germany,False,11026,True,11019,18,3
1980-04-05,Senegal,Tunisia,0,2,Friendly,Dakar,Senegal,False,11029,True,11026,37,43
1980-05-13,England,Argentina,3,1,Friendly,London,England,False,11067,True,11029,16,1
1980-05-21,Austria,Argentina,1,5,Friendly,Vienna,Austria,False,11075,True,11067,3,1
1980-05-24,Scotland,England,0,2,British Home Championship,Glasgow,Scotland,False,11078,False,11075,36,16
1980-05-31,Australia,England,1,2,Friendly,Sydney,Australia,False,11085,True,11078,2,16
1980-06-08,Brazil,Mexico,2,0,Friendly,Rio de Janeiro,Brazil,False,11093,True,11085,6,26
1980-06-08,Tunisia,Morocco,0,1,Friendly,Tunis,Tunisia,False,11093,True,11093,43,27
1980-06-12,Belgium,England,1,1,UEFA Euro,Turin,Italy,True,11097,False,11093,4,16
1980-06-14,Germany,Netherlands,3,2,UEFA Euro,Naples,Italy,True,11099,False,11097,18,28
1980-06-15,Belgium,Spain,2,1,UEFA Euro,Milan,Italy,True,11100,False,11099,4,40
1980-06-18,Spain,England,1,2,UEFA Euro,Naples,Italy,True,11103,False,11100,40,16
1980-06-22,Belgium,Germany,1,2,UEFA Euro,Rome,Italy,True,11107,False,11103,4,18
1980-06-22,Senegal,Morocco,0,1,FIFA World Cup qualification,Dakar,Senegal,False,11107,False,11107,37,27
1980-07-06,Morocco,Senegal,0,0,FIFA World Cup qualification,Casablanca,Morocco,False,11121,False,11107,27,37
1980-08-20,New Zealand,Mexico,4,0,Friendly,Auckland,New Zealand,False,11166,True,11121,29,26
1980-08-24,Australia,Mexico,2,2,Friendly,Sydney,Australia,False,11170,True,11166,2,26
1980-08-26,Australia,Mexico,1,1,Friendly,Melbourne,Australia,False,11172,True,11170,2,26
1980-08-27,Brazil,Uruguay,1,0,Friendly,Fortaleza,Brazil,False,11173,True,11172,6,46
1980-09-10,Switzerland,Germany,2,3,Friendly,Bern,Switzerland,False,11187,True,11173,42,18
1980-09-10,Sweden,Scotland,0,1,FIFA World Cup qualification,Solna,Sweden,False,11187,False,11187,41,36
1980-09-10,England,Norway,4,0,FIFA World Cup qualification,London,England,False,11187,False,11187,16,30
1980-09-12,Haiti,Curaçao,1,0,CONCACAF Championship qualification,Port-au-Prince,Haiti,False,11189,False,11187,20,11
1980-09-15,Canada,New Zealand,4,0,Friendly,Vancouver,Canada,False,11192,True,11189,7,29
1980-09-17,Canada,New Zealand,3,0,Friendly,Edmonton,Canada,False,11194,True,11192,7,29
1980-09-19,Qatar,South Korea,0,2,AFC Asian Cup,Kuwait City,Kuwait,True,11196,False,11194,34,39
1980-09-25,Paraguay,Brazil,1,2,Friendly,Asunción,Paraguay,False,11202,True,11196,32,6
1980-10-03,Turkey,Saudi Arabia,3,0,Friendly,İzmir,Turkey,False,11210,True,11202,44,35
1980-10-07,Portugal,United States,1,1,Friendly,Lisbon,Portugal,False,11214,True,11210,33,45
1980-10-11,Netherlands,Germany,1,1,Friendly,Eindhoven,Netherlands,False,11218,True,11214,28,18
1980-10-15,Scotland,Portugal,0,0,FIFA World Cup qualification,Glasgow,Scotland,False,11222,False,11218,36,33
1980-10-15,South Korea,New Zealand,1,2,Merdeka Tournament,Kuala Lumpur,Malaysia,True,11222,False,11222,39,29
1980-10-18,Canada,Mexico,1,1,CONCACAF Championship qualification,Toronto,Canada,False,11225,False,11222,7,26
1980-10-20,South Korea,Morocco,1,1,Merdeka Tournament,Kuala Lumpur,Malaysia,True,11227,False,11225,39,27
1980-10-25,United States,Canada,0,0,CONCACAF Championship qualification,Fort Lauderdale,United States,False,11232,False,11227,45,7
1980-10-26,Morocco,New Zealand,3,0,Merdeka Tournament,Kuala Lumpur,Malaysia,True,11233,False,11232,27,29
1980-10-29,Switzerland,Norway,1,2,FIFA World Cup qualification,Bern,Switzerland,False,11236,False,11233,42,30
1980-10-30,Brazil,Paraguay,6,0,Friendly,Goiânia,Brazil,False,11237,True,11236,6,32
1980-11-01,Canada,United States,2,1,CONCACAF Championship qualification,Vancouver,Canada,False,11239,False,11237,7,45
1980-11-09,Mexico,United States,5,1,CONCACAF Championship qualification,Mexico City,Mexico,False,11247,False,11239,26,45
1980-11-16,Mexico,Canada,1,1,CONCACAF Championship qualification,Mexico City,Mexico,False,11254,False,11247,26,7
1980-11-19,Germany,France,4,1,Friendly,Hanover,Germany,False,11257,True,11254,18,17
1980-11-19,England,Switzerland,2,1,FIFA World Cup qualification,London,England,False,11257,False,11257,16,42
1980-11-19,Belgium,Netherlands,1,0,FIFA World Cup qualification,Brussels,Belgium,False,11257,False,11257,4,28
1980-11-23,United States,Mexico,2,1,CONCACAF Championship qualification,Fort Lauderdale,United States,False,11261,False,11257,45,26
1980-12-12,Curaçao,Haiti,1,1,CONCACAF Championship qualification,Willemstad,Curaçao,False,11280,False,11261,11,20
1980-12-16,Argentina,Switzerland,5,0,Friendly,Córdoba,Argentina,False,11284,True,11280,1,42
1980-12-18,Uruguay,Switzerland,4,0,Friendly,Montevideo,Uruguay,False,11286,True,11284,46,42
1980-12-21,Brazil,Switzerland,2,0,Friendly,Cuiabá,Brazil,False,11289,True,11286,6,42
1980-12-30,Uruguay,Netherlands,2,0,Mundialito,Montevideo,Uruguay,False,11298,False,11289,46,28
1981-01-01,Argentina,Germany,2,1,Mundialito,Montevideo,Uruguay,True,11300,False,11298,1,18
1981-01-04,Argentina,Brazil,1,1,Mundialito,Montevideo,Uruguay,True,11303,False,11300,1,6
1981-01-07,Brazil,Germany,4,1,Mundialito,Montevideo,Uruguay,True,11306,False,11303,6,18
1981-01-10,Uruguay,Brazil,2,1,Mundialito,Montevideo,Uruguay,False,11309,False,11306,46,6
1981-01-11,Tunisia,Qatar,4,0,Friendly,Tunis,Tunisia,False,11310,True,11309,43,34
1981-02-01,Colombia,Brazil,1,1,Friendly,Bogotá,Colombia,False,11331,True,11310,9,6
1981-02-03,Cape Verde,Senegal,0,1,Amílcar Cabral Cup,Bamako,Mali,True,11333,False,11331,8,37
1981-02-06,Jordan,Iraq,0,2,Friendly,Amman,Jordan,False,11336,True,11333,25,22
1981-02-08,Jordan,Iraq,0,2,Friendly,Amman,Jordan,False,11338,True,11336,25,22
1981-02-11,Mexico,South Korea,4,0,Friendly,Mexico City,Mexico,False,11341,True,11338,26,39
1981-02-12,Cape Verde,Senegal,1,5,Amílcar Cabral Cup,Bamako,Mali,True,11342,False,11341,8,37
1981-02-14,Ecuador,Brazil,0,6,Friendly,Quito,Ecuador,False,11344,True,11342,14,6
1981-02-18,Spain,France,1,0,Friendly,Madrid,Spain,False,11348,True,11344,40,17
1981-02-28,Norway,Sweden,2,4,Friendly,Lahti,Finland,True,11358,True,11348,30,41
1981-03-08,Saudi Arabia,Tunisia,1,2,Friendly,Riyadh,Saudi Arabia,False,11366,True,11358,35,43
1981-03-08,Morocco,Iraq,1,1,Friendly,Rabat,Morocco,False,11366,True,11366,27,22
1981-03-08,Japan,South Korea,0,1,Friendly,Tokyo,Japan,False,11366,True,11366,24,39
1981-03-11,Saudi Arabia,Jordan,2,1,Friendly,Riyadh,Saudi Arabia,False,11369,True,11366,35,25
1981-03-15,Paraguay,Colombia,0,2,Friendly,Asunción,Paraguay,False,11373,True,11369,32,9
1981-03-18,Qatar,Iraq,0,1,FIFA World Cup qualification,Riyadh,Saudi Arabia,True,11376,False,11373,34,22
1981-03-21,Saudi Arabia,Iraq,1,0,FIFA World Cup qualification,Riyadh,Saudi Arabia,False,11379,False,11376,35,22
1981-03-25,Netherlands,France,1,0,FIFA World Cup qualification,Rotterdam,Netherlands,False,11383,False,11379,28,17
1981-03-25,England,Spain,1,2,Friendly,London,England,False,11383,True,11383,16,40
1981-03-31,Saudi Arabia,Qatar,1,0,FIFA World Cup qualification,Riyadh,Saudi Arabia,False,11389,False,11383,35,34
1981-04-03,Algeria,Senegal,2,0,Friendly,Oran,Algeria,False,11392,True,11389,0,37
1981-04-12,Tunisia,Senegal,1,0,African Cup of Nations qualification,Tunis,Tunisia,False,11401,False,11392,43,37
1981-04-25,New Zealand,Australia,3,3,FIFA World Cup qualification,Auckland,New Zealand,False,11414,False,11401,29,2
1981-04-26,Morocco,Egypt,1,0,FIFA World Cup qualification,Casablanca,Morocco,False,11415,False,11414,27,15
1981-04-26,Senegal,Tunisia,0,0,African Cup of Nations qualification,Dakar,Senegal,False,11415,False,11415,37,43
1981-04-29,France,Belgium,3,2,FIFA World Cup qualification,Paris,France,False,11418,False,11415,17,4
1981-04-29,Germany,Austria,2,0,FIFA World Cup qualification,Hamburg,Germany,False,11418,False,11418,18,3
1981-05-08,Egypt,Morocco,0,0,FIFA World Cup qualification,Cairo,Egypt,False,11427,False,11418,15,27
1981-05-12,England,Brazil,0,1,Friendly,London,England,False,11431,True,11427,16,6
1981-05-15,France,Brazil,1,3,Friendly,Paris,France,False,11434,True,11431,17,6
1981-05-16,Australia,New Zealand,0,2,FIFA World Cup qualification,Sydney,Australia,False,11435,False,11434,2,29
1981-05-17,Ecuador,Paraguay,1,0,FIFA World Cup qualification,Guayaquil,Ecuador,False,11436,False,11435,14,32
1981-05-19,Germany,Brazil,1,2,Friendly,Stuttgart,Germany,False,11438,True,11436,18,6
1981-05-23,England,Scotland,0,1,British Home Championship,London,England,False,11442,False,11438,16,36
1981-05-30,Switzerland,England,2,1,FIFA World Cup qualification,Basel,Switzerland,False,11449,False,11442,42,16
1981-05-31,Paraguay,Ecuador,3,1,FIFA World Cup qualification,Asunción,Paraguay,False,11450,False,11449,32,14
1981-06-17,Norway,Switzerland,1,1,FIFA World Cup qualification,Oslo,Norway,False,11467,False,11450,30,42
1981-06-20,Portugal,Spain,2,0,Friendly,Porto,Portugal,False,11470,True,11467,33,40
1981-06-21,South Korea,Japan,2,0,Korea Cup,Busan,South Korea,False,11471,False,11470,39,24
1981-06-24,Sweden,Portugal,3,0,FIFA World Cup qualification,Solna,Sweden,False,11474,False,11471,41,33
1981-07-02,Colombia,Spain,1,1,Friendly,Bogotá,Colombia,False,11482,True,11474,9,40
1981-07-08,Brazil,Spain,1,0,Friendly,Salvador,Brazil,False,11488,True,11482,6,40
1981-07-22,Ghana,DR Congo,2,2,African Cup of Nations qualification,Accra,Ghana,False,11502,False,11488,19,13
1981-08-02,DR Congo,Ghana,1,2,African Cup of Nations qualification,Kinshasa,Zaïre,False,11513,False,11502,13,19
1981-08-09,Uruguay,Colombia,3,2,FIFA World Cup qualification,Montevideo,Uruguay,False,11520,False,11513,46,9
1981-08-22,Iraq,Ghana,4,0,Friendly,Baghdad,Iraq,False,11533,True,11520,22,19
1981-08-24,Iraq,Ghana,2,2,Friendly,Baghdad,Iraq,False,11535,True,11533,22,19
1981-09-01,Switzerland,Netherlands,2,1,Friendly,Zürich,Switzerland,False,11543,True,11535,42,28
1981-09-09,Norway,England,2,1,FIFA World Cup qualification,Oslo,Norway,False,11551,False,11543,30,16
1981-09-09,Scotland,Sweden,2,0,FIFA World Cup qualification,Glasgow,Scotland,False,11551,False,11551,36,41
1981-09-09,Belgium,France,2,0,FIFA World Cup qualification,Brussels,Belgium,False,11551,False,11551,4,17
1981-09-12,Japan,New Zealand,0,1,Merdeka Tournament,Kuala Lumpur,Malaysia,True,11554,False,11551,24,29
1981-09-13,Colombia,Uruguay,1,1,FIFA World Cup qualification,Bogotá,Colombia,False,11555,False,11554,9,46
1981-09-13,Iraq,South Korea,1,1,Merdeka Tournament,Kuala Lumpur,Malaysia,True,11555,False,11555,22,39
1981-09-18,Iraq,Japan,2,0,Merdeka Tournament,Kuala Lumpur,Malaysia,True,11560,False,11555,22,24
1981-09-23,Austria,Spain,0,0,Friendly,Vienna,Austria,False,11565,True,11560,3,40
1981-09-27,Morocco,Tunisia,2,2,Friendly,Kenitra,Morocco,False,11569,True,11565,27,43
1981-10-14,Portugal,Sweden,1,2,FIFA World Cup qualification,Lisbon,Portugal,False,11586,False,11569,33,41
1981-10-14,Netherlands,Belgium,3,0,FIFA World Cup qualification,Rotterdam,Netherlands,False,11586,False,11586,28,4
1981-10-14,Austria,Germany,1,3,FIFA World Cup qualification,Vienna,Austria,False,11586,False,11586,3,18
1981-10-17,Saudi Arabia,South Korea,2,0,Friendly,Riyadh,Saudi Arabia,False,11589,True,11586,35,39
1981-10-28,Saudi Arabia,Sweden,1,2,Friendly,Riyadh,Saudi Arabia,False,11600,True,11589,35,41
1981-11-01,Senegal,Morocco,2,0,Friendly,Dakar,Senegal,False,11604,True,11600,37,27
1981-11-06,Canada,Haiti,1,1,CONCACAF Championship,Tegucigalpa,Honduras,True,11609,False,11604,7,20
1981-11-11,Haiti,Mexico,1,1,CONCACAF Championship,Tegucigalpa,Honduras,True,11614,False,11609,20,26
1981-11-15,Mexico,Canada,1,1,CONCACAF Championship,Tegucigalpa,Honduras,True,11618,False,11614,26,7
1981-11-18,France,Netherlands,2,0,FIFA World Cup qualification,Paris,France,False,11621,False,11618,17,28
1981-11-18,Portugal,Scotland,2,1,FIFA World Cup qualification,Lisbon,Portugal,False,11621,False,11621,33,36
1981-11-28,New Zealand,Saudi Arabia,2,2,FIFA World Cup qualification,Auckland,New Zealand,False,11631,False,11621,29,35
1981-12-16,Spain,Belgium,2,0,Friendly,Valencia,Spain,False,11649,True,11631,40,4
1981-12-19,Saudi Arabia,New Zealand,0,5,FIFA World Cup qualification,Riyadh,Saudi Arabia,False,11652,False,11649,35,29
1982-02-07,Tunisia,Algeria,0,1,Friendly,Tunis,Tunisia,False,11702,True,11652,43,0
1982-02-15,Ghana,Ivory Coast,5,5,West African Cup,Cotonou,Benin,True,11710,False,11702,19,23
1982-02-17,Germany,Portugal,3,1,Friendly,Hanover,Germany,False,11712,True,11710,18,33
1982-02-20,South Korea,Uruguay,2,2,Nehru Cup,Calcutta,India,True,11715,False,11712,39,46
1982-02-24,Spain,Scotland,3,0,Friendly,Valencia,Spain,False,11719,True,11715,40,36
1982-03-07,Iraq,South Korea,3,0,Friendly,Baghdad,Iraq,False,11730,True,11719,22,39
1982-03-10,Iraq,South Korea,1,1,Friendly,Baghdad,Iraq,False,11733,True,11730,22,39
1982-03-12,Ghana,Tunisia,1,0,African Cup of Nations,Tripoli,Libya,True,11735,False,11733,19,43
1982-03-16,Algeria,Ghana,2,3,African Cup of Nations,Benghazi,Libya,True,11739,False,11735,0,19
1982-03-21,Brazil,Germany,1,0,Friendly,Rio de Janeiro,Brazil,False,11744,True,11739,6,18
1982-03-21,South Korea,Japan,3,0,Friendly,Seoul,South Korea,False,11744,True,11744,39,24
1982-03-23,Scotland,Netherlands,2,1,Friendly,Glasgow,Scotland,False,11746,True,11744,36,28
1982-03-24,Switzerland,Portugal,2,1,Friendly,Lugano,Switzerland,False,11747,True,11746,42,33
1982-03-24,Argentina,Germany,1,1,Friendly,Buenos Aires,Argentina,False,11747,True,11747,1,18
1982-03-29,Saudi Arabia,Qatar,1,0,Gulf Cup,Abu Dhabi,United Arab Emirates,True,11752,False,11747,35,34
1982-04-28,Spain,Switzerland,2,0,Friendly,Valencia,Spain,False,11782,True,11752,40,42
1982-05-04,Ghana,Senegal,0,0,Friendly,Yaoundé,Cameroon,True,11788,True,11782,19,37
1982-05-05,Brazil,Portugal,3,1,Friendly,São Luís,Brazil,False,11789,True,11788,6,33
1982-05-12,Morocco,Senegal,2,1,Friendly,Casablanca,Morocco,False,11796,True,11789,27,37
1982-05-12,Norway,Germany,2,4,Friendly,Oslo,Norway,False,11796,True,11796,30,18
1982-05-19,Brazil,Switzerland,1,1,Friendly,Recife,Brazil,False,11803,True,11796,6,42
1982-05-25,England,Netherlands,2,0,Friendly,London,England,False,11809,True,11803,16,28
1982-05-29,Scotland,England,0,1,British Home Championship,Glasgow,Scotland,False,11813,False,11809,36,16
1982-06-13,Argentina,Belgium,0,1,FIFA World Cup,Barcelona,Spain,True,11828,False,11813,1,4
1982-06-15,Scotland,New Zealand,5,2,FIFA World Cup,Málaga,Spain,True,11830,False,11828,36,29
1982-06-16,England,France,3,1,FIFA World Cup,Bilbao,Spain,True,11831,False,11830,16,17
1982-06-16,Germany,Algeria,1,2,FIFA World Cup,Gijón,Spain,True,11831,False,11831,18,0
1982-06-18,Brazil,Scotland,4,1,FIFA World Cup,Seville,Spain,True,11833,False,11831,6,36
1982-06-21,Algeria,Austria,0,2,FIFA World Cup,Oviedo,Spain,True,11836,False,11833,0,3
1982-06-23,Brazil,New Zealand,4,0,FIFA World Cup,Seville,Spain,True,11838,False,11836,6,29
1982-06-25,Germany,Austria,1,0,FIFA World Cup,Gijón,Spain,True,11840,False,11838,18,3
1982-06-28,Austria,France,0,1,FIFA World Cup,Madrid,Spain,True,11843,False,11840,3,17
1982-06-29,Germany,England,0,0,FIFA World Cup,Madrid,Spain,True,11844,False,11843,18,16
1982-07-02,Argentina,Brazil,1,3,FIFA World Cup,Barcelona,Spain,True,11847,False,11844,1,6
1982-07-02,Spain,Germany,1,2,FIFA World Cup,Madrid,Spain,False,11847,False,11847,40,18
1982-07-05,Spain,England,0,0,FIFA World Cup,Madrid,Spain,False,11850,False,11847,40,16
1982-07-08,Germany,France,3,3,FIFA World Cup,Seville,Spain,True,11853,False,11850,18,17
1982-08-06,South Korea,Senegal,0,2,Merdeka Tournament,Kuala Lumpur,Malaysia,True,11882,False,11853,39,37
1982-08-11,Norway,Sweden,1,0,Nordic Championship,Oslo,Norway,False,11887,False,11882,30,41
1982-08-20,Ghana,Senegal,2,2,Merdeka Tournament,Kuala Lumpur,Malaysia,True,11896,False,11887,19,37
1982-09-22,Germany,Belgium,0,0,Friendly,Munich,Germany,False,11929,True,11896,18,4
1982-10-03,Saudi Arabia,Morocco,2,1,Friendly,Riyadh,Saudi Arabia,False,11940,True,11929,35,27
1982-10-06,Belgium,Switzerland,3,0,UEFA Euro qualification,Brussels,Belgium,False,11943,False,11940,4,42
1982-10-13,England,Germany,1,2,Friendly,London,England,False,11950,True,11943,16,18
1982-11-10,Netherlands,France,1,2,Friendly,Rotterdam,Netherlands,False,11978,True,11950,28,17
1982-11-17,Switzerland,Scotland,2,0,UEFA Euro qualification,Bern,Switzerland,False,11985,False,11978,42,36
1982-11-17,Austria,Turkey,4,0,UEFA Euro qualification,Vienna,Austria,False,11985,False,11985,3,44
1982-11-21,Japan,Iran,1,0,Asian Games,New Delhi,India,True,11989,False,11985,24,21
1982-11-23,South Korea,Iran,0,1,Asian Games,New Delhi,India,True,11991,False,11989,39,21
1982-11-25,South Korea,Japan,1,2,Asian Games,New Delhi,India,True,11993,False,11991,39,24
1982-11-28,Japan,Iraq,0,1,Asian Games,New Delhi,India,True,11996,False,11993,24,22
1982-12-01,Saudi Arabia,Iraq,0,1,Asian Games,New Delhi,India,True,11999,False,11996,35,22
1982-12-15,Belgium,Scotland,3,2,UEFA Euro qualification,Brussels,Belgium,False,12013,False,11999,4,36
1982-12-19,Tunisia,Algeria,0,1,Friendly,Tunis,Tunisia,False,12017,True,12013,43,0
1983-02-16,Portugal,France,0,3,Friendly,Guimarães,Portugal,False,12076,True,12017,33,17
1983-02-16,Spain,Netherlands,1,0,UEFA Euro qualification,Seville,Spain,False,12076,False,12076,40,28
1983-02-22,New Zealand,Australia,2,1,Trans-Tasman Cup,Auckland,New Zealand,False,12082,False,12076,29,2
1983-02-23,Portugal,Germany,1,0,Friendly,Lisbon,Portugal,False,12083,True,12082,33,18
1983-02-27,Australia,New Zealand,0,2,Trans-Tasman Cup,Melbourne,Australia,False,12087,False,12083,2,29
1983-03-06,Japan,South Korea,1,1,Friendly,Tokyo,Japan,False,12094,True,12087,24,39
1983-03-09,Senegal,Morocco,1,0,Friendly,Dakar,Senegal,False,12097,True,12094,37,27
1983-03-10,Senegal,Morocco,0,0,Friendly,Dakar,Senegal,False,12098,True,12097,37,27
1983-03-23,Tunisia,Morocco,1,0,Friendly,Sousse,Tunisia,False,12111,True,12098,43,27
1983-03-30,Scotland,Switzerland,2,2,UEFA Euro qualification,Glasgow,Scotland,False,12118,False,12111,36,42
1983-04-08,Haiti,United States,0,2,Friendly,Port-au-Prince,Haiti,False,12127,True,12118,20,45
1983-04-23,Turkey,Germany,0,3,UEFA Euro qualification,İzmir,Turkey,False,12142,False,12127,44,18
1983-04-27,Netherlands,Sweden,0,3,Friendly,Utrecht,Netherlands,False,12146,True,12142,28,41
1983-04-27,Austria,Germany,0,0,UEFA Euro qualification,Vienna,Austria,False,12146,False,12146,3,18
1983-04-28,Iraq,Egypt,2,1,Friendly,Baghdad,Iraq,False,12147,True,12146,22,15
1983-05-31,Belgium,France,1,1,Friendly,Luxembourg,Luxembourg,True,12180,True,12147,4,17
1983-06-01,England,Scotland,2,0,British Home Championship,London,England,False,12181,False,12180,16,36
1983-06-02,Paraguay,Uruguay,0,0,Copa Artigas,Asunción,Paraguay,False,12182,False,12181,32,46
1983-06-07,Ghana,New Zealand,0,2,Korea Cup,Seoul,South Korea,True,12187,False,12182,19,29
1983-06-08,Portugal,Brazil,0,4,Friendly,Coimbra,Portugal,False,12188,True,12187,33,6
1983-06-09,Uruguay,Paraguay,3,0,Copa Artigas,Montevideo,Uruguay,False,12189,False,12188,46,32
1983-06-12,Australia,England,0,0,Friendly,Sydney,Australia,False,12192,True,12189,2,16
1983-06-12,Canada,Scotland,0,2,Friendly,Vancouver,Canada,False,12192,True,12192,7,36
1983-06-15,Australia,England,0,1,Friendly,Brisbane,Australia,False,12195,True,12192,2,16
1983-06-15,South Korea,Ghana,1,0,Korea Cup,Seoul,South Korea,False,12195,False,12195,39,19
1983-06-16,Canada,Scotland,0,3,Friendly,Edmonton,Canada,False,12196,True,12195,7,36
1983-06-17,Switzerland,Brazil,1,2,Friendly,Basel,Switzerland,False,12197,True,12196,42,6
1983-06-19,Australia,England,1,1,Friendly,Melbourne,Australia,False,12199,True,12197,2,16
1983-06-22,Sweden,Brazil,3,3,Friendly,Gothenburg,Sweden,False,12202,True,12199,41,6
1983-07-14,Paraguay,Argentina,1,0,Copa Félix Bogado,Asunción,Paraguay,False,12224,False,12202,32,1
1983-07-21,Argentina,Paraguay,0,0,Copa Félix Bogado,Buenos Aires,Argentina,False,12231,False,12224,1,32
1983-07-26,Ecuador,Colombia,0,0,Friendly,Quito,Ecuador,False,12236,True,12231,14,9
1983-07-29,Colombia,Ecuador,0,0,Friendly,Bogotá,Colombia,False,12239,True,12236,9,14
1983-08-10,Ecuador,Argentina,2,2,Copa América,Quito,Ecuador,False,12251,False,12239,14,1
1983-08-13,Senegal,Algeria,1,1,African Cup of Nations qualification,Dakar,Senegal,False,12254,False,12251,37,0
1983-08-14,Egypt,Tunisia,1,0,African Cup of Nations qualification,Cairo,Egypt,False,12255,False,12254,15,43
1983-08-17,Ecuador,Brazil,0,1,Copa América,Quito,Ecuador,False,12258,False,12255,14,6
1983-08-24,Argentina,Brazil,1,0,Copa América,Buenos Aires,Argentina,False,12265,False,12258,1,6
1983-08-25,Algeria,Ivory Coast,3,0,Friendly,Algiers,Algeria,False,12266,True,12265,0,23
1983-08-25,Uruguay,Paraguay,0,0,Friendly,Montevideo,Uruguay,False,12266,True,12266,46,32
1983-08-28,Tunisia,Egypt,0,0,African Cup of Nations qualification,Tunis,Tunisia,False,12269,False,12266,43,15
1983-08-28,Algeria,Senegal,2,0,African Cup of Nations qualification,Algiers,Algeria,False,12269,False,12269,0,37
1983-09-01,Brazil,Ecuador,5,0,Copa América,Goiânia,Brazil,False,12273,False,12269,6,14
1983-09-07,Argentina,Ecuador,2,2,Copa América,Buenos Aires,Argentina,False,12279,False,12273,1,14
1983-09-14,Brazil,Argentina,0,0,Copa América,Rio de Janeiro,Brazil,False,12286,False,12279,6,1
1983-09-21,Scotland,Uruguay,2,0,Friendly,Glasgow,Scotland,False,12293,True,12286,36,46
1983-09-21,Belgium,Netherlands,1,1,Friendly,Brussels,Belgium,False,12293,True,12293,4,28
1983-09-30,Ivory Coast,Ghana,0,2,West African Cup,Abidjan,Ivory Coast,False,12302,False,12293,23,19
1983-10-05,France,Spain,1,1,Friendly,Paris,France,False,12307,True,12302,17,40
1983-10-05,Germany,Austria,3,0,UEFA Euro qualification,Gelsenkirchen,Germany,False,12307,False,12307,18,3
1983-10-12,Scotland,Belgium,1,1,UEFA Euro qualification,Glasgow,Scotland,False,12314,False,12307,36,4
1983-10-13,Paraguay,Brazil,1,1,Copa América,Asunción,Paraguay,False,12315,False,12314,32,6
1983-10-20,Brazil,Paraguay,0,0,Copa América,Uberlândia,Brazil,False,12322,False,12315,6,32
1983-10-26,Germany,Turkey,5,1,UEFA Euro qualification,Berlin,Germany,False,12328,False,12322,18,44
1983-10-27,Uruguay,Brazil,2,0,Copa América,Montevideo,Uruguay,False,12329,False,12328,46,6
1983-11-04,Brazil,Uruguay,1,1,Copa América,Salvador,Brazil,False,12337,False,12329,6,46
1983-11-09,Switzerland,Belgium,3,1,UEFA Euro qualification,Bern,Switzerland,False,12342,False,12337,42,4
1983-11-16,Turkey,Austria,3,1,UEFA Euro qualification,Istanbul,Turkey,False,12349,False,12342,44,3
1983-11-16,Netherlands,Spain,2,1,UEFA Euro qualification,Rotterdam,Netherlands,False,12349,False,12349,28,40
1983-11-22,Mexico,Sweden,2,0,Friendly,Morelia,Mexico,False,12355,True,12349,26,41
1983-11-30,Algeria,Switzerland,1,2,Friendly,Algiers,Algeria,False,12363,True,12355,0,42
1983-12-02,Ivory Coast,Switzerland,1,0,Friendly,Abidjan,Ivory Coast,False,12365,True,12363,23,42
1983-12-06,Mexico,Canada,5,0,Friendly,Irapuato,Mexico,False,12369,True,12365,26,7
1984-01-15,Ivory Coast,Morocco,3,3,Friendly,Abidjan,Ivory Coast,False,12409,True,12369,23,27
1984-01-20,Egypt,Turkey,1,0,Friendly,Cairo,Egypt,False,12414,True,12409,15,44
1984-01-22,Egypt,Turkey,0,1,Friendly,Port Said,Egypt,False,12416,True,12414,15,44
1984-01-31,Ivory Coast,Senegal,1,0,Friendly,Abidjan,Ivory Coast,False,12425,True,12416,23,37
1984-02-05,Ivory Coast,Senegal,4,3,Friendly,Abidjan,Ivory Coast,False,12430,True,12425,23,37
1984-02-21,Saudi Arabia,Algeria,4,2,Friendly,Riyadh,Saudi Arabia,False,12446,True,12430,35,0
1984-02-27,Egypt,Iraq,1,2,Friendly,Cairo,Egypt,False,12452,True,12446,15,22
1984-02-29,Belgium,Germany,0,1,Friendly,Brussels,Belgium,False,12454,True,12452,4,18
1984-02-29,Egypt,Iraq,0,0,Friendly,Cairo,Egypt,False,12454,True,12454,15,22
1984-02-29,France,England,2,0,Friendly,Paris,France,False,12454,True,12454,17,16
1984-03-07,Ivory Coast,Egypt,1,2,African Cup of Nations,Abidjan,Ivory Coast,False,12461,False,12454,23,15
1984-03-08,Algeria,Ghana,2,0,African Cup of Nations,Bouaké,Ivory Coast,True,12462,False,12461,0,19
1984-03-10,Saudi Arabia,Qatar,1,2,Gulf Cup,Muscat,Oman,True,12464,False,12462,35,34
1984-03-17,Algeria,Egypt,3,1,African Cup of Nations,Abidjan,Ivory Coast,True,12471,False,12464,0,15
1984-03-17,Iraq,Saudi Arabia,4,0,Gulf Cup,Muscat,Oman,True,12471,False,12471,22,35
1984-03-25,Iraq,Qatar,1,2,Gulf Cup,Muscat,Oman,True,12479,False,12471,22,34
1984-03-28,Iraq,Qatar,1,1,Gulf Cup,Muscat,Oman,True,12482,False,12479,22,34
1984-03-28,Haiti,Canada,0,1,Friendly,Port-au-Prince,Haiti,False,12482,True,12482,20,7
1984-03-28,France,Austria,1,0,Friendly,Bordeaux,France,False,12482,True,12482,17,3
1984-04-18,France,Germany,1,0,Friendly,Strasbourg,France,False,12503,True,12482,17,18
1984-05-02,Switzerland,Sweden,0,0,Friendly,Bern,Switzerland,False,12517,True,12503,42,41
1984-05-26,Scotland,England,1,1,British Home Championship,Glasgow,Scotland,False,12541,False,12517,36,16
1984-05-26,Switzerland,Spain,0,4,Friendly,Geneva,Switzerland,False,12541,True,12541,42,40
1984-06-01,France,Scotland,2,0,Friendly,Marseille,France,False,12547,True,12541,17,36
1984-06-10,Brazil,England,0,2,Friendly,Rio de Janeiro,Brazil,False,12556,True,12547,6,16
1984-06-13,Uruguay,England,2,0,Friendly,Montevideo,Uruguay,False,12559,True,12556,46,16
1984-06-14,Germany,Portugal,0,0,UEFA Euro,Strasbourg,France,True,12560,False,12559,18,33
1984-06-16,France,Belgium,5,0,UEFA Euro,Nantes,France,False,12562,False,12560,17,4
1984-06-17,Portugal,Spain,1,1,UEFA Euro,Marseille,France,True,12563,False,12562,33,40
1984-06-17,Brazil,Argentina,0,0,Friendly,São Paulo,Brazil,False,12563,True,12563,6,1
1984-06-20,Germany,Spain,0,1,UEFA Euro,Paris,France,True,12566,False,12563,18,40
1984-06-21,Brazil,Uruguay,1,0,Friendly,Curitiba,Brazil,False,12567,True,12566,6,46
1984-06-23,Morocco,Senegal,2,1,Friendly,Casablanca,Morocco,False,12569,True,12567,27,37
1984-06-23,France,Portugal,3,2,UEFA Euro,Marseille,France,False,12569,False,12569,17,33
1984-06-27,France,Spain,2,0,UEFA Euro,Paris,France,False,12573,False,12569,17,40
1984-07-18,Uruguay,Argentina,1,0,Friendly,Montevideo,Uruguay,False,12594,True,12573,46,1
1984-08-02,Argentina,Uruguay,0,0,Friendly,Buenos Aires,Argentina,False,12609,True,12594,1,46
1984-08-22,Sweden,Mexico,1,1,Friendly,Malmö,Sweden,False,12629,True,12609,41,26
1984-08-24,Colombia,Argentina,1,0,Friendly,Bogotá,Colombia,False,12631,True,12629,9,1
1984-09-01,Switzerland,Argentina,0,2,Friendly,Bern,Switzerland,False,12639,True,12631,42,1
1984-09-05,Belgium,Argentina,0,2,Friendly,Brussels,Belgium,False,12643,True,12639,4,1
1984-09-12,Sweden,Portugal,0,1,FIFA World Cup qualification,Solna,Sweden,False,12650,False,12643,41,33
1984-09-12,Norway,Switzerland,0,1,FIFA World Cup qualification,Oslo,Norway,False,12650,False,12650,30,42
1984-09-12,Germany,Argentina,1,3,Friendly,Düsseldorf,Germany,False,12650,True,12650,18,1
1984-09-17,Qatar,Jordan,2,0,AFC Asian Cup qualification,Guangzhou,China,True,12655,False,12650,34,25
1984-09-18,Mexico,Argentina,1,1,Friendly,Monterrey,Mexico,False,12656,True,12655,26,1
1984-09-29,Curaçao,United States,0,0,CONCACAF Championship qualification,Willemstad,Curaçao,False,12667,False,12656,11,45
1984-09-30,South Korea,Japan,1,2,Friendly,Seoul,South Korea,False,12668,True,12667,39,24
1984-10-06,United States,Curaçao,4,0,CONCACAF Championship qualification,St. Louis,United States,False,12674,False,12668,45,11
1984-10-09,Mexico,Colombia,1,0,Friendly,Los Angeles,United States,True,12677,True,12674,26,9
1984-10-11,United States,Colombia,1,0,Friendly,Los Angeles,United States,False,12679,True,12677,45,9
1984-10-16,Algeria,Canada,1,0,Friendly,Algiers,Algeria,False,12684,True,12679,0,7
1984-10-17,Mexico,United States,2,1,Friendly,Nezahualcóyotl,Mexico,False,12685,True,12684,26,45
1984-10-17,Germany,Sweden,2,0,FIFA World Cup qualification,Cologne,Germany,False,12685,False,12685,18,41
1984-10-21,Tunisia,Canada,2,0,Friendly,Tunis,Tunisia,False,12689,True,12685,43,7
1984-10-24,Morocco,Canada,3,2,Friendly,Rabat,Morocco,False,12692,True,12689,27,7
1984-10-25,Argentina,Mexico,1,1,Friendly,Buenos Aires,Argentina,False,12693,True,12692,1,26
1984-10-31,Uruguay,Mexico,1,1,Friendly,Montevideo,Uruguay,False,12699,True,12693,46,26
1984-11-02,Egypt,Canada,1,0,Friendly,Cairo,Egypt,False,12701,True,12699,15,7
1984-11-14,Austria,Netherlands,1,0,FIFA World Cup qualification,Vienna,Austria,False,12713,False,12701,3,28
1984-11-14,Portugal,Sweden,1,3,FIFA World Cup qualification,Lisbon,Portugal,False,12713,False,12713,33,41
1984-11-14,Scotland,Spain,3,1,FIFA World Cup qualification,Glasgow,Scotland,False,12713,False,12713,36,40
1984-11-14,Turkey,England,0,8,FIFA World Cup qualification,Istanbul,Turkey,False,12713,False,12713,44,16
1984-11-18,Ghana,Ivory Coast,2,0,West African Cup,Ouagadougou,Burkina Faso,True,12717,False,12713,19,23
1984-11-30,United States,Ecuador,0,0,Friendly,Hempstead,United States,False,12729,True,12717,45,14
1984-12-02,United States,Ecuador,2,2,Friendly,Miami,United States,False,12731,True,12729,45,14
1984-12-02,Saudi Arabia,South Korea,1,1,AFC Asian Cup,Kallang,Singapore,True,12731,False,12731,35,39
1984-12-04,Mexico,Ecuador,3,2,Friendly,Los Angeles,United States,True,12733,True,12731,26,14
1984-12-08,Qatar,Saudi Arabia,1,1,AFC Asian Cup,Kallang,Singapore,True,12737,False,12733,34,35
1984-12-10,South Korea,Qatar,0,1,AFC Asian Cup,Kallang,Singapore,True,12739,False,12737,39,34
1984-12-13,Saudi Arabia,Iran,1,1,AFC Asian Cup,Kallang,Singapore,True,12742,False,12739,35,21
1984-12-17,Egypt,Norway,0,1,Friendly,Cairo,Egypt,False,12746,True,12742,15,30
1984-12-20,Egypt,Norway,0,1,Friendly,Ismailia,Egypt,False,12749,True,12746,15,30
1984-12-28,Ivory Coast,Tunisia,3,1,Friendly,Abidjan,Ivory Coast,False,12757,True,12749,23,43
1984-12-28,Algeria,Ghana,1,2,Friendly,Abidjan,Ivory Coast,True,12757,True,12757,0,19
1984-12-30,Algeria,Tunisia,3,1,Friendly,Abidjan,Ivory Coast,True,12759,True,12757,0,43
1984-12-30,Ivory Coast,Ghana,2,0,Friendly,Abidjan,Ivory Coast,False,12759,True,12759,23,19
1985-01-01,Ghana,Tunisia,0,2,Friendly,Abidjan,Ivory Coast,True,12761,True,12759,19,43
1985-01-01,Ivory Coast,Algeria,1,1,Friendly,Abidjan,Ivory Coast,False,12761,True,12761,23,0
1985-01-31,Ivory Coast,Egypt,0,1,Friendly,Abidjan,Ivory Coast,False,12791,True,12761,23,15
1985-02-01,Colombia,Switzerland,2,2,Friendly,Bogotá,Colombia,False,12792,True,12791,9,42
1985-02-03,Uruguay,Paraguay,1,0,Copa Artigas,Montevideo,Uruguay,False,12794,False,12792,46,32
1985-02-06,Mexico,Switzerland,1,2,Friendly,Querétaro,Mexico,False,12797,True,12794,26,42
1985-02-08,United States,Switzerland,1,1,Friendly,Tampa,United States,False,12799,True,12797,45,42
1985-02-10,Paraguay,Uruguay,1,3,Copa Artigas,Asunción,Paraguay,False,12801,False,12799,32,46
1985-02-19,Cape Verde,Senegal,0,1,Amílcar Cabral Cup,Bakau,Gambia,True,12810,False,12801,8,37
1985-02-24,Uruguay,Colombia,3,0,Friendly,Montevideo,Uruguay,False,12815,True,12810,46,9
1985-02-24,Portugal,Germany,1,2,FIFA World Cup qualification,Oeiras,Portugal,False,12815,False,12815,33,18
1985-02-27,Spain,Scotland,1,0,FIFA World Cup qualification,Seville,Spain,False,12818,False,12815,40,36
1985-02-28,Paraguay,Colombia,0,3,Friendly,Asunción,Paraguay,False,12819,True,12818,32,9
1985-03-05,Ivory Coast,DR Congo,2,1,Friendly,Abidjan,Ivory Coast,False,12824,True,12819,23,13
1985-03-10,Uruguay,Ecuador,2,1,FIFA World Cup qualification,Montevideo,Uruguay,False,12829,False,12824,46,14
1985-03-15,Jordan,Qatar,1,0,FIFA World Cup qualification,Amman,Jordan,False,12834,False,12829,25,34
1985-03-29,Jordan,Iraq,2,3,FIFA World Cup qualification,Amman,Jordan,False,12848,False,12834,25,22
1985-03-31,Ecuador,Uruguay,0,2,FIFA World Cup qualification,Quito,Ecuador,False,12850,False,12848,14,46
1985-04-02,Canada,United States,2,0,Friendly,Vancouver,Canada,False,12852,True,12850,7,45
1985-04-04,United States,Canada,1,1,Friendly,Portland,United States,False,12854,True,12852,45,7
1985-04-05,Qatar,Iraq,3,0,FIFA World Cup qualification,Doha,Qatar,False,12855,False,12854,34,22
1985-04-07,Ivory Coast,Ghana,0,0,FIFA World Cup qualification,Abidjan,Ivory Coast,False,12857,False,12855,23,19
1985-04-12,Qatar,Jordan,2,0,FIFA World Cup qualification,Doha,Qatar,False,12862,False,12857,34,25
1985-04-13,Canada,Haiti,2,0,CONCACAF Championship,Victoria,Canada,False,12863,False,12862,7,20
1985-04-17,Colombia,Paraguay,2,0,Friendly,Pereira,Colombia,False,12867,True,12863,9,32
1985-04-19,Colombia,Paraguay,2,2,Friendly,Bogotá,Colombia,False,12869,True,12867,9,32
1985-04-19,Iraq,Jordan,2,0,FIFA World Cup qualification,Kuwait City,Kuwait,True,12869,False,12869,22,25
1985-04-21,Ghana,Ivory Coast,2,0,FIFA World Cup qualification,Kumasi,Ghana,False,12871,False,12869,19,23
1985-04-25,Brazil,Colombia,2,1,Friendly,Belo Horizonte,Brazil,False,12875,True,12871,6,9
1985-04-28,Paraguay,Argentina,1,0,Friendly,Asunción,Paraguay,False,12878,True,12875,32,1
1985-04-28,Colombia,Uruguay,2,1,Friendly,Bogotá,Colombia,False,12878,True,12878,9,46
1985-05-01,Tunisia,Algeria,1,0,Friendly,Tunis,Tunisia,False,12881,True,12878,43,0
1985-05-01,Netherlands,Austria,1,1,FIFA World Cup qualification,Rotterdam,Netherlands,False,12881,False,12881,28,3
1985-05-02,Brazil,Uruguay,2,0,Friendly,Recife,Brazil,False,12882,True,12881,6,46
1985-05-05,Brazil,Argentina,2,1,Friendly,Salvador,Brazil,False,12885,True,12882,6,1
1985-05-05,Iraq,Qatar,2,1,FIFA World Cup qualification,Calcutta,India,True,12885,False,12885,22,34
1985-05-08,Haiti,Canada,0,2,CONCACAF Championship,Port-au-Prince,Haiti,False,12888,False,12885,20,7
1985-05-09,Argentina,Paraguay,1,1,Friendly,Buenos Aires,Argentina,False,12889,True,12888,1,32
1985-05-15,Colombia,Brazil,1,0,Friendly,Bogotá,Colombia,False,12895,True,12889,9,6
1985-05-22,Sweden,Norway,1,0,Friendly,Gothenburg,Sweden,False,12902,True,12895,41,30
1985-05-25,Scotland,England,1,0,Rous Cup,Glasgow,Scotland,False,12905,False,12902,36,16
1985-05-26,Japan,Uruguay,1,4,Kirin Cup,Tokyo,Japan,False,12906,False,12905,24,46
1985-06-02,Canada,Ghana,2,1,Korea Cup,Seoul,South Korea,True,12913,False,12906,7,19
1985-06-02,Colombia,Argentina,1,3,FIFA World Cup qualification,Bogotá,Colombia,False,12913,False,12913,9,1
1985-06-09,Mexico,England,1,0,Friendly,Mexico City,Mexico,False,12920,True,12913,26,16
1985-06-09,Canada,Iraq,1,6,Korea Cup,Gwangju,South Korea,True,12920,False,12920,7,22
1985-06-12,England,Germany,3,0,Friendly,Mexico City,Mexico,True,12923,True,12920,16,18
1985-06-15,South Korea,Iraq,2,0,Korea Cup,Seoul,South Korea,False,12926,False,12923,39,22
1985-06-15,Mexico,Germany,2,0,Friendly,Mexico City,Mexico,False,12926,True,12926,26,18
1985-06-16,Argentina,Colombia,1,0,FIFA World Cup qualification,Buenos Aires,Argentina,False,12927,False,12926,1,9
1985-06-16,Paraguay,Brazil,0,2,FIFA World Cup qualification,Asunción,Paraguay,False,12927,False,12927,32,6
1985-06-16,United States,England,0,5,Friendly,Los Angeles,United States,False,12927,True,12927,45,16
1985-06-23,Brazil,Paraguay,1,1,FIFA World Cup qualification,Rio de Janeiro,Brazil,False,12934,False,12927,6,32
1985-07-03,Saudi Arabia,Jordan,4,0,Arab Cup,Taif,Saudi Arabia,False,12944,False,12934,35,25
1985-07-05,Jordan,Qatar,0,2,Arab Cup,Taif,Saudi Arabia,True,12946,False,12944,25,34
1985-07-07,Saudi Arabia,Qatar,1,0,Arab Cup,Taif,Saudi Arabia,False,12948,False,12946,35,34
1985-07-10,Saudi Arabia,Iraq,2,3,Arab Cup,Taif,Saudi Arabia,False,12951,False,12948,35,22
1985-07-12,Egypt,Morocco,0,0,FIFA World Cup qualification,Cairo,Egypt,False,12953,False,12951,15,27
1985-07-12,Saudi Arabia,Qatar,0,0,Arab Cup,Taif,Saudi Arabia,False,12953,False,12953,35,34
1985-07-28,Morocco,Egypt,2,0,FIFA World Cup qualification,Casablanca,Morocco,False,12969,False,12953,27,15
1985-07-28,Tunisia,Saudi Arabia,1,0,Friendly,Tunis,Tunisia,False,12969,True,12969,43,35
1985-08-18,Ivory Coast,Ghana,2,0,African Cup of Nations qualification,Abidjan,Ivory Coast,False,12990,False,12969,23,19
1985-08-21,France,Uruguay,2,0,CONMEBOL–UEFA Cup of Champions,Paris,France,False,12993,False,12990,17,46
1985-08-25,Morocco,DR Congo,1,0,African Cup of Nations qualification,Casablanca,Morocco,False,12997,False,12993,27,13
1985-08-28,Switzerland,Turkey,0,0,Friendly,St. Gallen,Switzerland,False,13000,True,12997,42,44
1985-09-01,Ghana,Ivory Coast,0,0,African Cup of Nations qualification,Kumasi,Ghana,False,13004,False,13000,19,23
1985-09-08,DR Congo,Morocco,0,0,African Cup of Nations qualification,Lubumbashi,Zaïre,False,13011,False,13004,13,27
1985-09-10,Norway,Egypt,3,0,Friendly,Oslo,Norway,False,13013,True,13011,30,15
1985-09-21,New Zealand,Australia,0,0,FIFA World Cup qualification,Auckland,New Zealand,False,13024,False,13013,29,2
1985-09-25,Sweden,Germany,2,2,FIFA World Cup qualification,Solna,Sweden,False,13028,False,13024,41,18
1985-10-06,Tunisia,Algeria,1,4,FIFA World Cup qualification,Tunis,Tunisia,False,13039,False,13028,43,0
1985-10-16,England,Turkey,5,0,FIFA World Cup qualification,London,England,False,13049,False,13039,16,44
1985-10-16,Germany,Portugal,0,1,FIFA World Cup qualification,Stuttgart,Germany,False,13049,False,13049,18,33
1985-10-16,Belgium,Netherlands,1,0,FIFA World Cup qualification,Brussels,Belgium,False,13049,False,13049,4,28
1985-10-18,Algeria,Tunisia,3,0,FIFA World Cup qualification,Algiers,Algeria,False,13051,False,13049,0,43
1985-10-18,Jordan,Mexico,0,0,Friendly,Amman,Jordan,False,13051,True,13051,25,26
1985-10-20,Egypt,Mexico,2,1,Friendly,Cairo,Egypt,False,13053,True,13051,15,26
1985-10-26,Japan,South Korea,1,2,FIFA World Cup qualification,Tokyo,Japan,False,13059,False,13053,24,39
1985-10-27,Paraguay,Colombia,3,0,FIFA World Cup qualification,Asunción,Paraguay,False,13060,False,13059,32,9
1985-11-03,Australia,New Zealand,2,0,FIFA World Cup qualification,Sydney,Australia,False,13067,False,13060,2,29
1985-11-03,Colombia,Paraguay,2,1,FIFA World Cup qualification,Cali,Colombia,False,13067,False,13067,9,32
1985-11-03,South Korea,Japan,1,0,FIFA World Cup qualification,Seoul,South Korea,False,13067,False,13067,39,24
1985-11-13,Switzerland,Norway,1,1,FIFA World Cup qualification,Lucerne,Switzerland,False,13077,False,13067,42,30
1985-11-14,Mexico,Argentina,1,1,Friendly,Los Angeles,United States,True,13078,True,13077,26,1
1985-11-17,Mexico,Argentina,1,1,Friendly,Puebla,Mexico,False,13081,True,13078,26,1
1985-11-19,Egypt,Ivory Coast,0,1,Friendly,Kinshasa,Zaïre,True,13083,True,13081,15,23
1985-11-20,Spain,Austria,0,0,Friendly,Zaragoza,Spain,False,13084,True,13083,40,3
1985-11-20,Netherlands,Belgium,2,1,FIFA World Cup qualification,Rotterdam,Netherlands,False,13084,False,13084,28,4
1985-11-20,Scotland,Australia,2,0,FIFA World Cup qualification,Glasgow,Scotland,False,13084,False,13084,36,2
1985-11-21,DR Congo,Egypt,3,2,Friendly,Kinshasa,Zaïre,False,13085,True,13084,13,15
1985-11-24,DR Congo,Ivory Coast,1,2,Friendly,Kinshasa,Zaïre,False,13088,True,13085,13,23
1985-12-03,Mexico,South Korea,2,1,Friendly,Los Angeles,United States,True,13097,True,13088,26,39
1985-12-04,Australia,Scotland,0,0,FIFA World Cup qualification,Melbourne,Australia,False,13098,False,13097,2,36
1985-12-07,Mexico,Algeria,2,0,Friendly,Mexico City,Mexico,False,13101,True,13098,26,0
1985-12-10,Mexico,South Korea,2,1,Friendly,Guadalajara,Mexico,False,13104,True,13101,26,39
1985-12-13,Algeria,South Korea,0,2,Friendly,Nezahualcóyotl,Mexico,True,13107,True,13104,0,39
1985-12-29,Senegal,Ivory Coast,2,0,Friendly,Dakar,Senegal,False,13123,True,13107,37,23
1986-01-24,Qatar,Tunisia,2,1,Friendly,Doha,Qatar,False,13149,True,13123,34,43
1986-01-29,Egypt,England,0,4,Friendly,Cairo,Egypt,False,13154,True,13149,15,16
1986-01-29,Canada,Paraguay,0,0,Friendly,Vancouver,Canada,False,13154,True,13154,7,32
1986-02-02,Canada,Uruguay,1,3,Miami Cup,Miami,United States,True,13158,False,13154,7,46
1986-02-14,South Korea,Paraguay,1,3,Lunar New Year Cup,So Kon Po,Hong Kong,True,13170,False,13158,39,32
1986-02-17,Saudi Arabia,Algeria,0,0,Friendly,Khobar,Saudi Arabia,False,13173,True,13170,35,0
1986-02-19,Spain,Belgium,3,0,Friendly,Elche,Spain,False,13175,True,13173,40,4
1986-02-20,Iran,Ghana,2,0,Friendly,Tehran,Iran,False,13176,True,13175,21,19
1986-02-21,Saudi Arabia,Algeria,1,1,Friendly,Khobar,Saudi Arabia,False,13177,True,13176,35,0
1986-02-26,Qatar,Paraguay,1,1,Friendly,Doha,Qatar,False,13182,True,13177,34,32
1986-03-01,Qatar,Paraguay,0,3,Friendly,Doha,Qatar,False,13185,True,13182,34,32
1986-03-07,Egypt,Senegal,0,1,African Cup of Nations,Cairo,Egypt,False,13191,False,13185,15,37
1986-03-08,Algeria,Morocco,0,0,African Cup of Nations,Alexandria,Egypt,True,13192,False,13191,0,27
1986-03-10,Egypt,Ivory Coast,2,0,African Cup of Nations,Cairo,Egypt,False,13194,False,13192,15,23
1986-03-12,Turkey,Switzerland,1,0,Friendly,Adana,Turkey,False,13196,True,13194,44,42
1986-03-12,Saudi Arabia,Paraguay,0,0,Friendly,Khobar,Saudi Arabia,False,13196,True,13196,35,32
1986-03-12,Germany,Brazil,2,0,Friendly,Frankfurt,Germany,False,13196,True,13196,18,6
1986-03-13,Ivory Coast,Senegal,1,0,African Cup of Nations,Cairo,Egypt,True,13197,False,13196,23,37
1986-03-17,Egypt,Morocco,1,0,African Cup of Nations,Cairo,Egypt,False,13201,False,13197,15,27
1986-03-20,Ivory Coast,Morocco,3,2,African Cup of Nations,Cairo,Egypt,True,13204,False,13201,23,27
1986-03-26,France,Argentina,2,0,Friendly,Paris,France,False,13210,True,13204,17,1
1986-03-27,Qatar,Iraq,1,1,Gulf Cup,Riffa,Bahrain,True,13211,False,13210,34,22
1986-03-30,Iraq,Saudi Arabia,1,2,Gulf Cup,Riffa,Bahrain,True,13214,False,13211,22,35
1986-04-05,Qatar,Saudi Arabia,0,2,Gulf Cup,Riffa,Bahrain,True,13220,False,13214,34,35
1986-04-09,Switzerland,Germany,0,1,Friendly,Basel,Switzerland,False,13224,True,13220,42,18
1986-04-13,Mexico,Uruguay,1,0,Friendly,Los Angeles,United States,True,13228,True,13224,26,46
1986-04-23,England,Scotland,2,1,Rous Cup,London,England,False,13238,False,13228,16,36
1986-04-27,Mexico,Canada,3,0,Friendly,Mexico City,Mexico,False,13242,True,13238,26,7
1986-04-29,Netherlands,Scotland,0,0,Friendly,Eindhoven,Netherlands,False,13244,True,13242,28,36
1986-04-30,Norway,Argentina,1,0,Friendly,Oslo,Norway,False,13245,True,13244,30,1
1986-05-06,Switzerland,Algeria,2,0,Friendly,Geneva,Switzerland,False,13251,True,13245,42,0
1986-05-11,Japan,Algeria,2,1,Kirin Cup,Matsuyama,Japan,False,13256,False,13251,24,0
1986-05-14,Austria,Sweden,1,0,Friendly,Salzburg,Austria,False,13259,True,13256,3,41
1986-05-14,Germany,Netherlands,3,1,Friendly,Dortmund,Germany,False,13259,True,13259,18,28
1986-05-17,Mexico,England,0,3,Friendly,Los Angeles,United States,True,13262,True,13259,26,16
1986-05-24,Canada,England,0,1,Friendly,Burnaby,Canada,False,13269,True,13262,7,16
1986-06-01,Canada,France,0,1,FIFA World Cup,León,Mexico,True,13277,False,13269,7,17
1986-06-01,Spain,Brazil,0,1,FIFA World Cup,Guadalajara,Mexico,True,13277,False,13277,40,6
1986-06-02,Argentina,South Korea,3,1,FIFA World Cup,Mexico City,Mexico,True,13278,False,13277,1,39
1986-06-03,Mexico,Belgium,2,1,FIFA World Cup,Mexico City,Mexico,False,13279,False,13278,26,4
1986-06-03,Portugal,England,1,0,FIFA World Cup,Monterrey,Mexico,True,13279,False,13279,33,16
1986-06-04,Uruguay,Germany,1,1,FIFA World Cup,Querétaro,Mexico,True,13280,False,13279,46,18
1986-06-04,Paraguay,Iraq,1,0,FIFA World Cup,Toluca,Mexico,True,13280,False,13280,32,22
1986-06-06,Brazil,Algeria,1,0,FIFA World Cup,Guadalajara,Mexico,True,13282,False,13280,6,0
1986-06-06,England,Morocco,0,0,FIFA World Cup,Monterrey,Mexico,True,13282,False,13282,16,27
1986-06-07,Mexico,Paraguay,1,1,FIFA World Cup,Mexico City,Mexico,False,13283,False,13282,26,32
1986-06-08,Germany,Scotland,2,1,FIFA World Cup,Querétaro,Mexico,True,13284,False,13283,18,36
1986-06-08,Iraq,Belgium,1,2,FIFA World Cup,Toluca,Mexico,True,13284,False,13284,22,4
1986-06-11,Portugal,Morocco,1,3,FIFA World Cup,Guadalajara,Mexico,True,13287,False,13284,33,27
1986-06-11,Paraguay,Belgium,2,2,FIFA World Cup,Toluca,Mexico,True,13287,False,13287,32,4
1986-06-11,Mexico,Iraq,1,0,FIFA World Cup,Mexico City,Mexico,False,13287,False,13287,26,22
1986-06-12,Algeria,Spain,0,3,FIFA World Cup,Monterrey,Mexico,True,13288,False,13287,0,40
1986-06-13,Scotland,Uruguay,0,0,FIFA World Cup,Nezahualcóyotl,Mexico,True,13289,False,13288,36,46
1986-06-16,Argentina,Uruguay,1,0,FIFA World Cup,Puebla,Mexico,True,13292,False,13289,1,46
1986-06-17,Morocco,Germany,0,1,FIFA World Cup,Monterrey,Mexico,True,13293,False,13292,27,18
1986-06-18,England,Paraguay,3,0,FIFA World Cup,Mexico City,Mexico,True,13294,False,13293,16,32
1986-06-21,Brazil,France,1,1,FIFA World Cup,Guadalajara,Mexico,True,13297,False,13294,6,17
1986-06-21,Mexico,Germany,0,0,FIFA World Cup,Monterrey,Mexico,False,13297,False,13297,26,18
1986-06-22,Spain,Belgium,1,1,FIFA World Cup,Puebla,Mexico,True,13298,False,13297,40,4
1986-06-22,Argentina,England,2,1,FIFA World Cup,Mexico City,Mexico,True,13298,False,13298,1,16
1986-06-25,France,Germany,0,2,FIFA World Cup,Guadalajara,Mexico,True,13301,False,13298,17,18
1986-06-25,Argentina,Belgium,2,0,FIFA World Cup,Mexico City,Mexico,True,13301,False,13301,1,4
1986-06-28,France,Belgium,4,2,FIFA World Cup,Puebla,Mexico,True,13304,False,13301,17,4
1986-06-29,Argentina,Germany,3,2,FIFA World Cup,Mexico City,Mexico,True,13305,False,13304,1,18
1986-08-02,Ghana,Ivory Coast,0,1,Friendly,Monrovia,Liberia,True,13339,True,13305,19,23
1986-08-19,Switzerland,France,2,0,Friendly,Lausanne,Switzerland,False,13356,True,13339,42,17
1986-08-27,Austria,Switzerland,1,1,Friendly,Innsbruck,Austria,False,13364,True,13356,3,42
1986-09-10,Sweden,England,1,0,Friendly,Solna,Sweden,False,13378,True,13364,41,16
1986-09-22,Japan,Iran,0,2,Asian Games,Daejeon,South Korea,True,13390,False,13378,24,21
1986-09-24,Sweden,Switzerland,2,0,UEFA Euro qualification,Solna,Sweden,False,13392,False,13390,41,42
1986-09-29,Qatar,Saudi Arabia,0,1,Asian Games,Gwangju,South Korea,True,13397,False,13392,34,35
1986-10-01,Saudi Arabia,Iraq,1,1,Asian Games,Seoul,South Korea,True,13399,False,13397,35,22
1986-10-01,South Korea,Iran,1,1,Asian Games,Busan,South Korea,False,13399,False,13399,39,21
1986-10-05,South Korea,Saudi Arabia,2,0,Asian Games,Seoul,South Korea,False,13403,False,13399,39,35
1986-10-12,Portugal,Sweden,1,1,UEFA Euro qualification,Oeiras,Portugal,False,13410,False,13403,33,41
1986-10-15,Germany,Spain,2,2,Friendly,Hanover,Germany,False,13413,True,13410,18,40
1986-10-25,New Zealand,Australia,1,1,Trans-Tasman Cup,Auckland,New Zealand,False,13423,False,13413,29,2
1986-10-29,Austria,Germany,4,1,Friendly,Vienna,Austria,False,13427,True,13423,3,18
1986-10-29,Switzerland,Portugal,1,1,UEFA Euro qualification,Bern,Switzerland,False,13427,False,13427,42,33
1986-11-02,Australia,New Zealand,2,1,Trans-Tasman Cup,Sydney,Australia,False,13431,False,13427,2,29
1986-12-11,Algeria,Ivory Coast,2,1,Friendly,Algiers,Algeria,False,13470,True,13431,0,23
1986-12-14,Algeria,Ivory Coast,2,1,Friendly,Mascara,Algeria,False,13473,True,13470,0,23
1987-01-21,Spain,Netherlands,1,1,Friendly,Barcelona,Spain,False,13511,True,13473,40,28
1987-01-31,Ivory Coast,Ghana,0,2,West African Cup,Monrovia,Liberia,True,13521,False,13511,23,19
1987-02-04,Portugal,Belgium,1,0,Friendly,Braga,Portugal,False,13525,True,13521,33,4
1987-02-07,Tunisia,Austria,1,3,Friendly,Tunis,Tunisia,False,13528,True,13525,43,3
1987-02-18,Spain,England,2,4,Friendly,Madrid,Spain,False,13539,True,13528,40,16
1987-02-25,Cape Verde,Senegal,0,2,Amílcar Cabral Cup,Conakry,Guinea,True,13546,False,13539,8,37
1987-03-18,Ivory Coast,DR Congo,2,1,Friendly,Abidjan,Ivory Coast,False,13567,True,13546,23,13
1987-03-22,Ivory Coast,DR Congo,1,3,Friendly,Abidjan,Ivory Coast,False,13571,True,13567,23,13
1987-03-27,Algeria,Tunisia,1,0,African Cup of Nations qualification,Algiers,Algeria,False,13576,False,13571,0,43
1987-04-01,Austria,Spain,2,3,UEFA Euro qualification,Vienna,Austria,False,13581,False,13576,3,40
1987-04-01,Belgium,Scotland,4,1,UEFA Euro qualification,Brussels,Belgium,False,13581,False,13581,4,36
1987-04-14,Tunisia,Algeria,1,1,African Cup of Nations qualification,Tunis,Tunisia,False,13594,False,13581,43,0
1987-04-29,Turkey,England,0,0,UEFA Euro qualification,İzmir,Turkey,False,13609,False,13594,44,16
1987-05-19,England,Brazil,1,1,Rous Cup,London,England,False,13629,False,13609,16,6
1987-05-23,Scotland,England,0,0,Rous Cup,Glasgow,Scotland,False,13633,False,13629,36,16
1987-05-26,Scotland,Brazil,0,2,Rous Cup,Glasgow,Scotland,False,13636,False,13633,36,6
1987-05-27,Japan,Senegal,2,2,Kirin Cup,Hiroshima,Japan,False,13637,False,13636,24,37
1987-06-08,Egypt,United States,3,1,Korea Cup,Seoul,South Korea,True,13649,False,13637,15,45
1987-06-09,Australia,Morocco,1,0,Korea Cup,Gangneung,South Korea,True,13650,False,13649,2,27
1987-06-10,South Korea,Egypt,0,0,Korea Cup,Masan,South Korea,False,13651,False,13650,39,15
1987-06-11,Colombia,Ecuador,1,0,Friendly,Medellín,Colombia,False,13652,True,13651,9,14
1987-06-12,South Korea,United States,1,0,Korea Cup,Busan,South Korea,False,13653,False,13652,39,45
1987-06-14,Ecuador,Colombia,3,0,Friendly,Guayaquil,Ecuador,False,13655,True,13653,14,9
1987-06-16,Norway,France,2,0,UEFA Euro qualification,Oslo,Norway,False,13657,False,13655,30,17
1987-06-17,Switzerland,Sweden,1,1,UEFA Euro qualification,Lausanne,Switzerland,False,13658,False,13657,42,41
1987-06-19,Australia,Egypt,0,0,Korea Cup,Seoul,South Korea,True,13660,False,13658,2,15
1987-06-19,Uruguay,Ecuador,2,1,Friendly,Montevideo,Uruguay,False,13660,True,13660,46,14
1987-06-20,Argentina,Paraguay,0,1,Friendly,Buenos Aires,Argentina,False,13661,True,13660,1,32
1987-06-21,Brazil,Ecuador,4,1,Friendly,Florianópolis,Brazil,False,13662,True,13661,6,14
1987-06-21,South Korea,Australia,1,1,Korea Cup,Seoul,South Korea,False,13662,False,13662,39,2
1987-07-02,Argentina,Ecuador,3,0,Copa América,Buenos Aires,Argentina,False,13673,False,13662,1,14
1987-07-05,Colombia,Paraguay,3,0,Copa América,Rosario,Argentina,True,13676,False,13673,9,32
1987-07-05,Senegal,DR Congo,0,0,African Cup of Nations qualification,Dakar,Senegal,False,13676,False,13676,37,13
1987-07-09,Argentina,Uruguay,0,1,Copa América,Buenos Aires,Argentina,False,13680,False,13676,1,46
1987-07-11,Argentina,Colombia,1,2,Copa América,Buenos Aires,Argentina,False,13682,False,13680,1,9
1987-07-19,DR Congo,Senegal,0,0,African Cup of Nations qualification,Kinshasa,Zaïre,False,13690,False,13682,13,37
1987-08-02,Egypt,Senegal,1,0,All-African Games,Nairobi,Kenya,True,13704,False,13690,15,37
1987-08-04,Egypt,Ivory Coast,2,1,All-African Games,Nairobi,Kenya,True,13706,False,13704,15,23
1987-08-06,Ivory Coast,Senegal,1,0,All-African Games,Nairobi,Kenya,True,13708,False,13706,23,37
1987-08-07,Algeria,South Korea,2,0,Indonesia Tournament,Jakarta,Indonesia,True,13709,False,13708,0,39
1987-08-08,Senegal,Tunisia,1,0,All-African Games,Nairobi,Kenya,True,13710,False,13709,37,43
1987-08-12,Germany,France,2,1,Friendly,Berlin,Germany,False,13714,True,13710,18,17
1987-08-12,Norway,Sweden,0,0,Friendly,Oslo,Norway,False,13714,True,13714,30,41
1987-08-18,Switzerland,Austria,2,2,Friendly,St. Gallen,Switzerland,False,13720,True,13714,42,3
1987-09-02,Australia,New Zealand,1,1,Trans-Tasman Cup,Melbourne,Australia,False,13735,False,13720,2,29
1987-09-09,New Zealand,Australia,1,0,Trans-Tasman Cup,Lower Hutt,New Zealand,False,13742,False,13735,29,2
1987-09-09,Netherlands,Belgium,0,0,Friendly,Rotterdam,Netherlands,False,13742,True,13742,28,4
1987-09-09,Germany,England,3,1,Friendly,Düsseldorf,Germany,False,13742,True,13742,18,16
1987-09-23,Sweden,Portugal,0,1,UEFA Euro qualification,Solna,Sweden,False,13756,False,13742,41,33
1987-10-06,Mexico,Canada,4,0,Friendly,Toluca,Mexico,False,13769,True,13756,26,7
1987-10-14,England,Turkey,8,0,UEFA Euro qualification,London,England,False,13777,False,13769,16,44
1987-10-14,France,Norway,1,1,UEFA Euro qualification,Paris,France,False,13777,False,13777,17,30
1987-10-14,Germany,Sweden,1,1,Friendly,Gelsenkirchen,Germany,False,13777,True,13777,18,41
1987-10-14,Scotland,Belgium,2,0,UEFA Euro qualification,Glasgow,Scotland,False,13777,False,13777,36,4
1987-10-14,Spain,Austria,2,0,UEFA Euro qualification,Seville,Spain,False,13777,False,13777,40,3
1987-11-11,Portugal,Switzerland,0,0,UEFA Euro qualification,Porto,Portugal,False,13805,False,13777,33,42
1987-12-11,Algeria,Tunisia,0,0,Arab Cup qualification,Algiers,Algeria,False,13835,False,13805,0,43
1987-12-12,Brazil,Germany,1,1,Friendly,Brasília,Brazil,False,13836,True,13835,6,18
1987-12-16,Argentina,Germany,1,0,Friendly,Buenos Aires,Argentina,False,13840,True,13836,1,18
1987-12-19,Ivory Coast,Senegal,1,0,Friendly,Monrovia,Liberia,True,13843,True,13840,23,37
1988-01-06,South Korea,Egypt,1,1,Friendly,Doha,Qatar,True,13861,True,13843,39,15
1988-02-02,Austria,Morocco,1,3,Tournoi de France,Toulouse,France,True,13888,False,13861,3,27
1988-02-02,France,Switzerland,2,1,Tournoi de France,Toulouse,France,False,13888,False,13888,17,42
1988-02-05,Austria,Switzerland,1,2,Tournoi de France,Monaco,Monaco,True,13891,False,13888,3,42
1988-02-05,France,Morocco,2,1,Tournoi de France,Monaco,Monaco,True,13891,False,13891,17,27
1988-02-17,Saudi Arabia,Scotland,2,2,Friendly,Riyadh,Saudi Arabia,False,13903,True,13891,35,36
1988-02-25,Iraq,Tunisia,2,0,Friendly,Baghdad,Iraq,False,13911,True,13903,22,43
1988-03-05,Saudi Arabia,Qatar,0,0,Gulf Cup,Riyadh,Saudi Arabia,False,13920,False,13911,35,34
1988-03-13,Qatar,Iraq,0,3,Gulf Cup,Riyadh,Saudi Arabia,True,13928,False,13920,34,22
1988-03-13,Algeria,Ivory Coast,1,1,African Cup of Nations,Casablanca,Morocco,True,13928,False,13928,0,23
1988-03-13,Morocco,DR Congo,1,1,African Cup of Nations,Casablanca,Morocco,False,13928,False,13928,27,13
1988-03-16,Morocco,Algeria,1,0,African Cup of Nations,Casablanca,Morocco,False,13931,False,13928,27,0
1988-03-16,Saudi Arabia,Iraq,0,2,Gulf Cup,Riyadh,Saudi Arabia,False,13931,False,13931,35,22
1988-03-16,Ivory Coast,DR Congo,1,1,African Cup of Nations,Casablanca,Morocco,True,13931,False,13931,23,13
1988-03-19,Algeria,DR Congo,1,0,African Cup of Nations,Casablanca,Morocco,True,13934,False,13931,0,13
1988-03-19,Morocco,Ivory Coast,0,0,African Cup of Nations,Casablanca,Morocco,False,13934,False,13934,27,23
1988-03-23,England,Netherlands,2,2,Friendly,London,England,False,13938,True,13934,16,28
1988-03-23,France,Spain,2,1,Friendly,Bordeaux,France,False,13938,True,13938,17,40
1988-03-26,Morocco,Algeria,1,1,African Cup of Nations,Casablanca,Morocco,False,13941,False,13938,27,0
1988-03-30,Colombia,Canada,3,0,Friendly,Armenia,Colombia,False,13945,True,13941,9,7
1988-03-31,Germany,Sweden,1,1,Four Nations Tournament,Berlin,Germany,False,13946,False,13945,18,41
1988-04-02,Germany,Argentina,1,0,Four Nations Tournament,Berlin,Germany,False,13948,False,13946,18,1
1988-04-16,Japan,Jordan,1,1,AFC Asian Cup qualification,Kuala Lumpur,Malaysia,True,13962,False,13948,24,25
1988-04-27,Germany,Switzerland,1,0,Friendly,Kaiserslautern,Germany,False,13973,True,13962,18,42
1988-04-27,Spain,Scotland,0,0,Friendly,Madrid,Spain,False,13973,True,13973,40,36
1988-05-17,Scotland,Colombia,0,0,Rous Cup,Glasgow,Scotland,False,13993,False,13973,36,9
1988-05-21,England,Scotland,1,0,Rous Cup,London,England,False,13997,False,13993,16,36
1988-05-24,England,Colombia,1,1,Rous Cup,London,England,False,14000,False,13997,16,9
1988-05-28,Switzerland,England,0,1,Friendly,Basel,Switzerland,False,14004,True,14000,42,16
1988-06-01,Spain,Sweden,1,3,Friendly,Salamanca,Spain,False,14008,True,14004,40,41
1988-06-05,Switzerland,Spain,1,1,Friendly,Basel,Switzerland,False,14012,True,14008,42,40
1988-06-07,United States,Ecuador,0,1,Friendly,Albuquerque,United States,False,14014,True,14012,45,14
1988-06-10,United States,Ecuador,0,2,Friendly,Houston,United States,False,14017,True,14014,45,14
1988-06-12,United States,Ecuador,0,0,Friendly,Fort Worth,United States,False,14019,True,14017,45,14
1988-06-15,England,Netherlands,1,3,UEFA Euro,Düsseldorf,Germany,True,14022,False,14019,16,28
1988-06-17,Germany,Spain,2,0,UEFA Euro,Munich,Germany,False,14024,False,14022,18,40
1988-06-21,Germany,Netherlands,1,2,UEFA Euro,Hamburg,Germany,False,14028,False,14024,18,28
1988-06-21,Saudi Arabia,New Zealand,0,2,Friendly,Melbourne,Australia,True,14028,True,14028,35,29
1988-06-23,Saudi Arabia,New Zealand,2,3,Friendly,Melbourne,Australia,True,14030,True,14028,35,29
1988-07-06,Argentina,Saudi Arabia,2,2,Friendly,Adelaide,Australia,True,14043,True,14030,1,35
1988-07-07,Australia,Brazil,0,1,Friendly,Melbourne,Australia,False,14044,True,14043,2,6
1988-07-09,Iraq,Tunisia,1,1,Arab Cup,Amman,Jordan,True,14046,False,14044,22,43
1988-07-09,Australia,Saudi Arabia,3,0,Friendly,Sydney,Australia,False,14046,True,14046,2,35
1988-07-10,Argentina,Brazil,0,0,Friendly,Melbourne,Australia,True,14047,True,14046,1,6
1988-07-13,Brazil,Saudi Arabia,4,1,Friendly,Melbourne,Australia,True,14050,True,14047,6,35
1988-07-13,Egypt,Tunisia,1,0,Arab Cup,Amman,Jordan,True,14050,False,14050,15,43
1988-07-14,Australia,Argentina,4,1,Friendly,Sydney,Australia,False,14051,True,14050,2,1
1988-07-16,Argentina,Saudi Arabia,2,0,Friendly,Canberra,Australia,True,14053,True,14051,1,35
1988-07-17,Australia,Brazil,0,2,Friendly,Sydney,Australia,False,14054,True,14053,2,6
1988-07-17,Egypt,Iraq,0,0,Arab Cup,Amman,Jordan,True,14054,False,14054,15,22
1988-07-19,Jordan,Iraq,0,3,Arab Cup,Amman,Jordan,False,14056,False,14054,25,22
1988-07-21,Jordan,Egypt,0,2,Arab Cup,Amman,Jordan,False,14058,False,14056,25,15
1988-07-28,Norway,Brazil,1,1,Friendly,Oslo,Norway,False,14065,True,14058,30,6
1988-08-03,Austria,Brazil,0,2,Friendly,Vienna,Austria,False,14071,True,14065,3,6
1988-08-07,Colombia,Uruguay,2,1,Friendly,Bogotá,Colombia,False,14075,True,14071,9,46
1988-09-07,Ecuador,Paraguay,1,5,Friendly,Guayaquil,Ecuador,False,14106,True,14075,14,32
1988-09-14,Norway,Scotland,1,2,FIFA World Cup qualification,Oslo,Norway,False,14113,False,14106,30,36
1988-09-27,Ecuador,Uruguay,1,2,Friendly,Asunción,Paraguay,True,14126,True,14113,14,46
1988-09-28,France,Norway,1,0,FIFA World Cup qualification,Paris,France,False,14127,False,14126,17,30
1988-09-29,Paraguay,Uruguay,3,1,Friendly,Asunción,Paraguay,False,14128,True,14127,32,46
1988-10-12,Belgium,Brazil,1,2,Friendly,Antwerp,Belgium,False,14141,True,14128,4,6
1988-10-12,New Zealand,Australia,1,2,Trans-Tasman Cup,Dunedin,New Zealand,False,14141,False,14141,29,2
1988-10-12,Spain,Argentina,1,1,Friendly,Seville,Spain,False,14141,True,14141,40,1
1988-10-12,Sweden,Portugal,0,0,Friendly,Gothenburg,Sweden,False,14141,True,14141,41,33
1988-10-12,Uruguay,Paraguay,2,0,Friendly,Montevideo,Uruguay,False,14141,True,14141,46,32
1988-10-16,Australia,New Zealand,2,0,Trans-Tasman Cup,Bendigo,Australia,False,14145,False,14141,2,29
1988-10-19,Germany,Netherlands,0,0,FIFA World Cup qualification,Munich,Germany,False,14148,False,14145,18,28
1988-10-19,England,Sweden,0,0,FIFA World Cup qualification,London,England,False,14148,False,14148,16,41
1988-10-19,Belgium,Switzerland,1,0,FIFA World Cup qualification,Brussels,Belgium,False,14148,False,14148,4,42
1988-10-26,Japan,South Korea,0,1,Friendly,Tokyo,Japan,False,14155,True,14148,24,39
1988-11-02,Austria,Turkey,3,2,FIFA World Cup qualification,Vienna,Austria,False,14162,False,14155,3,44
1988-11-14,Saudi Arabia,Egypt,0,0,Friendly,Riyadh,Saudi Arabia,False,14174,True,14162,35,15
1988-11-16,Saudi Arabia,England,1,1,Friendly,Riyadh,Saudi Arabia,False,14176,True,14174,35,16
1988-11-17,Cape Verde,Senegal,0,1,Friendly,Praia,Cape Verde,False,14177,True,14176,8,37
1988-11-29,Saudi Arabia,Tunisia,1,0,Friendly,Khobar,Saudi Arabia,False,14189,True,14177,35,43
1988-12-02,Qatar,Iran,0,2,AFC Asian Cup,Doha,Qatar,False,14192,False,14189,34,21
1988-12-04,Japan,Iran,0,0,AFC Asian Cup,Doha,Qatar,True,14194,False,14192,24,21
1988-12-06,South Korea,Japan,2,0,AFC Asian Cup,Doha,Qatar,True,14196,False,14194,39,24
1988-12-06,Morocco,Egypt,0,0,Friendly,Casablanca,Morocco,False,14196,True,14196,27,15
1988-12-09,Qatar,South Korea,2,3,AFC Asian Cup,Doha,Qatar,False,14199,False,14196,34,39
1988-12-10,Ivory Coast,Tunisia,1,0,Friendly,Abidjan,Ivory Coast,False,14200,True,14199,23,43
1988-12-11,South Korea,Iran,3,0,AFC Asian Cup,Doha,Qatar,True,14201,False,14200,39,21
1988-12-12,Qatar,Japan,3,0,AFC Asian Cup,Doha,Qatar,False,14202,False,14201,34,24
1988-12-14,Egypt,Switzerland,1,3,Friendly,Cairo,Egypt,False,14204,True,14202,15,42
1988-12-15,Saudi Arabia,Iran,1,0,AFC Asian Cup,Doha,Qatar,True,14205,False,14204,35,21
1988-12-18,Ivory Coast,Tunisia,1,1,Friendly,Abidjan,Ivory Coast,False,14208,True,14205,23,43
1988-12-18,South Korea,Saudi Arabia,0,0,AFC Asian Cup,Doha,Qatar,True,14208,False,14208,39,35
1989-01-06,Qatar,Jordan,1,0,FIFA World Cup qualification,Doha,Qatar,False,14227,False,14208,34,25
1989-01-08,DR Congo,Tunisia,3,1,FIFA World Cup qualification,Kinshasa,Zaïre,False,14229,False,14227,13,43
1989-01-13,Jordan,Iraq,0,1,FIFA World Cup qualification,Amman,Jordan,False,14234,False,14229,25,22
1989-01-20,Qatar,Iraq,1,0,FIFA World Cup qualification,Doha,Qatar,False,14241,False,14234,34,22
1989-01-20,Iran,Japan,2,2,Friendly,Tehran,Iran,False,14241,True,14241,21,24
1989-01-22,Tunisia,Morocco,2,1,FIFA World Cup qualification,Tunis,Tunisia,False,14243,False,14241,43,27
1989-01-27,Jordan,Qatar,1,1,FIFA World Cup qualification,Amman,Jordan,False,14248,False,14243,25,34
1989-01-29,Senegal,DR Congo,1,1,Friendly,Dakar,Senegal,False,14250,True,14248,37,13
1989-01-31,Senegal,DR Congo,2,1,Friendly,Dakar,Senegal,False,14252,True,14250,37,13
1989-02-03,Iraq,Jordan,4,0,FIFA World Cup qualification,Baghdad,Iraq,False,14255,False,14252,22,25
1989-02-10,Iraq,Qatar,2,2,FIFA World Cup qualification,Baghdad,Iraq,False,14262,False,14255,22,34
1989-02-15,Portugal,Belgium,1,1,FIFA World Cup qualification,Lisbon,Portugal,False,14267,False,14262,33,4
1989-03-08,Scotland,France,2,0,FIFA World Cup qualification,Glasgow,Scotland,False,14288,False,14267,36,17
1989-03-09,Colombia,Argentina,1,0,Friendly,Barranquilla,Colombia,False,14289,True,14288,9,1
1989-03-12,Australia,New Zealand,4,1,FIFA World Cup qualification,Sydney,Australia,False,14292,False,14289,2,29
1989-03-15,Tunisia,Egypt,0,0,Friendly,Tunis,Tunisia,False,14295,True,14292,43,15
1989-03-15,Brazil,Ecuador,1,0,Friendly,Cuiabá,Brazil,False,14295,True,14295,6,14
1989-03-22,Algeria,Morocco,1,1,Friendly,Bejaia,Algeria,False,14302,True,14295,0,27
1989-04-02,New Zealand,Australia,2,0,FIFA World Cup qualification,Auckland,New Zealand,False,14313,False,14302,29,2
1989-04-04,Algeria,Tunisia,2,0,Friendly,Algiers,Algeria,False,14315,True,14313,0,43
1989-04-12,Brazil,Paraguay,2,0,Friendly,Teresina,Brazil,False,14323,True,14315,6,32
1989-04-13,Ecuador,Argentina,2,2,Friendly,Guayaquil,Ecuador,False,14324,True,14323,14,1
1989-04-26,Netherlands,Germany,1,1,FIFA World Cup qualification,Rotterdam,Netherlands,False,14337,False,14324,28,18
1989-04-26,Portugal,Switzerland,3,1,FIFA World Cup qualification,Lisbon,Portugal,False,14337,False,14337,33,42
1989-05-03,Uruguay,Ecuador,3,1,Friendly,Montevideo,Uruguay,False,14344,True,14337,46,14
1989-05-05,South Korea,Japan,1,0,Friendly,Seoul,South Korea,False,14346,True,14344,39,24
1989-05-23,Ecuador,Uruguay,1,1,Friendly,Quito,Ecuador,False,14364,True,14346,14,46
1989-05-24,Morocco,Algeria,1,0,Friendly,Rabat,Morocco,False,14365,True,14364,27,0
1989-05-27,Scotland,England,0,2,Rous Cup,Glasgow,Scotland,False,14368,False,14365,36,16
1989-05-30,Cape Verde,Senegal,2,1,Amílcar Cabral Cup,Bamako,Mali,True,14371,False,14368,8,37
1989-05-31,Sweden,Algeria,2,0,Friendly,Örebro,Sweden,False,14372,True,14371,41,0
1989-05-31,Norway,Austria,4,1,Friendly,Oslo,Norway,False,14372,True,14372,30,3
1989-06-01,Ivory Coast,DR Congo,1,1,Friendly,Abidjan,Ivory Coast,False,14373,True,14372,23,13
1989-06-08,Canada,Belgium,0,2,Friendly,Ottawa,Canada,False,14380,True,14373,7,4
1989-06-08,Brazil,Portugal,4,0,Friendly,Rio de Janeiro,Brazil,False,14380,True,14380,6,33
1989-06-11,DR Congo,Morocco,0,0,FIFA World Cup qualification,Kinshasa,Zaïre,False,14383,False,14380,13,27
1989-06-11,Ivory Coast,Algeria,0,0,FIFA World Cup qualification,Abidjan,Ivory Coast,False,14383,False,14383,23,0
1989-06-16,Brazil,Sweden,1,2,Friendly,Copenhagen,Denmark,True,14388,True,14383,6,41
1989-06-21,Switzerland,Brazil,1,0,Friendly,Basel,Switzerland,False,14393,True,14388,42,6
1989-06-24,United States,Colombia,0,1,Friendly,Miami,United States,False,14396,True,14393,45,9
1989-06-25,Tunisia,DR Congo,1,0,FIFA World Cup qualification,Tunis,Tunisia,False,14397,False,14396,43,13
1989-06-27,Haiti,Colombia,0,4,Friendly,Miami,United States,True,14399,True,14397,20,9
1989-07-02,Uruguay,Ecuador,0,1,Copa América,Goiânia,Brazil,True,14404,False,14399,46,14
1989-07-04,Argentina,Ecuador,0,0,Copa América,Goiânia,Brazil,True,14406,False,14404,1,14
1989-07-05,Colombia,Paraguay,0,1,Copa América,Salvador,Brazil,True,14407,False,14406,9,32
1989-07-07,Brazil,Colombia,0,0,Copa América,Salvador,Brazil,False,14409,False,14407,6,9
1989-07-08,Uruguay,Argentina,0,1,Copa América,Goiânia,Brazil,True,14410,False,14409,46,1
1989-07-09,Brazil,Paraguay,2,0,Copa América,Recife,Brazil,False,14411,False,14410,6,32
1989-07-12,Brazil,Argentina,2,0,Copa América,Rio de Janeiro,Brazil,False,14414,False,14411,6,1
1989-07-12,Paraguay,Uruguay,0,3,Copa América,Rio de Janeiro,Brazil,True,14414,False,14414,32,46
1989-07-14,Argentina,Uruguay,0,2,Copa América,Rio de Janeiro,Brazil,True,14416,False,14414,1,46
1989-07-14,Brazil,Paraguay,3,0,Copa América,Rio de Janeiro,Brazil,False,14416,False,14416,6,32
1989-07-16,Paraguay,Argentina,0,0,Copa América,Rio de Janeiro,Brazil,True,14418,False,14416,32,1
1989-07-16,Senegal,Tunisia,3,0,African Cup of Nations qualification,Dakar,Senegal,False,14418,False,14418,37,43
1989-07-16,Egypt,DR Congo,2,0,African Cup of Nations qualification,Cairo,Egypt,False,14418,False,14418,15,13
1989-07-16,Brazil,Uruguay,1,0,Copa América,Rio de Janeiro,Brazil,False,14418,False,14418,6,46
1989-07-23,Brazil,Japan,1,0,Friendly,Rio de Janeiro,Brazil,False,14425,True,14418,6,24
1989-07-26,Algeria,Qatar,1,1,Friendly,Tlemcen,Algeria,False,14428,True,14425,0,34
1989-07-28,DR Congo,Egypt,0,0,African Cup of Nations qualification,Kinshasa,Zaïre,False,14430,False,14428,13,15
1989-07-30,Tunisia,Senegal,0,1,African Cup of Nations qualification,Tunis,Tunisia,False,14432,False,14430,43,37
1989-08-06,Uruguay,Colombia,0,0,Friendly,Montevideo,Uruguay,False,14439,True,14432,46,9
1989-08-10,Mexico,South Korea,4,2,Marlboro Cup,Los Angeles,United States,True,14443,False,14439,26,39
1989-08-13,Morocco,Tunisia,0,0,FIFA World Cup qualification,Casablanca,Morocco,False,14446,False,14443,27,43
1989-08-13,United States,South Korea,1,2,Marlboro Cup,Los Angeles,United States,False,14446,False,14446,45,39
1989-08-16,Sweden,France,2,4,Friendly,Malmö,Sweden,False,14449,True,14446,41,17
1989-08-20,Colombia,Ecuador,2,0,FIFA World Cup qualification,Barranquilla,Colombia,False,14453,False,14449,9,14
1989-08-25,Algeria,Ivory Coast,1,0,FIFA World Cup qualification,Annaba,Algeria,False,14458,False,14453,0,23
1989-08-27,Paraguay,Colombia,2,1,FIFA World Cup qualification,Asunción,Paraguay,False,14460,False,14458,32,9
1989-08-27,Morocco,DR Congo,1,1,FIFA World Cup qualification,Kenitra,Morocco,False,14460,False,14460,27,13
1989-09-03,Ecuador,Colombia,0,0,FIFA World Cup qualification,Guayaquil,Ecuador,False,14467,False,14460,14,9
1989-09-05,Norway,France,1,1,FIFA World Cup qualification,Oslo,Norway,False,14469,False,14467,30,17
1989-09-06,Sweden,England,0,0,FIFA World Cup qualification,Solna,Sweden,False,14470,False,14469,41,16
1989-09-06,Belgium,Portugal,3,0,FIFA World Cup qualification,Brussels,Belgium,False,14470,False,14470,4,33
1989-09-10,Paraguay,Ecuador,2,1,FIFA World Cup qualification,Asunción,Paraguay,False,14474,False,14470,32,14
1989-09-16,South Korea,Egypt,0,1,Friendly,Seoul,South Korea,False,14480,True,14474,39,15
1989-09-17,Colombia,Paraguay,2,1,FIFA World Cup qualification,Barranquilla,Colombia,False,14481,False,14480,9,32
1989-09-20,Switzerland,Portugal,1,2,FIFA World Cup qualification,Neuchâtel,Switzerland,False,14484,False,14481,42,33
1989-09-24,Ecuador,Paraguay,3,1,FIFA World Cup qualification,Guayaquil,Ecuador,False,14488,False,14484,14,32
1989-10-08,Algeria,Egypt,0,0,FIFA World Cup qualification,Constantine,Algeria,False,14502,False,14488,0,15
1989-10-11,Switzerland,Belgium,2,2,FIFA World Cup qualification,Basel,Switzerland,False,14505,False,14502,42,4
1989-10-11,France,Scotland,3,0,FIFA World Cup qualification,Paris,France,False,14505,False,14505,17,36
1989-10-13,South Korea,Qatar,0,0,FIFA World Cup qualification,Singapore,Singapore,True,14507,False,14505,39,34
1989-10-16,Qatar,Saudi Arabia,1,1,FIFA World Cup qualification,Singapore,Singapore,True,14510,False,14507,34,35
1989-10-25,Turkey,Austria,3,0,FIFA World Cup qualification,Istanbul,Turkey,False,14519,False,14510,44,3
1989-10-25,Saudi Arabia,South Korea,0,2,FIFA World Cup qualification,Singapore,Singapore,True,14519,False,14519,35,39
1989-11-01,Tunisia,Algeria,0,0,Friendly,Tunis,Tunisia,False,14526,True,14519,43,0
1989-11-03,Qatar,Egypt,0,2,Friendly,Doha,Qatar,False,14528,True,14526,34,15
1989-11-05,Iran,Iraq,0,0,Friendly,Kuwait City,Kuwait,True,14530,True,14528,21,22
1989-11-15,Scotland,Norway,1,1,FIFA World Cup qualification,Glasgow,Scotland,False,14540,False,14530,36,30
1989-11-17,Egypt,Algeria,1,0,FIFA World Cup qualification,Cairo,Egypt,False,14542,False,14540,15,0
1989-12-13,Spain,Switzerland,2,1,Friendly,Santa Cruz de Tenerife,Spain,False,14568,True,14542,40,42
1989-12-20,Netherlands,Brazil,0,1,Friendly,Rotterdam,Netherlands,False,14575,True,14568,28,6
1989-12-31,Senegal,Algeria,0,0,Friendly,Dakar,Senegal,False,14586,True,14575,37,0
1990-01-17,Mexico,Argentina,2,0,Friendly,Los Angeles,United States,True,14603,True,14586,26,1
1990-02-02,Colombia,Uruguay,0,2,Miami Cup,Miami,United States,True,14619,False,14603,9,46
1990-02-04,South Korea,Norway,2,3,Malta International Tournament,Attard,Malta,True,14621,False,14619,39,30
1990-02-04,United States,Colombia,1,1,Miami Cup,Miami,United States,False,14621,False,14621,45,9
1990-02-15,Iraq,South Korea,0,0,Friendly,Baghdad,Iraq,False,14632,True,14621,22,39
1990-02-18,Egypt,South Korea,0,0,Friendly,Cairo,Egypt,False,14635,True,14632,15,39
1990-02-21,Belgium,Sweden,0,0,Friendly,Brussels,Belgium,False,14638,True,14635,4,41
1990-02-21,Morocco,Ivory Coast,2,1,Friendly,Rabat,Morocco,False,14638,True,14638,27,23
1990-02-28,Egypt,Austria,0,0,Friendly,Cairo,Egypt,False,14645,True,14638,15,3
1990-02-28,France,Germany,2,1,Friendly,Montpellier,France,False,14645,True,14645,17,18
1990-03-02,Ivory Coast,Egypt,3,1,African Cup of Nations,Algiers,Algeria,True,14647,False,14645,23,15
1990-03-05,Algeria,Ivory Coast,3,0,African Cup of Nations,Algiers,Algeria,False,14650,False,14647,0,23
1990-03-08,Algeria,Egypt,2,0,African Cup of Nations,Algiers,Algeria,False,14653,False,14650,0,15
1990-03-12,Algeria,Senegal,2,1,African Cup of Nations,Algiers,Algeria,False,14657,False,14653,0,37
1990-03-20,Mexico,Uruguay,2,1,Friendly,Los Angeles,United States,True,14665,True,14657,26,46
1990-03-28,England,Brazil,1,0,Friendly,London,England,False,14673,True,14665,16,6
1990-03-28,Scotland,Argentina,1,0,Friendly,Glasgow,Scotland,False,14673,True,14673,36,1
1990-03-28,Spain,Austria,2,3,Friendly,Málaga,Spain,False,14673,True,14673,40,3
1990-04-11,Algeria,Sweden,1,1,Friendly,Algiers,Algeria,False,14687,True,14673,0,41
1990-04-17,Mexico,Colombia,2,0,Friendly,Los Angeles,United States,True,14693,True,14687,26,9
1990-04-22,United States,Colombia,0,1,Friendly,Miami,United States,False,14698,True,14693,45,9
1990-04-25,Germany,Uruguay,3,3,Friendly,Stuttgart,Germany,False,14701,True,14698,18,46
1990-05-03,Austria,Argentina,1,1,Friendly,Vienna,Austria,False,14709,True,14701,3,1
1990-05-08,Switzerland,Argentina,1,1,Friendly,Bern,Switzerland,False,14714,True,14709,42,1
1990-05-13,Canada,Mexico,2,1,NAFU Championship,Burnaby,Canada,False,14719,False,14714,7,26
1990-05-16,Scotland,Egypt,1,3,Friendly,Aberdeen,Scotland,False,14722,True,14719,36,15
1990-05-22,England,Uruguay,1,2,Friendly,London,England,False,14728,True,14722,16,46
1990-05-26,Egypt,Colombia,1,1,Friendly,Cairo,Egypt,False,14732,True,14728,15,9
1990-05-30,Austria,Netherlands,3,2,Friendly,Vienna,Austria,False,14736,True,14732,3,28
1990-06-01,Jordan,Iraq,0,2,Friendly,Amman,Jordan,False,14738,True,14736,25,22
1990-06-02,Tunisia,England,1,1,Friendly,Tunis,Tunisia,False,14739,True,14738,43,16
1990-06-02,Switzerland,United States,2,1,Friendly,St. Gallen,Switzerland,False,14739,True,14739,42,45
1990-06-02,Belgium,Mexico,3,0,Friendly,Brussels,Belgium,False,14739,True,14739,4,26
1990-06-10,Brazil,Sweden,2,1,FIFA World Cup,Turin,Italy,True,14747,False,14739,6,41
1990-06-12,Belgium,South Korea,2,0,FIFA World Cup,Verona,Italy,True,14749,False,14747,4,39
1990-06-12,Netherlands,Egypt,1,1,FIFA World Cup,Palermo,Italy,True,14749,False,14749,28,15
1990-06-13,Uruguay,Spain,0,0,FIFA World Cup,Udine,Italy,True,14750,False,14749,46,40
1990-06-16,Sweden,Scotland,1,2,FIFA World Cup,Genoa,Italy,True,14753,False,14750,41,36
1990-06-16,England,Netherlands,0,0,FIFA World Cup,Cagliari,Italy,True,14753,False,14753,16,28
1990-06-17,Belgium,Uruguay,3,1,FIFA World Cup,Verona,Italy,True,14754,False,14753,4,46
1990-06-17,South Korea,Spain,1,3,FIFA World Cup,Udine,Italy,True,14754,False,14754,39,40
1990-06-19,Germany,Colombia,1,1,FIFA World Cup,Milan,Italy,True,14756,False,14754,18,9
1990-06-19,Austria,United States,2,1,FIFA World Cup,Florence,Italy,True,14756,False,14756,3,45
1990-06-20,Brazil,Scotland,1,0,FIFA World Cup,Turin,Italy,True,14757,False,14756,6,36
1990-06-21,South Korea,Uruguay,0,1,FIFA World Cup,Udine,Italy,True,14758,False,14757,39,46
1990-06-21,England,Egypt,1,0,FIFA World Cup,Cagliari,Italy,True,14758,False,14758,16,15
1990-06-21,Belgium,Spain,1,2,FIFA World Cup,Verona,Italy,True,14758,False,14758,4,40
1990-06-24,Brazil,Argentina,0,1,FIFA World Cup,Turin,Italy,True,14761,False,14758,6,1
1990-06-24,Germany,Netherlands,2,1,FIFA World Cup,Milan,Italy,True,14761,False,14761,18,28
1990-06-26,England,Belgium,1,0,FIFA World Cup,Bologna,Italy,True,14763,False,14761,16,4
1990-07-04,Germany,England,1,1,FIFA World Cup,Turin,Italy,True,14771,False,14763,18,16
1990-07-08,Germany,Argentina,1,0,FIFA World Cup,Rome,Italy,True,14775,False,14771,18,1
1990-07-27,Japan,South Korea,0,2,Dynasty Cup,Beijing,China,True,14794,False,14775,24,39
1990-08-09,Tunisia,Morocco,0,0,Friendly,Tunis,Tunisia,False,14807,True,14794,43,27
1990-08-21,Austria,Switzerland,1,3,Friendly,Vienna,Austria,False,14819,True,14807,3,42
1990-08-22,Norway,Sweden,1,2,Friendly,Stavanger,Norway,False,14820,True,14819,30,41
1990-08-29,Portugal,Germany,1,1,Friendly,Lisbon,Portugal,False,14827,True,14820,33,18
1990-09-06,South Korea,Australia,1,0,Friendly,Seoul,South Korea,False,14835,True,14827,39,2
1990-09-09,South Korea,Australia,1,0,Friendly,Seoul,South Korea,False,14838,True,14835,39,2
1990-09-12,Spain,Brazil,3,0,Friendly,Gijón,Spain,False,14841,True,14838,40,6
1990-09-28,Japan,Saudi Arabia,0,2,Asian Games,Beijing,China,True,14857,False,14841,24,35
1990-10-01,Iran,Japan,1,0,Asian Games,Beijing,China,True,14860,False,14857,21,24
1990-10-03,South Korea,Iran,0,1,Asian Games,Beijing,China,True,14862,False,14860,39,21
1990-10-10,Sweden,Germany,1,3,Friendly,Solna,Sweden,False,14869,True,14862,41,18
1990-10-17,Portugal,Netherlands,1,0,UEFA Euro qualification,Porto,Portugal,False,14876,False,14869,33,28
1990-10-17,Scotland,Switzerland,2,1,UEFA Euro qualification,Glasgow,Scotland,False,14876,False,14876,36,42
1990-10-17,Croatia,United States,2,1,Friendly,Zagreb,Croatia,False,14876,True,14876,10,45
1990-11-07,Tunisia,Norway,1,3,Friendly,Bizerte,Tunisia,False,14897,True,14876,43,30
1990-12-12,Mexico,Brazil,0,0,Friendly,Los Angeles,United States,True,14932,True,14897,26,6
1990-12-18,Algeria,Senegal,1,0,Friendly,Constantine,Algeria,False,14938,True,14932,0,37
1990-12-19,Germany,Switzerland,4,0,Friendly,Stuttgart,Germany,False,14939,True,14938,18,42
1990-12-19,Portugal,United States,1,0,Friendly,Maia,Portugal,False,14939,True,14939,33,45
1991-01-13,Morocco,Ivory Coast,3,1,African Cup of Nations qualification,Rabat,Morocco,False,14964,False,14939,27,23
1991-01-16,Spain,Portugal,1,1,Friendly,Castellón de la Plana,Spain,False,14967,True,14964,40,33
1991-01-21,Senegal,Ivory Coast,0,0,Dakar Tournament,Dakar,Senegal,False,14972,False,14967,37,23
1991-01-22,Senegal,Algeria,2,2,Dakar Tournament,Dakar,Senegal,False,14973,False,14972,37,0
1991-01-29,Mexico,Colombia,0,0,Friendly,León,Mexico,False,14980,True,14973,26,9
1991-02-01,United States,Switzerland,0,1,Miami Cup,Miami,United States,False,14983,False,14980,45,42
1991-02-03,Colombia,Switzerland,2,3,Miami Cup,Miami,United States,True,14985,False,14983,9,42
1991-02-15,Senegal,Ivory Coast,0,0,Friendly,Dakar,Senegal,False,14997,True,14985,37,23
1991-02-17,Senegal,Algeria,1,3,Friendly,Dakar,Senegal,False,14999,True,14997,37,0
1991-02-20,France,Spain,3,1,UEFA Euro qualification,Paris,France,False,15002,False,14999,17,40
1991-02-27,Brazil,Paraguay,1,1,Friendly,Campo Grande,Brazil,False,15009,True,15002,6,32
1991-03-05,Algeria,Tunisia,2,1,Friendly,Annaba,Algeria,False,15015,True,15009,0,43
1991-03-12,United States,Mexico,2,2,NAFU Championship,Los Angeles,United States,False,15022,False,15015,45,26
1991-03-13,Argentina,Mexico,0,0,Friendly,Buenos Aires,Argentina,False,15023,True,15022,1,26
1991-03-14,Canada,Mexico,0,3,NAFU Championship,Los Angeles,United States,True,15024,False,15023,7,26
1991-03-16,United States,Canada,2,0,NAFU Championship,Torrance,United States,False,15026,False,15024,45,7
1991-03-27,Tunisia,Turkey,0,0,Friendly,Tunis,Tunisia,False,15037,True,15026,43,44
1991-03-27,Argentina,Brazil,3,3,Friendly,Buenos Aires,Argentina,False,15037,True,15037,1,6
1991-04-03,Algeria,Morocco,2,2,Friendly,Annaba,Algeria,False,15044,True,15037,0,27
1991-04-07,Tunisia,Algeria,0,0,Friendly,Tunis,Tunisia,False,15048,True,15044,43,0
1991-04-14,Tunisia,Egypt,2,2,African Cup of Nations qualification,Tunis,Tunisia,False,15055,False,15048,43,15
1991-04-17,Austria,Norway,0,0,Friendly,Vienna,Austria,False,15058,True,15055,3,30
1991-05-01,Turkey,England,0,1,UEFA Euro qualification,İzmir,Turkey,False,15072,False,15058,44,16
1991-05-01,Sweden,Austria,6,0,Friendly,Solna,Sweden,False,15072,True,15072,41,3
1991-05-01,Germany,Belgium,1,0,UEFA Euro qualification,Hanover,Germany,False,15072,False,15072,18,4
1991-05-05,Senegal,Ivory Coast,0,0,Friendly,Dakar,Senegal,False,15076,True,15072,37,23
1991-05-05,United States,Uruguay,1,0,Friendly,Denver,United States,False,15076,True,15076,45,46
1991-05-07,Mexico,Uruguay,0,2,Friendly,Los Angeles,United States,True,15078,True,15076,26,46
1991-05-12,New Zealand,Australia,0,1,Trans-Tasman Cup,Christchurch,New Zealand,False,15083,False,15078,29,2
1991-05-15,Australia,New Zealand,2,1,Trans-Tasman Cup,Adelaide,Australia,False,15086,False,15083,2,29
1991-05-19,United States,Argentina,0,1,Friendly,Palo Alto,United States,False,15090,True,15086,45,1
1991-05-25,England,Argentina,2,2,Friendly,London,England,False,15096,True,15090,16,1
1991-06-01,Australia,England,0,1,Friendly,Sydney,Australia,False,15103,True,15096,2,16
1991-06-03,New Zealand,England,0,1,Friendly,Auckland,New Zealand,False,15105,True,15103,29,16
1991-06-05,Sweden,Colombia,2,2,Friendly,Solna,Sweden,False,15107,True,15105,41,9
1991-06-07,South Korea,Egypt,0,0,Korea Cup,Seoul,South Korea,False,15109,False,15107,39,15
1991-06-08,New Zealand,England,0,2,Friendly,Wellington,New Zealand,False,15110,True,15109,29,16
1991-06-09,Ivory Coast,Senegal,2,0,Friendly,Abidjan,Ivory Coast,False,15111,True,15110,23,37
1991-06-14,South Korea,Australia,0,0,Korea Cup,Seoul,South Korea,False,15116,False,15111,39,2
1991-06-16,South Korea,Egypt,2,0,Korea Cup,Seoul,South Korea,False,15118,False,15116,39,15
1991-06-27,Brazil,Argentina,1,1,Friendly,Curitiba,Brazil,False,15129,True,15118,6,1
1991-06-30,Canada,Mexico,1,3,Gold Cup,Los Angeles,United States,True,15132,False,15129,7,26
1991-07-05,United States,Mexico,2,0,Gold Cup,Los Angeles,United States,False,15137,False,15132,45,26
1991-07-07,Colombia,Ecuador,1,0,Copa América,Valparaíso,Chile,True,15139,False,15137,9,14
1991-07-09,Ecuador,Uruguay,1,1,Copa América,Viña del Mar,Chile,True,15141,False,15139,14,46
1991-07-11,Brazil,Uruguay,1,1,Copa América,Viña del Mar,Chile,True,15143,False,15141,6,46
1991-07-12,Argentina,Paraguay,4,1,Copa América,Concepción,Chile,True,15144,False,15143,1,32
1991-07-13,Brazil,Colombia,0,2,Copa América,Viña del Mar,Chile,True,15145,False,15144,6,9
1991-07-15,Colombia,Uruguay,0,1,Copa América,Viña del Mar,Chile,True,15147,False,15145,9,46
1991-07-15,Brazil,Ecuador,3,1,Copa América,Viña del Mar,Chile,True,15147,False,15147,6,14
1991-07-17,Argentina,Brazil,3,2,Copa América,Santiago,Chile,True,15149,False,15147,1,6
1991-07-19,Brazil,Colombia,2,0,Copa América,Santiago,Chile,True,15151,False,15149,6,9
1991-07-21,Argentina,Colombia,2,1,Copa América,Santiago,Chile,True,15153,False,15151,1,9
1991-07-26,Egypt,Tunisia,2,2,African Cup of Nations qualification,Cairo,Egypt,False,15158,False,15153,15,43
1991-07-27,Japan,South Korea,0,1,Friendly,Nagasaki,Japan,False,15159,True,15158,24,39
1991-07-28,Ivory Coast,Morocco,2,0,African Cup of Nations qualification,Abidjan,Ivory Coast,False,15160,False,15159,23,27
1991-08-08,Norway,Sweden,1,2,Friendly,Oslo,Norway,False,15171,True,15160,30,41
1991-09-04,Turkey,United States,1,1,Friendly,Istanbul,Turkey,False,15198,True,15171,44,45
1991-09-04,Spain,Uruguay,2,1,Friendly,Oviedo,Spain,False,15198,True,15198,40,46
1991-09-04,Portugal,Austria,1,1,Friendly,Porto,Portugal,False,15198,True,15198,33,3
1991-09-11,Switzerland,Scotland,2,2,UEFA Euro qualification,Bern,Switzerland,False,15205,False,15198,42,36
1991-09-11,England,Germany,0,1,Friendly,London,England,False,15205,True,15205,16,18
1991-10-09,Switzerland,Sweden,3,1,Friendly,Lucerne,Switzerland,False,15233,True,15205,42,41
1991-10-12,Spain,France,1,2,UEFA Euro qualification,Seville,Spain,False,15236,False,15233,40,17
1991-10-13,Algeria,Iran,1,0,Friendly,Algiers,Algeria,False,15237,True,15236,0,21
1991-10-16,Netherlands,Portugal,1,0,UEFA Euro qualification,Rotterdam,Netherlands,False,15240,False,15237,28,33
1991-10-16,England,Turkey,1,0,UEFA Euro qualification,London,England,False,15240,False,15240,16,44
1991-10-31,Ghana,Senegal,2,3,Friendly,Abidjan,Ivory Coast,True,15255,True,15240,19,37
1991-11-02,Ivory Coast,Senegal,1,0,Friendly,Abidjan,Ivory Coast,False,15257,True,15255,23,37
1991-11-20,Mexico,Uruguay,1,1,Friendly,Veracruz,Mexico,False,15275,True,15257,26,46
1991-11-20,Belgium,Germany,0,1,UEFA Euro qualification,Brussels,Belgium,False,15275,False,15275,4,18
1991-11-27,Tunisia,Ivory Coast,5,3,Friendly,Tunis,Tunisia,False,15282,True,15275,43,23
1991-11-27,Senegal,Cape Verde,0,0,Amílcar Cabral Cup,Dakar,Senegal,False,15282,False,15282,37,8
1991-12-02,Senegal,Cape Verde,1,0,Amílcar Cabral Cup,Dakar,Senegal,False,15287,False,15282,37,8
1991-12-16,Algeria,Senegal,3,1,Friendly,Algiers,Algeria,False,15301,True,15287,0,37
1991-12-26,Morocco,Algeria,1,1,Friendly,Casablanca,Morocco,False,15311,True,15301,27,0
1992-01-05,DR Congo,Ivory Coast,2,0,Friendly,Kinshasa,Zaïre,False,15321,True,15311,13,23
1992-01-07,Egypt,Norway,0,0,Friendly,Cairo,Egypt,False,15323,True,15321,15,30
1992-01-13,Algeria,Ivory Coast,0,3,African Cup of Nations,Ziguinchor,Senegal,True,15329,False,15323,0,23
1992-01-14,Morocco,DR Congo,1,1,African Cup of Nations,Dakar,Senegal,True,15330,False,15329,27,13
1992-01-15,Portugal,Spain,0,0,Friendly,Torres Novas,Portugal,False,15331,True,15330,33,40
1992-01-17,Egypt,Ghana,0,1,African Cup of Nations,Ziguinchor,Senegal,True,15333,False,15331,15,19
1992-01-26,Australia,Sweden,0,0,Friendly,Sydney,Australia,False,15342,True,15333,2,41
1992-01-26,Ghana,Ivory Coast,0,0,African Cup of Nations,Dakar,Senegal,True,15342,False,15342,19,23
1992-01-29,Australia,Sweden,1,0,Friendly,Adelaide,Australia,False,15345,True,15342,2,41
1992-02-02,Australia,Sweden,1,0,Friendly,Melbourne,Australia,False,15349,True,15345,2,41
1992-02-12,Portugal,Netherlands,2,0,Friendly,Faro,Portugal,False,15359,True,15349,33,28
1992-02-19,England,France,2,0,Friendly,London,England,False,15366,True,15359,16,17
1992-02-26,Brazil,United States,3,0,Friendly,Fortaleza,Brazil,False,15373,True,15366,6,45
1992-02-26,Tunisia,Belgium,2,1,Friendly,Tunis,Tunisia,False,15373,True,15373,43,4
1992-03-11,Spain,United States,2,0,Friendly,Valladolid,Spain,False,15387,True,15373,40,45
1992-03-18,Morocco,United States,3,1,Friendly,Casablanca,Morocco,False,15394,True,15387,27,45
1992-03-25,France,Belgium,3,3,Friendly,Paris,France,False,15401,True,15394,17,4
1992-04-22,Tunisia,Sweden,0,1,Friendly,Tunis,Tunisia,False,15429,True,15401,43,41
1992-04-30,Uruguay,Brazil,1,0,Friendly,Montevideo,Uruguay,False,15437,True,15429,46,6
1992-05-17,England,Brazil,1,1,Friendly,London,England,False,15454,True,15437,16,6
1992-05-17,United States,Scotland,0,1,Friendly,Denver,United States,False,15454,True,15454,45,36
1992-05-20,Canada,Scotland,1,3,Friendly,Toronto,Canada,False,15457,True,15454,7,36
1992-05-27,Switzerland,France,2,1,Friendly,Lausanne,Switzerland,False,15464,True,15457,42,17
1992-05-27,Netherlands,Austria,3,2,Friendly,Sittard,Netherlands,False,15464,True,15464,28,3
1992-05-30,Germany,Turkey,1,0,Friendly,Gelsenkirchen,Germany,False,15467,True,15464,18,44
1992-05-30,Japan,Argentina,0,1,Kirin Cup,Tokyo,Japan,False,15467,False,15467,24,1
1992-06-03,United States,Portugal,1,0,USA Cup,Chicago,United States,False,15471,False,15467,45,33
1992-06-03,Norway,Scotland,0,0,Friendly,Oslo,Norway,False,15471,True,15471,30,36
1992-06-05,France,Netherlands,1,1,Friendly,Lens,France,False,15473,True,15471,17,28
1992-06-10,Sweden,France,1,1,UEFA Euro,Solna,Sweden,False,15478,False,15473,41,17
1992-06-12,Netherlands,Scotland,1,0,UEFA Euro,Gothenburg,Sweden,True,15480,False,15478,28,36
1992-06-13,United States,Australia,0,1,Friendly,Orlando,United States,False,15481,True,15480,45,2
1992-06-14,France,England,0,0,UEFA Euro,Malmö,Sweden,True,15482,False,15481,17,16
1992-06-15,Scotland,Germany,0,2,UEFA Euro,Norrköping,Sweden,True,15483,False,15482,36,18
1992-06-17,Sweden,England,2,1,UEFA Euro,Solna,Sweden,False,15485,False,15483,41,16
1992-06-18,Netherlands,Germany,3,1,UEFA Euro,Gothenburg,Sweden,True,15486,False,15485,28,18
1992-06-18,Argentina,Australia,2,0,Friendly,Buenos Aires,Argentina,False,15486,True,15486,1,2
1992-06-21,Sweden,Germany,2,3,UEFA Euro,Solna,Sweden,False,15489,False,15486,41,18
1992-06-21,Uruguay,Australia,2,0,Friendly,Montevideo,Uruguay,False,15489,True,15489,46,2
1992-07-04,Uruguay,Ecuador,3,1,Friendly,Montevideo,Uruguay,False,15502,True,15489,46,14
1992-07-05,Australia,Croatia,1,0,Friendly,Melbourne,Australia,False,15503,True,15502,2,10
1992-07-08,Australia,Croatia,3,1,Friendly,Adelaide,Australia,False,15506,True,15503,2,10
1992-07-12,Australia,Croatia,0,0,Friendly,Sydney,Australia,False,15510,True,15506,2,10
1992-07-26,Ivory Coast,Egypt,2,0,Friendly,Abidjan,Ivory Coast,False,15524,True,15510,23,15
1992-07-28,Ivory Coast,Egypt,2,2,Friendly,Abidjan,Ivory Coast,False,15526,True,15524,23,15
1992-07-31,Brazil,Mexico,5,0,Friendly,Los Angeles,United States,True,15529,True,15526,6,26
1992-07-31,United States,Colombia,0,1,Friendly,Los Angeles,United States,False,15529,True,15529,45,9
1992-08-02,Mexico,Colombia,0,0,Friendly,Los Angeles,United States,True,15531,True,15529,26,9
1992-08-02,United States,Brazil,0,1,Friendly,Los Angeles,United States,False,15531,True,15531,45,6
1992-08-22,Japan,South Korea,0,0,Dynasty Cup,Beijing,China,True,15551,False,15531,24,39
1992-08-26,Norway,Sweden,2,2,Friendly,Oslo,Norway,False,15555,True,15551,30,41
1992-08-26,France,Brazil,0,2,Friendly,Paris,France,False,15555,True,15555,17,6
1992-08-28,Jordan,Iraq,2,0,Jordan International Tournament,Amman,Jordan,False,15557,False,15555,25,22
1992-08-29,Japan,South Korea,2,2,Dynasty Cup,Beijing,China,True,15558,False,15557,24,39
1992-09-02,Austria,Portugal,1,1,Friendly,Linz,Austria,False,15562,True,15558,3,33
1992-09-03,Canada,United States,0,2,Friendly,Saint John,Canada,False,15563,True,15562,7,45
1992-09-08,Egypt,Jordan,1,1,Arab Cup,Aleppo,Syria,True,15568,False,15563,15,25
1992-09-09,Spain,England,1,0,Friendly,Santander,Spain,False,15569,True,15568,40,16
1992-09-09,Switzerland,Scotland,3,1,FIFA World Cup qualification,Bern,Switzerland,False,15569,False,15569,42,36
1992-09-17,Egypt,Saudi Arabia,3,2,Arab Cup,Aleppo,Syria,True,15577,False,15569,15,35
1992-09-23,Uruguay,Argentina,0,0,Copa Lipton,Montevideo,Uruguay,False,15583,False,15577,46,1
1992-09-23,Norway,Netherlands,2,1,FIFA World Cup qualification,Oslo,Norway,False,15583,False,15583,30,28
1992-10-09,United States,Canada,0,0,Friendly,Greensboro,United States,False,15599,True,15583,45,7
1992-10-14,Scotland,Portugal,0,0,FIFA World Cup qualification,Glasgow,Scotland,False,15604,False,15599,36,33
1992-10-14,France,Austria,2,0,FIFA World Cup qualification,Paris,France,False,15604,False,15604,17,3
1992-10-14,England,Norway,1,1,FIFA World Cup qualification,London,England,False,15604,False,15604,16,30
1992-10-14,Germany,Mexico,1,1,Friendly,Dresden,Germany,False,15604,True,15604,18,26
1992-10-15,Saudi Arabia,United States,3,0,Confederations Cup,Riyadh,Saudi Arabia,False,15605,False,15604,35,45
1992-10-16,Argentina,Ivory Coast,4,0,Confederations Cup,Riyadh,Saudi Arabia,True,15606,False,15605,1,23
1992-10-19,United States,Ivory Coast,5,2,Confederations Cup,Riyadh,Saudi Arabia,True,15609,False,15606,45,23
1992-10-20,Saudi Arabia,Argentina,1,3,Confederations Cup,Riyadh,Saudi Arabia,False,15610,False,15609,35,1
1992-10-22,Croatia,Mexico,3,0,Friendly,Zagreb,Croatia,False,15612,True,15610,10,26
1992-10-31,Saudi Arabia,Qatar,1,1,AFC Asian Cup,Hiroshima,Japan,True,15621,False,15612,35,34
1992-11-03,Japan,Iran,1,0,AFC Asian Cup,Hiroshima,Japan,False,15624,False,15621,24,21
1992-11-08,Japan,Saudi Arabia,1,0,AFC Asian Cup,Hiroshima,Japan,False,15629,False,15624,24,35
1992-11-08,Morocco,Egypt,0,0,African Cup of Nations qualification,Casablanca,Morocco,False,15629,False,15629,27,15
1992-11-18,Germany,Austria,0,0,Friendly,Nuremberg,Germany,False,15639,True,15629,18,3
1992-11-18,England,Turkey,4,0,FIFA World Cup qualification,London,England,False,15639,False,15639,16,44
1992-11-25,Brazil,Uruguay,1,2,Friendly,Campina Grande,Brazil,False,15646,True,15639,6,46
1992-12-10,Qatar,Saudi Arabia,0,1,Gulf Cup,Doha,Qatar,False,15661,False,15646,34,35
1992-12-16,Brazil,Germany,3,1,Friendly,Porto Alegre,Brazil,False,15667,True,15661,6,18
1992-12-16,Turkey,Netherlands,1,3,FIFA World Cup qualification,Istanbul,Turkey,False,15667,False,15667,44,28
1992-12-20,Tunisia,Morocco,1,1,FIFA World Cup qualification,Tunis,Tunisia,False,15671,False,15667,43,27
1992-12-20,Uruguay,Germany,1,4,Friendly,Montevideo,Uruguay,False,15671,True,15671,46,18
1992-12-20,Ghana,Algeria,2,0,FIFA World Cup qualification,Accra,Ghana,False,15671,False,15671,19,0
1993-01-10,Senegal,Algeria,1,2,African Cup of Nations qualification,Dakar,Senegal,False,15692,False,15671,37,0
1993-01-23,Japan,Switzerland,1,1,Friendly,Hong Kong,Hong Kong,True,15705,True,15692,24,42
1993-01-27,Spain,Mexico,1,1,Friendly,Las Palmas,Spain,False,15709,True,15705,40,26
1993-02-10,Portugal,Norway,1,1,Friendly,Faro,Portugal,False,15723,True,15709,33,30
1993-02-18,Argentina,Brazil,1,1,Friendly,Buenos Aires,Argentina,False,15731,True,15723,1,6
1993-02-24,Netherlands,Turkey,3,1,FIFA World Cup qualification,Utrecht,Netherlands,False,15737,False,15731,28,44
1993-02-26,Algeria,Ghana,2,1,FIFA World Cup qualification,Tlemcen,Algeria,False,15739,False,15737,0,19
1993-02-28,Morocco,Tunisia,0,0,FIFA World Cup qualification,Casablanca,Morocco,False,15741,False,15739,27,43
1993-03-09,Canada,South Korea,0,2,Friendly,Coquitlam,Canada,False,15750,True,15741,7,39
1993-03-11,Canada,South Korea,2,0,Friendly,Victoria,Canada,False,15752,True,15750,7,39
1993-03-12,Qatar,Jordan,1,2,Friendly,Doha,Qatar,False,15753,True,15752,34,25
1993-03-14,Japan,United States,3,1,Kirin Cup,Tokyo,Japan,False,15755,False,15753,24,45
1993-03-17,Tunisia,Switzerland,0,1,Friendly,Tunis,Tunisia,False,15758,True,15755,43,42
1993-03-24,Scotland,Germany,0,1,Friendly,Glasgow,Scotland,False,15765,True,15758,36,18
1993-03-27,Austria,France,0,1,FIFA World Cup qualification,Vienna,Austria,False,15768,False,15765,3,17
1993-03-30,Qatar,Norway,1,6,Friendly,Doha,Qatar,False,15771,True,15768,34,30
1993-03-31,Turkey,England,0,2,FIFA World Cup qualification,İzmir,Turkey,False,15772,False,15771,44,16
1993-03-31,Switzerland,Portugal,1,1,FIFA World Cup qualification,Bern,Switzerland,False,15772,False,15772,42,33
1993-04-14,Germany,Ghana,6,1,Friendly,Bochum,Germany,False,15786,True,15772,18,19
1993-04-16,Algeria,Ivory Coast,1,1,FIFA World Cup qualification,Tlemcen,Algeria,False,15788,False,15786,0,23
1993-04-18,Saudi Arabia,New Zealand,3,1,Friendly,Singapore,Singapore,True,15790,True,15788,35,29
1993-04-18,Morocco,Senegal,1,0,FIFA World Cup qualification,Casablanca,Morocco,False,15790,False,15790,27,37
1993-04-24,Saudi Arabia,New Zealand,1,0,Friendly,Singapore,Singapore,True,15796,True,15790,35,29
1993-04-25,Mexico,Canada,4,0,FIFA World Cup qualification,Mexico City,Mexico,False,15797,False,15796,26,7
1993-04-25,South Korea,Iraq,1,1,Friendly,Changwon,South Korea,False,15797,True,15797,39,22
1993-04-28,Portugal,Scotland,5,0,FIFA World Cup qualification,Lisbon,Portugal,False,15800,False,15797,33,36
1993-04-28,Norway,Turkey,3,1,FIFA World Cup qualification,Oslo,Norway,False,15800,False,15800,30,44
1993-04-28,South Korea,Iraq,2,2,Friendly,Ulsan,South Korea,False,15800,True,15800,39,22
1993-04-28,France,Sweden,2,1,FIFA World Cup qualification,Paris,France,False,15800,False,15800,17,41
1993-04-28,England,Netherlands,2,2,FIFA World Cup qualification,London,England,False,15800,False,15800,16,28
1993-05-08,United States,Colombia,1,2,Friendly,Miami,United States,False,15810,True,15800,45,9
1993-05-09,Canada,Mexico,1,2,FIFA World Cup qualification,Toronto,Canada,False,15811,False,15810,7,26
1993-05-19,Sweden,Austria,1,0,FIFA World Cup qualification,Solna,Sweden,False,15821,False,15811,41,3
1993-05-24,Jordan,Iraq,1,1,FIFA World Cup qualification,Irbid,Jordan,False,15826,False,15821,25,22
1993-05-30,New Zealand,Australia,0,1,FIFA World Cup qualification,Auckland,New Zealand,False,15832,False,15826,29,2
1993-06-02,Norway,England,2,0,FIFA World Cup qualification,Oslo,Norway,False,15835,False,15832,30,16
1993-06-06,Australia,New Zealand,3,0,FIFA World Cup qualification,Melbourne,Australia,False,15839,False,15835,2,29
1993-06-06,United States,Brazil,0,2,USA Cup,New Haven,United States,False,15839,False,15839,45,6
1993-06-09,Netherlands,Norway,0,0,FIFA World Cup qualification,Rotterdam,Netherlands,False,15842,False,15839,28,30
1993-06-09,United States,England,2,0,USA Cup,Foxborough,United States,False,15842,False,15842,45,16
1993-06-10,Brazil,Germany,3,3,USA Cup,"Washington, D.C.",United States,True,15843,False,15842,6,18
1993-06-10,Mexico,Paraguay,3,1,Friendly,Mexico City,Mexico,False,15843,True,15843,26,32
1993-06-13,United States,Germany,3,4,USA Cup,Chicago,United States,False,15846,False,15843,45,18
1993-06-13,Brazil,England,1,1,USA Cup,"Washington, D.C.",United States,True,15846,False,15846,6,16
1993-06-14,Iraq,Jordan,4,0,FIFA World Cup qualification,Chengdu,China,True,15847,False,15846,22,25
1993-06-16,Uruguay,United States,1,0,Copa América,Ambato,Ecuador,True,15849,False,15847,46,45
1993-06-16,Colombia,Mexico,2,1,Copa América,Machala,Ecuador,True,15849,False,15849,9,26
1993-06-19,Ecuador,United States,2,0,Copa América,Quito,Ecuador,False,15852,False,15849,14,45
1993-06-19,England,Germany,1,2,USA Cup,Pontiac,United States,True,15852,False,15852,16,18
1993-06-19,South Korea,Egypt,1,2,Korea Cup,Seoul,South Korea,False,15852,False,15852,39,15
1993-06-20,Argentina,Mexico,1,1,Copa América,Guayaquil,Ecuador,True,15853,False,15852,1,26
1993-06-22,Ecuador,Uruguay,2,1,Copa América,Quito,Ecuador,False,15855,False,15853,14,46
1993-06-23,Argentina,Colombia,1,1,Copa América,Guayaquil,Ecuador,True,15856,False,15855,1,9
1993-06-24,Brazil,Paraguay,3,0,Copa América,Cuenca,Ecuador,True,15857,False,15856,6,32
1993-06-26,Colombia,Uruguay,1,1,Copa América,Guayaquil,Ecuador,True,15859,False,15857,9,46
1993-06-26,Ecuador,Paraguay,3,0,Copa América,Quito,Ecuador,False,15859,False,15859,14,32
1993-06-27,Brazil,Argentina,1,1,Copa América,Guayaquil,Ecuador,True,15860,False,15859,6,1
1993-06-28,South Korea,Egypt,0,1,Korea Cup,Seoul,South Korea,False,15861,False,15860,39,15
1993-06-30,Ecuador,Mexico,0,2,Copa América,Quito,Ecuador,False,15863,False,15861,14,26
1993-07-01,Colombia,Argentina,0,0,Copa América,Guayaquil,Ecuador,True,15864,False,15863,9,1
1993-07-03,Ecuador,Colombia,0,1,Copa América,Portoviejo,Ecuador,False,15866,False,15864,14,9
1993-07-04,Argentina,Mexico,2,1,Copa América,Guayaquil,Ecuador,True,15867,False,15866,1,26
1993-07-11,Egypt,Morocco,1,1,African Cup of Nations qualification,Alexandria,Egypt,False,15874,False,15867,15,27
1993-07-14,United States,Panama,2,1,Gold Cup,Dallas,United States,False,15877,False,15874,45,31
1993-07-14,Brazil,Paraguay,2,0,Friendly,Rio de Janeiro,Brazil,False,15877,True,15877,6,32
1993-07-17,Senegal,Morocco,1,3,FIFA World Cup qualification,Dakar,Senegal,False,15880,False,15877,37,27
1993-07-18,Ivory Coast,Algeria,1,0,FIFA World Cup qualification,Abidjan,Ivory Coast,False,15881,False,15880,23,0
1993-07-18,Mexico,Canada,8,0,Gold Cup,Mexico City,Mexico,False,15881,False,15881,26,7
1993-07-18,Ecuador,Brazil,0,0,FIFA World Cup qualification,Guayaquil,Ecuador,False,15881,False,15881,14,6
1993-07-25,Mexico,United States,4,0,Gold Cup,Mexico City,Mexico,False,15888,False,15881,26,45
1993-07-25,Algeria,Senegal,4,0,African Cup of Nations qualification,Tlemcen,Algeria,False,15888,False,15888,0,37
1993-07-31,Canada,Australia,2,1,FIFA World Cup qualification,Edmonton,Canada,False,15894,False,15888,7,2
1993-08-01,Colombia,Paraguay,0,0,FIFA World Cup qualification,Barranquilla,Colombia,False,15895,False,15894,9,32
1993-08-01,Uruguay,Ecuador,0,0,FIFA World Cup qualification,Montevideo,Uruguay,False,15895,False,15895,46,14
1993-08-08,Paraguay,Argentina,1,3,FIFA World Cup qualification,Asunción,Paraguay,False,15902,False,15895,32,1
1993-08-08,Brazil,Mexico,1,1,Friendly,Maceió,Brazil,False,15902,True,15902,6,26
1993-08-11,Sweden,Switzerland,1,2,Friendly,Borås,Sweden,False,15905,True,15902,41,42
1993-08-15,Australia,Canada,2,1,FIFA World Cup qualification,Sydney,Australia,False,15909,False,15905,2,7
1993-08-15,Colombia,Argentina,2,1,FIFA World Cup qualification,Barranquilla,Colombia,False,15909,False,15909,9,1
1993-08-15,Uruguay,Brazil,1,1,FIFA World Cup qualification,Montevideo,Uruguay,False,15909,False,15909,46,6
1993-08-22,Brazil,Ecuador,2,0,FIFA World Cup qualification,São Paulo,Brazil,False,15916,False,15909,6,14
1993-08-22,Paraguay,Colombia,1,1,FIFA World Cup qualification,Asunción,Paraguay,False,15916,False,15916,32,9
1993-08-22,Sweden,France,1,1,FIFA World Cup qualification,Solna,Sweden,False,15916,False,15916,41,17
1993-08-29,Argentina,Paraguay,0,0,FIFA World Cup qualification,Buenos Aires,Argentina,False,15923,False,15916,1,32
1993-09-05,Ecuador,Uruguay,0,1,FIFA World Cup qualification,Guayaquil,Ecuador,False,15930,False,15923,14,46
1993-09-05,Argentina,Colombia,0,5,FIFA World Cup qualification,Buenos Aires,Argentina,False,15930,False,15930,1,9
1993-09-08,Scotland,Switzerland,1,1,FIFA World Cup qualification,Aberdeen,Scotland,False,15933,False,15930,36,42
1993-09-08,Norway,United States,1,0,Friendly,Oslo,Norway,False,15933,True,15933,30,45
1993-09-19,Brazil,Uruguay,2,0,FIFA World Cup qualification,Rio de Janeiro,Brazil,False,15944,False,15933,6,46
1993-09-22,Tunisia,Germany,1,1,Friendly,Tunis,Tunisia,False,15947,True,15944,43,18
1993-09-24,South Korea,Australia,1,1,Friendly,Seoul,South Korea,False,15949,True,15947,39,2
1993-09-26,South Korea,Australia,1,0,Friendly,Seoul,South Korea,False,15951,True,15949,39,2
1993-10-04,Japan,Ivory Coast,1,0,Friendly,Tokyo,Japan,False,15959,True,15951,24,23
1993-10-06,Mexico,South Africa,4,0,Friendly,Los Angeles,United States,True,15961,True,15959,26,38
1993-10-13,United States,Mexico,1,1,Friendly,"Washington, D.C.",United States,False,15968,True,15961,45,26
1993-10-13,Portugal,Switzerland,1,0,FIFA World Cup qualification,Porto,Portugal,False,15968,False,15968,33,42
1993-10-13,Germany,Uruguay,5,0,Friendly,Karlsruhe,Germany,False,15968,True,15968,18,46
1993-10-13,Netherlands,England,2,0,FIFA World Cup qualification,Rotterdam,Netherlands,False,15968,False,15968,28,16
1993-10-15,Saudi Arabia,Japan,0,0,FIFA World Cup qualification,Doha,Qatar,True,15970,False,15968,35,24
1993-10-16,Iran,South Korea,0,3,FIFA World Cup qualification,Doha,Qatar,True,15971,False,15970,21,39
1993-10-18,Japan,Iran,1,2,FIFA World Cup qualification,Doha,Qatar,True,15973,False,15971,24,21
1993-10-19,Iraq,South Korea,2,2,FIFA World Cup qualification,Doha,Qatar,True,15974,False,15973,22,39
1993-10-22,Iran,Iraq,1,2,FIFA World Cup qualification,Doha,Qatar,True,15977,False,15974,21,22
1993-10-22,South Korea,Saudi Arabia,1,1,FIFA World Cup qualification,Doha,Qatar,True,15977,False,15977,39,35
1993-10-24,Iraq,Saudi Arabia,1,1,FIFA World Cup qualification,Doha,Qatar,True,15979,False,15977,22,35
1993-10-25,Japan,South Korea,1,0,FIFA World Cup qualification,Doha,Qatar,True,15980,False,15979,24,39
1993-10-28,Saudi Arabia,Iran,4,3,FIFA World Cup qualification,Doha,Qatar,True,15983,False,15980,35,21
1993-10-28,Iraq,Japan,2,2,FIFA World Cup qualification,Doha,Qatar,True,15983,False,15983,22,24
1993-10-31,Australia,Argentina,1,1,FIFA World Cup qualification,Sydney,Australia,False,15986,False,15983,2,1
1993-11-07,Tunisia,Egypt,2,1,Friendly,Tunis,Tunisia,False,15993,True,15986,43,15
1993-11-10,Turkey,Norway,2,1,FIFA World Cup qualification,Istanbul,Turkey,False,15996,False,15993,44,30
1993-11-10,Austria,Sweden,1,1,FIFA World Cup qualification,Vienna,Austria,False,15996,False,15996,3,41
1993-11-17,Germany,Brazil,2,1,Friendly,Cologne,Germany,False,16003,True,15996,18,6
1993-11-17,Argentina,Australia,1,0,FIFA World Cup qualification,Buenos Aires,Argentina,False,16003,False,16003,1,2
1993-12-15,Argentina,Germany,2,1,Friendly,Miami,United States,True,16031,True,16003,1,18
1993-12-16,Mexico,Brazil,0,1,Friendly,Guadalajara,Mexico,False,16032,True,16031,26,6
1993-12-18,United States,Germany,0,3,Friendly,Palo Alto,United States,False,16034,True,16032,45,18
1993-12-22,Mexico,Germany,0,0,Friendly,Mexico City,Mexico,False,16038,True,16034,26,18
1993-12-29,Ghana,Egypt,0,0,Friendly,Accra,Ghana,False,16045,True,16038,19,15
1993-12-31,Ghana,Tunisia,1,1,Friendly,Accra,Ghana,False,16047,True,16045,19,43
1994-01-02,Ghana,Egypt,2,1,Friendly,Accra,Ghana,False,16049,True,16047,19,15
1994-01-15,United States,Norway,2,1,Friendly,Tempe,United States,False,16062,True,16049,45,30
1994-01-19,Tunisia,Netherlands,2,2,Friendly,Tunis,Tunisia,False,16066,True,16062,43,28
1994-01-19,Spain,Portugal,2,2,Friendly,Vigo,Spain,False,16066,True,16066,40,33
1994-01-22,United States,Switzerland,1,1,Friendly,Fullerton,United States,False,16069,True,16066,45,42
1994-01-26,Mexico,Switzerland,1,5,Friendly,Oakland,United States,True,16073,True,16069,26,42
1994-02-02,Egypt,Morocco,1,1,United Arab Emirates Friendship Tournament,Sharjah,United Arab Emirates,True,16080,False,16073,15,27
1994-02-06,Saudi Arabia,Colombia,1,1,Friendly,Jeddah,Saudi Arabia,False,16084,True,16080,35,9
1994-02-18,Colombia,Sweden,0,0,Joe Robbie Cup,Miami,United States,True,16096,False,16084,9,41
1994-02-20,United States,Sweden,1,3,Joe Robbie Cup,Miami,United States,False,16098,False,16096,45,41
1994-02-23,Turkey,Czech Republic,1,4,Friendly,Istanbul,Turkey,False,16101,True,16098,44,12
1994-02-24,Mexico,Sweden,2,1,Friendly,Fresno,United States,True,16102,True,16101,26,41
1994-02-26,Colombia,South Korea,2,2,Friendly,Monterey Park,United States,True,16104,True,16102,9,39
1994-03-02,Mexico,Colombia,0,0,Friendly,Mexico City,Mexico,False,16108,True,16104,26,9
1994-03-05,United States,South Korea,1,0,Friendly,Monterey Park,United States,False,16111,True,16108,45,39
1994-03-12,United States,South Korea,1,1,Friendly,Fullerton,United States,False,16118,True,16111,45,39
1994-03-23,Spain,Croatia,0,2,Friendly,Valencia,Spain,False,16129,True,16118,40,10
1994-03-23,Scotland,Netherlands,0,1,Friendly,Glasgow,Scotland,False,16129,True,16129,36,28
1994-03-23,Brazil,Argentina,2,0,Friendly,Recife,Brazil,False,16129,True,16129,6,1
1994-03-30,Tunisia,DR Congo,1,1,African Cup of Nations,Tunis,Tunisia,False,16136,False,16129,43,13
1994-03-31,Ghana,Senegal,1,0,African Cup of Nations,Sousse,Tunisia,True,16137,False,16136,19,37
1994-04-03,Ghana,Ivory Coast,1,2,African Cup of Nations,Sousse,Tunisia,True,16140,False,16137,19,23
1994-04-18,Tunisia,Saudi Arabia,2,0,Friendly,Tunis,Tunisia,False,16155,True,16140,43,35
1994-04-20,Switzerland,Czech Republic,3,0,Friendly,Zürich,Switzerland,False,16157,True,16155,42,12
1994-04-20,Norway,Portugal,0,0,Friendly,Oslo,Norway,False,16157,True,16157,30,33
1994-04-20,Austria,Scotland,1,2,Friendly,Vienna,Austria,False,16157,True,16157,3,36
1994-04-20,Argentina,Morocco,3,1,Friendly,Salta,Argentina,False,16157,True,16157,1,27
1994-05-22,England,Norway,0,0,Friendly,London,England,False,16189,True,16157,16,30
1994-05-22,Japan,Australia,1,1,Kirin Cup,Hiroshima,Japan,False,16189,False,16189,24,2
1994-05-25,Ecuador,Argentina,1,0,Friendly,Guayaquil,Ecuador,False,16192,True,16189,14,1
1994-05-25,United States,Saudi Arabia,0,0,Friendly,Piscataway,United States,False,16192,True,16192,45,35
1994-05-26,Australia,France,0,1,Kirin Cup,Kobe,Japan,True,16193,False,16192,2,17
1994-05-27,Netherlands,Scotland,3,1,Friendly,Utrecht,Netherlands,False,16194,True,16193,28,36
1994-05-29,Japan,France,1,4,Kirin Cup,Tokyo,Japan,False,16196,False,16194,24,17
1994-06-01,Canada,Morocco,1,1,Friendly,Montreal,Canada,False,16199,True,16196,7,27
1994-06-02,Austria,Germany,1,5,Friendly,Vienna,Austria,False,16200,True,16199,3,18
1994-06-04,United States,Mexico,1,0,Friendly,Pasadena,United States,False,16202,True,16200,45,26
1994-06-04,Croatia,Argentina,0,0,Friendly,Zagreb,Croatia,False,16202,True,16202,10,1
1994-06-05,Canada,Brazil,1,1,Friendly,Edmonton,Canada,False,16203,True,16202,7,6
1994-06-05,Ecuador,South Korea,2,1,Friendly,Wakefield,United States,True,16203,True,16203,14,39
1994-06-05,Sweden,Norway,2,0,Friendly,Solna,Sweden,False,16203,True,16203,41,30
1994-06-08,Canada,Germany,0,2,Friendly,Toronto,Canada,False,16206,True,16203,7,18
1994-06-08,Australia,South Africa,1,0,Friendly,Adelaide,Australia,False,16206,True,16206,2,38
1994-06-10,Canada,Spain,0,2,Friendly,Montreal,Canada,False,16208,True,16206,7,40
1994-06-12,Canada,Netherlands,0,3,Friendly,Toronto,Canada,False,16210,True,16208,7,28
1994-06-12,Australia,South Africa,1,0,Friendly,Sydney,Australia,False,16210,True,16210,2,38
1994-06-17,Spain,South Korea,2,2,FIFA World Cup,Dallas,United States,True,16215,False,16210,40,39
1994-06-18,United States,Switzerland,1,1,FIFA World Cup,Pontiac,United States,False,16216,False,16215,45,42
1994-06-19,Belgium,Morocco,1,0,FIFA World Cup,Orlando,United States,True,16217,False,16216,4,27
1994-06-19,Norway,Mexico,1,0,FIFA World Cup,"Washington, D.C.",United States,True,16217,False,16217,30,26
1994-06-20,Netherlands,Saudi Arabia,2,1,FIFA World Cup,"Washington, D.C.",United States,True,16218,False,16217,28,35
1994-06-21,Germany,Spain,1,1,FIFA World Cup,Chicago,United States,True,16219,False,16218,18,40
1994-06-22,United States,Colombia,2,1,FIFA World Cup,Pasadena,United States,False,16220,False,16219,45,9
1994-06-25,Belgium,Netherlands,1,0,FIFA World Cup,Orlando,United States,True,16223,False,16220,4,28
1994-06-25,Saudi Arabia,Morocco,2,1,FIFA World Cup,East Rutherford,United States,True,16223,False,16223,35,27
1994-06-26,Switzerland,Colombia,0,2,FIFA World Cup,Palo Alto,United States,True,16224,False,16223,42,9
1994-06-27,Germany,South Korea,3,2,FIFA World Cup,Dallas,United States,True,16225,False,16224,18,39
1994-06-28,Brazil,Sweden,1,1,FIFA World Cup,Pontiac,United States,True,16226,False,16225,6,41
1994-06-29,Belgium,Saudi Arabia,0,1,FIFA World Cup,"Washington, D.C.",United States,True,16227,False,16226,4,35
1994-06-29,Morocco,Netherlands,1,2,FIFA World Cup,Orlando,United States,True,16227,False,16227,27,28
1994-07-02,Germany,Belgium,3,2,FIFA World Cup,Chicago,United States,True,16230,False,16227,18,4
1994-07-02,Spain,Switzerland,3,0,FIFA World Cup,"Washington, D.C.",United States,True,16230,False,16230,40,42
1994-07-03,Saudi Arabia,Sweden,1,3,FIFA World Cup,Dallas,United States,True,16231,False,16230,35,41
1994-07-04,United States,Brazil,0,1,FIFA World Cup,Palo Alto,United States,False,16232,False,16231,45,6
1994-07-08,Japan,Ghana,3,2,Friendly,Nagoya,Japan,False,16236,True,16232,24,19
1994-07-09,Netherlands,Brazil,2,3,FIFA World Cup,Dallas,United States,True,16237,False,16236,28,6
1994-07-13,Sweden,Brazil,0,1,FIFA World Cup,Pasadena,United States,True,16241,False,16237,41,6
1994-07-14,Japan,Ghana,2,1,Friendly,Kobe,Japan,False,16242,True,16241,24,19
1994-08-17,France,Czech Republic,2,2,Friendly,Bordeaux,France,False,16276,True,16242,17,12
1994-08-23,Egypt,Ghana,2,0,Friendly,Cairo,Egypt,False,16282,True,16276,15,19
1994-09-07,England,United States,2,0,Friendly,London,England,False,16297,True,16282,16,45
1994-09-27,Japan,Australia,0,0,Friendly,Tokyo,Japan,False,16317,True,16297,24,2
1994-10-01,Saudi Arabia,Uzbekistan,1,4,Asian Games,Hiroshima,Japan,True,16321,False,16317,35,47
1994-10-05,Japan,Qatar,1,1,Asian Games,Hiroshima,Japan,False,16325,False,16321,24,34
1994-10-11,Japan,South Korea,2,3,Asian Games,Hiroshima,Japan,False,16331,False,16325,24,39
1994-10-12,Switzerland,Sweden,4,2,UEFA Euro qualification,Bern,Switzerland,False,16332,False,16331,42,41
1994-10-12,Norway,Netherlands,1,1,UEFA Euro qualification,Oslo,Norway,False,16332,False,16332,30,28
1994-10-13,Uzbekistan,South Korea,1,0,Asian Games,Hiroshima,Japan,True,16333,False,16332,47,39
1994-10-19,Saudi Arabia,United States,2,1,Friendly,Khobar,Saudi Arabia,False,16339,True,16333,35,45
1994-11-08,Tunisia,Ivory Coast,2,0,Friendly,Tunis,Tunisia,False,16359,True,16339,43,23
1994-11-12,Qatar,Saudi Arabia,1,2,Gulf Cup,Abu Dhabi,United Arab Emirates,True,16363,False,16359,34,35
1994-11-13,Portugal,Austria,1,0,UEFA Euro qualification,Lisbon,Portugal,False,16364,False,16363,33,3
1994-11-13,Morocco,Ivory Coast,1,0,African Cup of Nations qualification,Casablanca,Morocco,False,16364,False,16364,27,23
1994-11-16,Netherlands,Czech Republic,0,0,UEFA Euro qualification,Rotterdam,Netherlands,False,16367,False,16364,28,12
1994-11-30,South Africa,Ivory Coast,0,0,Simba Tournament,Port Elizabeth,South Africa,False,16381,False,16367,38,23
1994-12-04,Ghana,Ivory Coast,1,1,Simba Tournament,Johannesburg,South Africa,True,16385,False,16381,19,23
1994-12-14,Turkey,Switzerland,1,2,UEFA Euro qualification,Istanbul,Turkey,False,16395,False,16385,44,42
1994-12-16,Tunisia,Algeria,1,0,Friendly,Sfax,Tunisia,False,16397,True,16395,43,0
1994-12-17,Belgium,Spain,1,4,UEFA Euro qualification,Brussels,Belgium,False,16398,False,16397,4,40
1995-01-02,Tunisia,Egypt,2,0,Friendly,Sousse,Tunisia,False,16414,True,16398,43,15
1995-01-06,Saudi Arabia,Mexico,0,2,Confederations Cup,Riyadh,Saudi Arabia,False,16418,False,16414,35,26
1995-01-07,Senegal,Tunisia,0,0,African Cup of Nations qualification,Ziguinchor,Senegal,False,16419,False,16418,37,43
1995-01-08,Japan,Argentina,1,5,Confederations Cup,Riyadh,Saudi Arabia,True,16420,False,16419,24,1
1995-01-08,Algeria,Egypt,1,0,African Cup of Nations qualification,Algiers,Algeria,False,16420,False,16420,0,15
1995-01-18,Spain,Uruguay,2,2,Friendly,A Coruña,Spain,False,16430,True,16420,40,46
1995-01-18,Netherlands,France,0,1,Friendly,Utrecht,Netherlands,False,16430,True,16430,28,17
1995-01-26,Canada,Portugal,1,1,Friendly,Toronto,Canada,False,16438,True,16430,7,33
1995-01-31,South Korea,Colombia,1,0,Lunar New Year Cup,So Kon Po,Hong Kong,True,16443,False,16438,39,9
1995-02-01,Mexico,Uruguay,1,0,Friendly,San Diego,United States,True,16444,True,16443,26,46
1995-02-11,Australia,Colombia,0,1,Friendly,Sydney,Australia,False,16454,True,16444,2,9
1995-02-15,Australia,Japan,2,1,Friendly,Sydney,Australia,False,16458,True,16454,2,24
1995-02-21,Japan,South Korea,1,1,Dynasty Cup,Victoria,Hong Kong,True,16464,False,16458,24,39
1995-02-22,Netherlands,Portugal,0,1,Friendly,Eindhoven,Netherlands,False,16465,True,16464,28,33
1995-02-22,Spain,Germany,0,0,Friendly,Jerez de la Frontera,Spain,False,16465,True,16465,40,18
1995-02-26,Japan,South Korea,2,2,Dynasty Cup,Victoria,Hong Kong,True,16469,False,16465,24,39
1995-03-01,Morocco,Senegal,2,0,Friendly,Casablanca,Morocco,False,16472,True,16469,27,37
1995-03-08,Iraq,Uzbekistan,3,1,Nehru Cup,Calcutta,India,True,16479,False,16472,22,47
1995-03-22,Colombia,Uruguay,2,1,Friendly,Medellín,Colombia,False,16493,True,16479,9,46
1995-03-25,United States,Uruguay,2,2,Friendly,Dallas,United States,False,16496,True,16493,45,46
1995-03-29,Spain,Belgium,1,1,UEFA Euro qualification,Seville,Spain,False,16500,False,16496,40,4
1995-03-29,Turkey,Sweden,2,1,UEFA Euro qualification,Istanbul,Turkey,False,16500,False,16500,44,41
1995-03-29,England,Uruguay,0,0,Friendly,London,England,False,16500,True,16500,16,46
1995-04-14,Egypt,Tunisia,1,0,Friendly,Port Said,Egypt,False,16516,True,16500,15,43
1995-04-22,Belgium,United States,1,0,Friendly,Brussels,Belgium,False,16524,True,16516,4,45
1995-04-26,Switzerland,Turkey,1,2,UEFA Euro qualification,Bern,Switzerland,False,16528,False,16524,42,44
1995-04-26,Czech Republic,Netherlands,3,1,UEFA Euro qualification,Prague,Czech Republic,False,16528,False,16528,12,28
1995-05-13,South Africa,Argentina,1,1,Friendly,Johannesburg,South Africa,False,16545,True,16528,38,1
1995-05-18,Morocco,Egypt,0,0,Friendly,Marrakesh,Morocco,False,16550,True,16545,27,15
1995-05-21,Japan,Scotland,0,0,Kirin Cup,Hiroshima,Japan,False,16553,False,16550,24,36
1995-05-24,Ecuador,Scotland,1,2,Kirin Cup,Toyama,Japan,True,16556,False,16553,14,36
1995-05-25,Norway,Ghana,3,2,Friendly,Oslo,Norway,False,16557,True,16556,30,19
1995-05-28,Japan,Ecuador,3,0,Kirin Cup,Tokyo,Japan,False,16560,False,16557,24,14
1995-06-03,England,Japan,2,1,Friendly,London,England,False,16566,True,16560,16,24
1995-06-04,Ivory Coast,Morocco,2,0,African Cup of Nations qualification,Abidjan,Ivory Coast,False,16567,False,16566,23,27
1995-06-04,Canada,Turkey,1,3,Friendly,Toronto,Canada,False,16567,True,16567,7,44
1995-06-04,Brazil,Sweden,1,0,Friendly,Birmingham,England,True,16567,True,16567,6,41
1995-06-06,Brazil,Japan,3,0,Friendly,Liverpool,England,True,16569,True,16567,6,24
1995-06-07,Canada,Turkey,0,3,Friendly,Montreal,Canada,False,16570,True,16569,7,44
1995-06-08,England,Sweden,3,3,Friendly,Leeds,England,False,16571,True,16570,16,41
1995-06-10,Sweden,Japan,2,2,Friendly,Nottingham,England,True,16573,True,16571,41,24
1995-06-11,England,Brazil,1,3,Friendly,London,England,False,16574,True,16573,16,6
1995-06-14,Argentina,Paraguay,2,1,Friendly,Rosario,Argentina,False,16577,True,16574,1,32
1995-06-18,United States,Mexico,4,0,USA Cup,"Washington, D.C.",United States,False,16581,False,16577,45,26
1995-06-18,Australia,Ghana,2,1,Friendly,Sydney,Australia,False,16581,True,16581,2,19
1995-06-20,New Zealand,Turkey,1,2,Friendly,Coquimbo,Chile,True,16583,True,16581,29,44
1995-06-21,Australia,Ghana,1,0,Friendly,Adelaide,Australia,False,16584,True,16583,2,19
1995-06-21,Mexico,Colombia,0,0,USA Cup,"Washington, D.C.",United States,True,16584,False,16584,26,9
1995-06-22,Paraguay,New Zealand,3,2,Friendly,Santiago,Chile,True,16585,True,16584,32,29
1995-06-23,Switzerland,Germany,1,2,Friendly,Bern,Switzerland,False,16586,True,16585,42,18
1995-06-24,Australia,Ghana,0,1,Friendly,Perth,Australia,False,16587,True,16586,2,19
1995-06-25,Uruguay,New Zealand,7,0,Friendly,Paysandú,Uruguay,False,16588,True,16587,46,29
1995-06-25,United States,Colombia,0,0,USA Cup,Piscataway,United States,False,16588,False,16588,45,9
1995-06-28,Uruguay,New Zealand,2,2,Friendly,Rivera,Uruguay,False,16591,True,16588,46,29
1995-06-30,Argentina,Australia,2,0,Friendly,Quilmes,Argentina,False,16593,True,16591,1,2
1995-06-30,Paraguay,Ecuador,1,0,Friendly,Asunción,Paraguay,False,16593,True,16593,32,14
1995-07-01,Ivory Coast,Ghana,2,0,Friendly,Abidjan,Ivory Coast,False,16594,True,16593,23,19
1995-07-06,Mexico,Paraguay,1,2,Copa América,Maldonado,Uruguay,True,16599,False,16594,26,32
1995-07-07,Brazil,Ecuador,1,0,Copa América,Rivera,Uruguay,True,16600,False,16599,6,14
1995-07-09,Uruguay,Paraguay,1,0,Copa América,Montevideo,Uruguay,False,16602,False,16600,46,32
1995-07-10,Colombia,Ecuador,1,0,Copa América,Rivera,Uruguay,True,16603,False,16602,9,14
1995-07-13,Brazil,Colombia,3,0,Copa América,Rivera,Uruguay,True,16606,False,16603,6,9
1995-07-13,Uruguay,Mexico,1,1,Copa América,Montevideo,Uruguay,False,16606,False,16606,46,26
1995-07-14,Egypt,Algeria,1,1,African Cup of Nations qualification,Cairo,Egypt,False,16607,False,16606,15,0
1995-07-14,Argentina,United States,0,3,Copa América,Paysandú,Uruguay,True,16607,False,16607,1,45
1995-07-15,Tunisia,Senegal,4,0,African Cup of Nations qualification,Tunis,Tunisia,False,16608,False,16607,43,37
1995-07-16,Paraguay,Colombia,1,1,Copa América,Montevideo,Uruguay,True,16609,False,16608,32,9
1995-07-17,United States,Mexico,0,0,Copa América,Paysandú,Uruguay,True,16610,False,16609,45,26
1995-07-17,Brazil,Argentina,2,2,Copa América,Rivera,Uruguay,True,16610,False,16610,6,1
1995-07-19,Uruguay,Colombia,2,0,Copa América,Montevideo,Uruguay,False,16612,False,16610,46,9
1995-07-20,United States,Brazil,0,1,Copa América,Maldonado,Uruguay,True,16613,False,16612,45,6
1995-07-22,Colombia,United States,4,1,Copa América,Maldonado,Uruguay,True,16615,False,16613,9,45
1995-07-22,Norway,France,0,0,Friendly,Oslo,Norway,False,16615,True,16615,30,17
1995-07-22,Algeria,Tunisia,2,1,Friendly,Algiers,Algeria,False,16615,True,16615,0,43
1995-07-23,Uruguay,Brazil,1,1,Copa América,Montevideo,Uruguay,False,16616,False,16615,46,6
1995-08-09,Japan,Brazil,1,5,Friendly,Tokyo,Japan,False,16633,True,16616,24,6
1995-08-12,South Korea,Brazil,0,1,Friendly,Suwon,South Korea,False,16636,True,16633,39,6
1995-08-16,Sweden,United States,1,0,Friendly,Norrköping,Sweden,False,16640,True,16636,41,45
1995-08-16,Norway,Czech Republic,1,1,UEFA Euro qualification,Oslo,Norway,False,16640,False,16640,30,12
1995-08-23,Belgium,Germany,1,2,Friendly,Brussels,Belgium,False,16647,True,16640,4,18
1995-09-06,Sweden,Switzerland,0,0,UEFA Euro qualification,Gothenburg,Sweden,False,16661,False,16647,41,42
1995-09-06,Czech Republic,Norway,2,0,UEFA Euro qualification,Prague,Czech Republic,False,16661,False,16661,12,30
1995-09-06,England,Colombia,0,0,Friendly,London,England,False,16661,True,16661,16,9
1995-09-20,Japan,Paraguay,1,2,Friendly,Tokyo,Japan,False,16675,True,16661,24,32
1995-09-20,Spain,Argentina,2,1,Friendly,Madrid,Spain,False,16675,True,16675,40,1
1995-10-08,United States,Saudi Arabia,4,3,Friendly,"Washington, D.C.",United States,False,16693,True,16675,45,35
1995-10-11,Mexico,Saudi Arabia,2,1,Friendly,Los Angeles,United States,True,16696,True,16693,26,35
1995-10-11,Norway,England,0,0,Friendly,Oslo,Norway,False,16696,True,16696,30,16
1995-10-11,Sweden,Scotland,2,0,Friendly,Solna,Sweden,False,16696,True,16696,41,36
1995-10-11,Brazil,Uruguay,2,0,Friendly,Salvador,Brazil,False,16696,True,16696,6,46
1995-10-11,Austria,Portugal,1,1,UEFA Euro qualification,Vienna,Austria,False,16696,False,16696,3,33
1995-10-11,Argentina,Colombia,0,0,Friendly,Buenos Aires,Argentina,False,16696,True,16696,1,9
1995-10-24,Japan,Saudi Arabia,2,1,Friendly,Tokyo,Japan,False,16709,True,16696,24,35
1995-10-28,Japan,Saudi Arabia,2,1,Friendly,Matsuyama,Japan,False,16713,True,16709,24,35
1995-10-31,South Korea,Saudi Arabia,1,1,Friendly,Seoul,South Korea,False,16716,True,16713,39,35
1995-11-05,Tunisia,Algeria,2,0,Friendly,Tunis,Tunisia,False,16721,True,16716,43,0
1995-11-08,Argentina,Brazil,0,1,Friendly,Buenos Aires,Argentina,False,16724,True,16721,1,6
1995-11-10,New Zealand,Australia,0,0,Trans-Tasman Cup,Christchurch,New Zealand,False,16726,False,16724,29,2
1995-11-15,Sweden,Turkey,2,2,UEFA Euro qualification,Solna,Sweden,False,16731,False,16726,41,44
1995-11-15,Netherlands,Norway,3,0,UEFA Euro qualification,Rotterdam,Netherlands,False,16731,False,16731,28,30
1995-11-15,Australia,New Zealand,3,0,Trans-Tasman Cup,Newcastle,Australia,False,16731,False,16731,2,29
1995-11-15,England,Switzerland,3,1,Friendly,London,England,False,16731,True,16731,16,42
1995-11-24,South Africa,Egypt,2,0,Simba Tournament,Mafikeng,South Africa,False,16740,False,16731,38,15
1995-11-26,Algeria,Ivory Coast,0,0,Friendly,Libreville,Gabon,True,16742,True,16740,0,23
1995-11-29,Mexico,Colombia,2,2,Friendly,Los Angeles,United States,True,16745,True,16742,26,9
1995-12-02,Algeria,Ivory Coast,0,0,Friendly,Libreville,Gabon,True,16748,True,16745,0,23
1995-12-12,England,Portugal,1,1,Friendly,London,England,False,16758,True,16748,16,33
1995-12-15,South Africa,Germany,0,0,Friendly,Johannesburg,South Africa,False,16761,True,16758,38,18
1995-12-20,Brazil,Colombia,3,1,Friendly,Manaus,Brazil,False,16766,True,16761,6,9
1995-12-29,Egypt,Ghana,1,2,Friendly,Cairo,Egypt,False,16775,True,16766,15,19
1996-01-03,Morocco,Tunisia,3,1,Friendly,Rabat,Morocco,False,16780,True,16775,27,43
1996-01-05,Saudi Arabia,Ghana,1,1,Friendly,Jeddah,Saudi Arabia,False,16782,True,16780,35,19
1996-01-08,Egypt,Tunisia,2,1,Friendly,Ismailia,Egypt,False,16785,True,16782,15,43
1996-01-12,Brazil,Canada,4,1,Gold Cup,Los Angeles,United States,True,16789,False,16785,6,7
1996-01-14,Ivory Coast,Ghana,0,2,African Cup of Nations,Port Elizabeth,South Africa,True,16791,False,16789,23,19
1996-01-18,United States,Brazil,0,1,Gold Cup,Los Angeles,United States,False,16795,False,16791,45,6
1996-01-19,Ghana,Tunisia,2,1,African Cup of Nations,Port Elizabeth,South Africa,True,16796,False,16795,19,43
1996-01-21,Mexico,Brazil,2,0,Gold Cup,Los Angeles,United States,True,16798,False,16796,26,6
1996-01-24,South Africa,Egypt,0,1,African Cup of Nations,Johannesburg,South Africa,False,16801,False,16798,38,15
1996-01-25,Tunisia,Ivory Coast,3,1,African Cup of Nations,Port Elizabeth,South Africa,True,16802,False,16801,43,23
1996-01-27,South Africa,Algeria,2,1,African Cup of Nations,Johannesburg,South Africa,False,16804,False,16802,38,0
1996-01-28,Ghana,DR Congo,1,0,African Cup of Nations,Port Elizabeth,South Africa,True,16805,False,16804,19,13
1996-01-31,South Africa,Ghana,3,0,African Cup of Nations,Johannesburg,South Africa,False,16808,False,16805,38,19
1996-02-03,South Africa,Tunisia,2,0,African Cup of Nations,Johannesburg,South Africa,False,16811,False,16808,38,43
1996-02-07,Spain,Norway,1,0,Friendly,Las Palmas,Spain,False,16815,True,16811,40,30
1996-02-10,Australia,Japan,1,4,Friendly,Wollongong,Australia,False,16818,True,16815,2,24
1996-02-14,Australia,Japan,3,0,Friendly,Melbourne,Australia,False,16822,True,16818,2,24
1996-02-18,Qatar,Ecuador,1,1,Friendly,Doha,Qatar,False,16826,True,16822,34,14
1996-02-21,Portugal,Germany,1,2,Friendly,Porto,Portugal,False,16829,True,16826,33,18
1996-02-22,Japan,Sweden,1,1,Lunar New Year Cup,So Kon Po,Hong Kong,True,16830,False,16829,24,41
1996-02-25,Australia,Sweden,0,2,Friendly,Brisbane,Australia,False,16833,True,16830,2,41
1996-02-25,Qatar,Ecuador,1,2,Friendly,Doha,Qatar,False,16833,True,16833,34,14
1996-02-28,Australia,Sweden,0,0,Friendly,Sydney,Australia,False,16836,True,16833,2,41
1996-03-13,Croatia,South Korea,3,0,Friendly,Zagreb,Croatia,False,16850,True,16836,10,39
1996-03-20,Egypt,Morocco,0,2,United Arab Emirates Friendship Tournament,Dubai,United Arab Emirates,True,16857,False,16850,15,27
1996-03-23,South Korea,Morocco,2,2,United Arab Emirates Friendship Tournament,Dubai,United Arab Emirates,True,16860,False,16857,39,27
1996-03-25,Egypt,South Korea,1,1,United Arab Emirates Friendship Tournament,Dubai,United Arab Emirates,True,16862,False,16860,15,39
1996-03-26,Czech Republic,Turkey,3,0,Friendly,Ostrava,Czech Republic,False,16863,True,16862,12,44
1996-03-27,Scotland,Australia,1,0,Friendly,Glasgow,Scotland,False,16864,True,16863,36,2
1996-03-27,Belgium,France,0,2,Friendly,Brussels,Belgium,False,16864,True,16864,4,17
1996-03-27,Brazil,Ghana,8,2,Friendly,São José do Rio Preto,Brazil,False,16864,True,16864,6,19
1996-03-27,Austria,Switzerland,1,0,Friendly,Vienna,Austria,False,16864,True,16864,3,42
1996-04-21,Paraguay,Bosnia and Herzegovina,3,0,Friendly,Asunción,Paraguay,False,16889,True,16864,32,5
1996-04-24,Netherlands,Germany,0,1,Friendly,Rotterdam,Netherlands,False,16892,True,16889,28,18
1996-04-24,Norway,Spain,0,0,Friendly,Oslo,Norway,False,16892,True,16892,30,40
1996-04-24,South Africa,Brazil,2,3,Friendly,Johannesburg,South Africa,False,16892,True,16892,38,6
1996-04-24,Colombia,Paraguay,1,0,FIFA World Cup qualification,Barranquilla,Colombia,False,16892,False,16892,9,32
1996-04-24,England,Croatia,0,0,Friendly,London,England,False,16892,True,16892,16,10
1996-05-16,South Korea,Sweden,0,2,Friendly,Seoul,South Korea,False,16914,True,16892,39,41
1996-05-17,Iran,Qatar,2,0,Friendly,Tabriz,Iran,False,16915,True,16914,21,34
1996-05-26,United States,Scotland,2,1,Friendly,New Britain,United States,False,16924,True,16915,45,36
1996-05-26,Tunisia,Senegal,2,0,Friendly,Tunis,Tunisia,False,16924,True,16924,43,37
1996-05-26,Ghana,Egypt,0,2,Friendly,Accra,Ghana,False,16924,True,16924,19,15
1996-05-29,Japan,Mexico,3,2,Kirin Cup,Fukuoka,Japan,False,16927,False,16924,24,26
1996-05-29,Austria,Czech Republic,1,0,Friendly,Salzburg,Austria,False,16927,True,16927,3,12
1996-05-29,Colombia,Scotland,1,0,Friendly,Miami,United States,True,16927,True,16927,9,36
1996-06-01,Qatar,Iran,0,1,Friendly,Doha,Qatar,False,16930,True,16927,34,21
1996-06-01,Switzerland,Czech Republic,1,2,Friendly,Basel,Switzerland,False,16930,True,16930,42,12
1996-06-01,Germany,France,0,1,Friendly,Stuttgart,Germany,False,16930,True,16930,18,17
1996-06-02,Uruguay,Paraguay,0,2,FIFA World Cup qualification,Montevideo,Uruguay,False,16931,False,16930,46,32
1996-06-02,Ecuador,Argentina,2,0,FIFA World Cup qualification,Quito,Ecuador,False,16931,False,16931,14,1
1996-06-08,England,Switzerland,1,1,UEFA Euro,London,England,False,16937,False,16931,16,42
1996-06-09,Germany,Czech Republic,2,0,UEFA Euro,Manchester,England,True,16938,False,16937,18,12
1996-06-10,Netherlands,Scotland,0,0,UEFA Euro,Birmingham,England,True,16939,False,16938,28,36
1996-06-11,Turkey,Croatia,0,1,UEFA Euro,Nottingham,England,True,16940,False,16939,44,10
1996-06-13,Switzerland,Netherlands,0,2,UEFA Euro,Birmingham,England,True,16942,False,16940,42,28
1996-06-14,Portugal,Turkey,1,0,UEFA Euro,Nottingham,England,True,16943,False,16942,33,44
1996-06-15,England,Scotland,2,0,UEFA Euro,London,England,False,16944,False,16943,16,36
1996-06-15,France,Spain,1,1,UEFA Euro,Leeds,England,True,16944,False,16944,17,40
1996-06-16,United States,Mexico,2,2,USA Cup,Pasadena,United States,False,16945,False,16944,45,26
1996-06-18,England,Netherlands,4,1,UEFA Euro,London,England,False,16947,False,16945,16,28
1996-06-18,Scotland,Switzerland,1,0,UEFA Euro,Birmingham,England,True,16947,False,16947,36,42
1996-06-19,Croatia,Portugal,0,3,UEFA Euro,Nottingham,England,True,16948,False,16947,10,33
1996-06-22,France,Netherlands,0,0,UEFA Euro,Liverpool,England,True,16951,False,16948,17,28
1996-06-22,England,Spain,0,0,UEFA Euro,London,England,False,16951,False,16951,16,40
1996-06-23,Czech Republic,Portugal,1,0,UEFA Euro,Birmingham,England,True,16952,False,16951,12,33
1996-06-23,Germany,Croatia,2,1,UEFA Euro,Manchester,England,True,16952,False,16952,18,10
1996-06-26,France,Czech Republic,0,0,UEFA Euro,Manchester,England,True,16955,False,16952,17,12
1996-06-26,England,Germany,1,1,UEFA Euro,London,England,False,16955,False,16955,16,18
1996-06-30,Czech Republic,Germany,1,2,UEFA Euro,London,England,True,16959,False,16955,12,18
1996-07-07,Colombia,Uruguay,3,1,FIFA World Cup qualification,Barranquilla,Colombia,False,16966,False,16959,9,46
1996-08-13,Jordan,Iraq,0,1,AFC Asian Cup qualification,Amman,Jordan,False,17003,False,16966,25,22
1996-08-25,Japan,Uruguay,5,3,Friendly,Osaka,Japan,False,17015,True,17003,24,46
1996-08-29,Morocco,DR Congo,7,0,Friendly,Settat,Morocco,False,17019,True,17015,27,13
1996-08-30,Canada,Panama,3,1,FIFA World Cup qualification,Edmonton,Canada,False,17020,False,17019,7,31
1996-08-31,France,Mexico,2,0,Friendly,Paris,France,False,17021,True,17020,17,26
1996-08-31,Netherlands,Brazil,2,2,Friendly,Amsterdam,Netherlands,False,17021,True,17021,28,6
1996-08-31,Belgium,Turkey,2,1,FIFA World Cup qualification,Brussels,Belgium,False,17021,False,17021,4,44
1996-08-31,Austria,Scotland,0,0,FIFA World Cup qualification,Vienna,Austria,False,17021,False,17021,3,36
1996-09-01,Argentina,Paraguay,1,1,FIFA World Cup qualification,Buenos Aires,Argentina,False,17022,False,17021,1,32
1996-09-11,Japan,Uzbekistan,1,0,Friendly,Tokyo,Japan,False,17032,True,17022,24,47
1996-09-14,Australia,Ghana,2,0,Simba Tournament,Durban,South Africa,True,17035,False,17032,2,19
1996-09-18,South Africa,Australia,2,0,Simba Tournament,Johannesburg,South Africa,False,17039,False,17035,38,2
1996-09-21,South Africa,Ghana,0,0,Simba Tournament,Pretoria,South Africa,False,17042,False,17039,38,19
1996-10-03,Saudi Arabia,New Zealand,3,0,Friendly,Dhahran,Saudi Arabia,False,17054,True,17042,35,29
1996-10-05,Qatar,New Zealand,3,2,Friendly,Doha,Qatar,False,17056,True,17054,34,29
1996-10-06,Algeria,Ivory Coast,4,1,African Cup of Nations qualification,Algiers,Algeria,False,17057,False,17056,0,23
1996-10-08,Bosnia and Herzegovina,Croatia,1,4,FIFA World Cup qualification,Bologna,Italy,True,17059,False,17057,5,10
1996-10-09,Saudi Arabia,Australia,0,0,Friendly,Dammam,Saudi Arabia,False,17060,True,17059,35,2
1996-10-09,France,Turkey,4,0,Friendly,Paris,France,False,17060,True,17060,17,44
1996-10-09,Ecuador,Colombia,0,1,FIFA World Cup qualification,Quito,Ecuador,False,17060,False,17060,14,9
1996-10-09,Czech Republic,Spain,0,0,FIFA World Cup qualification,Prague,Czech Republic,False,17060,False,17060,12,40
1996-10-09,Sweden,Austria,0,1,FIFA World Cup qualification,Solna,Sweden,False,17060,False,17060,41,3
1996-10-13,Japan,Tunisia,1,0,Friendly,Kobe,Japan,False,17064,True,17060,24,43
1996-10-19,Qatar,Saudi Arabia,2,2,Gulf Cup,Muscat,Oman,True,17070,False,17064,34,35
1996-10-23,Mexico,Ecuador,0,1,Friendly,Oakland,United States,True,17074,True,17070,26,14
1996-10-27,Panama,Canada,0,0,FIFA World Cup qualification,Panama City,Panama,False,17078,False,17074,31,7
1996-11-09,South Africa,DR Congo,1,0,FIFA World Cup qualification,Johannesburg,South Africa,False,17091,False,17078,38,13
1996-11-10,Switzerland,Norway,0,1,FIFA World Cup qualification,Bern,Switzerland,False,17092,False,17091,42,30
1996-11-10,Scotland,Sweden,1,0,FIFA World Cup qualification,Glasgow,Scotland,False,17092,False,17092,36,41
1996-11-10,Paraguay,Ecuador,1,0,FIFA World Cup qualification,Asunción,Paraguay,False,17092,False,17092,32,14
1996-11-23,South Korea,Colombia,4,1,Friendly,Suwon,South Korea,False,17105,True,17092,39,9
1996-12-05,Iran,Iraq,1,2,AFC Asian Cup,Dubai,United Arab Emirates,True,17117,False,17105,21,22
1996-12-08,Saudi Arabia,Iraq,1,0,AFC Asian Cup,Dubai,United Arab Emirates,True,17120,False,17117,35,22
1996-12-09,Japan,Uzbekistan,4,0,AFC Asian Cup,Al Ain,United Arab Emirates,True,17121,False,17120,24,47
1996-12-11,Morocco,Croatia,2,2,King Hassan II Tournament,Casablanca,Morocco,False,17123,False,17121,27,10
1996-12-11,Saudi Arabia,Iran,0,3,AFC Asian Cup,Dubai,United Arab Emirates,True,17123,False,17123,35,21
1996-12-12,Croatia,Czech Republic,1,1,King Hassan II Tournament,Casablanca,Morocco,True,17124,False,17123,10,12
1996-12-14,Portugal,Germany,0,0,FIFA World Cup qualification,Lisbon,Portugal,False,17126,False,17124,33,18
1996-12-14,Belgium,Netherlands,0,3,FIFA World Cup qualification,Brussels,Belgium,False,17126,False,17126,4,28
1996-12-16,South Korea,Iran,2,6,AFC Asian Cup,Dubai,United Arab Emirates,True,17128,False,17126,39,21
1996-12-18,Brazil,Bosnia and Herzegovina,1,0,Friendly,Manaus,Brazil,False,17130,True,17128,6,5
1996-12-19,Iran,Saudi Arabia,0,0,AFC Asian Cup,Abu Dhabi,United Arab Emirates,True,17131,False,17130,21,35
1997-01-04,Tunisia,Algeria,0,0,Friendly,Sfax,Tunisia,False,17147,True,17131,43,0
1997-01-12,Uruguay,Argentina,0,0,FIFA World Cup qualification,Montevideo,Uruguay,False,17155,False,17147,46,1
1997-01-12,Tunisia,Egypt,1,0,FIFA World Cup qualification,Tunis,Tunisia,False,17155,False,17155,43,15
1997-01-12,Ghana,Morocco,2,2,FIFA World Cup qualification,Kumasi,Ghana,False,17155,False,17155,19,27
1997-01-18,Australia,New Zealand,1,0,Friendly,Melbourne,Australia,False,17161,True,17155,2,29
1997-01-18,South Korea,Norway,1,0,Friendly,Melbourne,Australia,True,17161,True,17161,39,30
1997-01-19,United States,Mexico,0,2,USA Cup,Pasadena,United States,False,17162,False,17161,45,26
1997-01-22,Australia,South Korea,2,1,Friendly,Brisbane,Australia,False,17165,True,17162,2,39
1997-01-22,New Zealand,Norway,0,3,Friendly,Brisbane,Australia,True,17165,True,17165,29,30
1997-01-22,Portugal,France,0,2,Friendly,Braga,Portugal,False,17165,True,17165,33,17
1997-01-25,Australia,Norway,1,0,Friendly,Sydney,Australia,False,17168,True,17165,2,30
1997-01-25,South Korea,New Zealand,3,1,Friendly,Sydney,Australia,True,17168,True,17168,39,29
1997-02-05,Mexico,Ecuador,3,1,Friendly,Mexico City,Mexico,False,17179,True,17168,26,14
1997-02-11,Ecuador,Uruguay,4,0,FIFA World Cup qualification,Quito,Ecuador,False,17185,False,17179,14,46
1997-02-12,Colombia,Argentina,0,1,FIFA World Cup qualification,Barranquilla,Colombia,False,17186,False,17185,9,1
1997-02-13,Japan,Sweden,0,1,King's Cup,Bangkok,Thailand,True,17187,False,17186,24,41
1997-02-16,Iraq,Jordan,1,0,Friendly,Baghdad,Iraq,False,17190,True,17187,22,25
1997-02-26,France,Netherlands,2,1,Friendly,Paris,France,False,17200,True,17190,17,28
1997-03-02,Mexico,Canada,4,0,FIFA World Cup qualification,Mexico City,Mexico,False,17204,False,17200,26,7
1997-03-16,United States,Canada,3,0,FIFA World Cup qualification,Palo Alto,United States,False,17218,False,17204,45,7
1997-03-29,England,Mexico,2,0,Friendly,London,England,False,17231,True,17218,16,26
1997-04-02,Paraguay,Colombia,2,1,FIFA World Cup qualification,Asunción,Paraguay,False,17235,False,17231,32,9
1997-04-02,Scotland,Austria,2,0,FIFA World Cup qualification,Glasgow,Scotland,False,17235,False,17235,36,3
1997-04-02,Turkey,Netherlands,1,0,FIFA World Cup qualification,Bursa,Turkey,False,17235,False,17235,44,28
1997-04-02,France,Sweden,1,0,Friendly,Paris,France,False,17235,True,17235,17,41
1997-04-20,United States,Mexico,2,2,FIFA World Cup qualification,Foxborough,United States,False,17253,False,17235,45,26
1997-04-27,DR Congo,South Africa,1,2,FIFA World Cup qualification,Lomé,Togo,True,17260,False,17253,13,38
1997-04-30,Paraguay,Uruguay,3,1,FIFA World Cup qualification,Asunción,Paraguay,False,17263,False,17260,32,46
1997-04-30,Sweden,Scotland,2,1,FIFA World Cup qualification,Gothenburg,Sweden,False,17263,False,17263,41,36
1997-04-30,Turkey,Belgium,1,3,FIFA World Cup qualification,Istanbul,Turkey,False,17263,False,17263,44,4
1997-04-30,Brazil,Mexico,4,0,Friendly,Miami,United States,True,17263,True,17263,6,26
1997-04-30,Argentina,Ecuador,2,1,FIFA World Cup qualification,Buenos Aires,Argentina,False,17263,False,17263,1,14
1997-05-08,Ivory Coast,Senegal,4,1,Friendly,Bouaké,Ivory Coast,False,17271,True,17263,23,37
1997-05-21,Japan,South Korea,1,1,Friendly,Tokyo,Japan,False,17284,True,17271,24,39
1997-05-24,England,South Africa,2,1,Friendly,Manchester,England,False,17287,True,17284,16,38
1997-05-30,Norway,Brazil,4,2,Friendly,Oslo,Norway,False,17293,True,17287,30,6
1997-05-31,Tunisia,Algeria,0,1,Friendly,Tunis,Tunisia,False,17294,True,17293,43,0
1997-06-03,France,Brazil,1,1,Tournoi de France,Lyon,France,False,17297,False,17294,17,6
1997-06-04,South Africa,Netherlands,0,2,Friendly,Johannesburg,South Africa,False,17298,True,17297,38,28
1997-06-04,United States,Paraguay,0,0,Friendly,St. Louis,United States,False,17298,True,17298,45,32
1997-06-05,Senegal,Algeria,0,0,Friendly,Dakar,Senegal,False,17299,True,17298,37,0
1997-06-07,France,England,0,1,Tournoi de France,Montpellier,France,False,17301,False,17299,17,16
1997-06-08,Japan,Croatia,4,3,Kirin Cup,Tokyo,Japan,False,17302,False,17301,24,10
1997-06-08,Uruguay,Colombia,1,1,FIFA World Cup qualification,Montevideo,Uruguay,False,17302,False,17302,46,9
1997-06-08,Spain,Czech Republic,1,0,FIFA World Cup qualification,Valladolid,Spain,False,17302,False,17302,40,12
1997-06-08,Morocco,Ghana,1,0,FIFA World Cup qualification,Casablanca,Morocco,False,17302,False,17302,27,19
1997-06-08,Egypt,Tunisia,0,0,FIFA World Cup qualification,Cairo,Egypt,False,17302,False,17302,15,43
1997-06-10,England,Brazil,0,1,Tournoi de France,Paris,France,True,17304,False,17302,16,6
1997-06-11,Argentina,Ecuador,0,0,Copa América,Cochabamba,Bolivia,True,17305,False,17304,1,14
1997-06-12,South Korea,Egypt,3,1,Korea Cup,Seoul,South Korea,False,17306,False,17305,39,15
1997-06-12,Croatia,Turkey,1,1,Kirin Cup,Sendai,Japan,True,17306,False,17306,10,44
1997-06-13,Mexico,Colombia,2,1,Copa América,Santa Cruz,Bolivia,True,17307,False,17306,26,9
1997-06-14,Paraguay,Ecuador,0,2,Copa América,Cochabamba,Bolivia,True,17308,False,17307,32,14
1997-06-14,South Korea,Ghana,3,0,Korea Cup,Suwon,South Korea,False,17308,False,17308,39,19
1997-06-15,Japan,Turkey,1,0,Kirin Cup,Osaka,Japan,False,17309,False,17308,24,44
1997-06-16,Egypt,Ghana,2,0,Korea Cup,Seoul,South Korea,True,17310,False,17309,15,19
1997-06-16,Brazil,Mexico,3,2,Copa América,Santa Cruz,Bolivia,True,17310,False,17310,6,26
1997-06-17,Argentina,Paraguay,1,1,Copa América,Cochabamba,Bolivia,True,17311,False,17310,1,32
1997-06-19,Brazil,Colombia,2,0,Copa América,Santa Cruz,Bolivia,True,17313,False,17311,6,9
1997-06-21,Morocco,Egypt,1,0,African Cup of Nations qualification,Rabat,Morocco,False,17315,False,17313,27,15
1997-06-22,Ivory Coast,Algeria,2,1,African Cup of Nations qualification,Bouaké,Ivory Coast,False,17316,False,17315,23,0
1997-06-22,Brazil,Paraguay,2,0,Copa América,Santa Cruz,Bolivia,True,17316,False,17316,6,32
1997-06-22,Ecuador,Mexico,1,1,Copa América,Cochabamba,Bolivia,True,17316,False,17316,14,26
1997-06-28,New Zealand,Australia,0,3,FIFA World Cup qualification,Auckland,New Zealand,False,17322,False,17316,29,2
1997-07-06,Paraguay,Argentina,1,2,FIFA World Cup qualification,Asunción,Paraguay,False,17330,False,17322,32,1
1997-07-06,Australia,New Zealand,2,0,FIFA World Cup qualification,Sydney,Australia,False,17330,False,17330,2,29
1997-07-13,Egypt,Senegal,2,0,African Cup of Nations qualification,Cairo,Egypt,False,17337,False,17330,15,37
1997-07-20,Colombia,Ecuador,1,0,FIFA World Cup qualification,Barranquilla,Colombia,False,17344,False,17337,9,14
1997-07-27,Morocco,Senegal,3,0,African Cup of Nations qualification,Rabat,Morocco,False,17351,False,17344,27,37
1997-08-07,United States,Ecuador,0,1,Friendly,Baltimore,United States,False,17362,True,17351,45,14
1997-08-10,South Korea,Brazil,1,2,Friendly,Seoul,South Korea,False,17365,True,17362,39,6
1997-08-13,Japan,Brazil,0,3,Friendly,Osaka,Japan,False,17368,True,17365,24,6
1997-08-17,Canada,Iran,0,1,Friendly,Toronto,Canada,False,17372,True,17368,7,21
1997-08-20,Ecuador,Paraguay,2,1,FIFA World Cup qualification,Quito,Ecuador,False,17375,False,17372,14,32
1997-09-06,Netherlands,Belgium,3,1,FIFA World Cup qualification,Rotterdam,Netherlands,False,17392,False,17375,28,4
1997-09-06,Germany,Portugal,1,1,FIFA World Cup qualification,Berlin,Germany,False,17392,False,17392,18,33
1997-09-06,Croatia,Bosnia and Herzegovina,3,2,FIFA World Cup qualification,Zagreb,Croatia,False,17392,False,17392,10,5
1997-09-06,Austria,Sweden,1,0,FIFA World Cup qualification,Vienna,Austria,False,17392,False,17392,3,41
1997-09-07,Japan,Uzbekistan,6,3,FIFA World Cup qualification,Tokyo,Japan,False,17393,False,17392,24,47
1997-09-10,Norway,Switzerland,5,0,FIFA World Cup qualification,Oslo,Norway,False,17396,False,17393,30,42
1997-09-10,Brazil,Ecuador,4,2,Friendly,Salvador,Brazil,False,17396,True,17396,6,14
1997-09-12,South Korea,Uzbekistan,2,1,FIFA World Cup qualification,Seoul,South Korea,False,17398,False,17396,39,47
1997-09-19,Iran,Saudi Arabia,1,1,FIFA World Cup qualification,Tehran,Iran,False,17405,False,17398,21,35
1997-09-28,Japan,South Korea,1,2,FIFA World Cup qualification,Tokyo,Japan,False,17414,False,17405,24,39
1997-10-03,Iran,Qatar,3,0,FIFA World Cup qualification,Tehran,Iran,False,17419,False,17414,21,34
1997-10-08,Norway,Colombia,0,0,Friendly,Oslo,Norway,False,17424,True,17419,30,9
1997-10-09,Brazil,Morocco,2,0,Friendly,Belém,Brazil,False,17425,True,17424,6,27
1997-10-11,Netherlands,Turkey,0,0,FIFA World Cup qualification,Amsterdam,Netherlands,False,17427,False,17425,28,44
1997-10-11,Saudi Arabia,Qatar,1,0,FIFA World Cup qualification,Taif,Saudi Arabia,False,17427,False,17427,35,34
1997-10-11,Uzbekistan,Japan,1,1,FIFA World Cup qualification,Tashkent,Uzbekistan,False,17427,False,17427,47,24
1997-10-11,France,South Africa,2,1,Friendly,Lens,France,False,17427,True,17427,17,38
1997-10-12,Argentina,Uruguay,0,0,FIFA World Cup qualification,Buenos Aires,Argentina,False,17428,False,17427,1,46
1997-10-12,Canada,Mexico,2,2,FIFA World Cup qualification,Edmonton,Canada,False,17428,False,17428,7,26
1997-10-18,Uzbekistan,South Korea,1,5,FIFA World Cup qualification,Tashkent,Uzbekistan,False,17434,False,17428,47,39
1997-10-24,Saudi Arabia,Iran,1,0,FIFA World Cup qualification,Taif,Saudi Arabia,False,17440,False,17434,35,21
1997-11-01,South Korea,Japan,0,2,FIFA World Cup qualification,Seoul,South Korea,False,17448,False,17440,39,24
1997-11-02,Mexico,United States,0,0,FIFA World Cup qualification,Mexico City,Mexico,False,17449,False,17448,26,45
1997-11-05,Tunisia,Bosnia and Herzegovina,2,1,Friendly,Tunis,Tunisia,False,17452,True,17449,43,5
1997-11-07,Qatar,Iran,2,0,FIFA World Cup qualification,Doha,Qatar,False,17454,False,17452,34,21
1997-11-09,Canada,United States,0,3,FIFA World Cup qualification,Burnaby,Canada,False,17456,False,17454,7,45
1997-11-12,France,Scotland,2,1,Friendly,Saint-Étienne,France,False,17459,True,17456,17,36
1997-11-12,Qatar,Saudi Arabia,0,1,FIFA World Cup qualification,Doha,Qatar,False,17459,False,17459,34,35
1997-11-15,Germany,South Africa,3,0,Friendly,Düsseldorf,Germany,False,17462,True,17459,18,38
1997-11-16,Uruguay,Ecuador,5,3,FIFA World Cup qualification,Maldonado,Uruguay,False,17463,False,17462,46,14
1997-11-16,Japan,Iran,3,2,FIFA World Cup qualification,Johor Bahru,Malaysia,True,17463,False,17463,24,21
1997-11-16,Argentina,Colombia,1,1,FIFA World Cup qualification,Buenos Aires,Argentina,False,17463,False,17463,1,9
1997-11-22,Iran,Australia,1,1,FIFA World Cup qualification,Tehran,Iran,False,17469,False,17463,21,2
1997-11-29,Australia,Iran,2,2,FIFA World Cup qualification,Melbourne,Australia,False,17476,False,17469,2,21
1997-11-30,Senegal,Cape Verde,2,0,Amílcar Cabral Cup,Banjul,Gambia,True,17477,False,17476,37,8
1997-12-03,Egypt,Ghana,3,2,Friendly,Cairo,Egypt,False,17480,True,17477,15,19
1997-12-07,South Africa,Brazil,1,2,Friendly,Johannesburg,South Africa,False,17484,True,17480,38,6
1997-12-12,Mexico,Australia,1,3,Confederations Cup,Riyadh,Saudi Arabia,True,17489,False,17484,26,2
1997-12-12,Saudi Arabia,Brazil,0,3,Confederations Cup,Riyadh,Saudi Arabia,False,17489,False,17489,35,6
1997-12-13,South Africa,Czech Republic,2,2,Confederations Cup,Riyadh,Saudi Arabia,True,17490,False,17489,38,12
1997-12-14,Saudi Arabia,Mexico,0,5,Confederations Cup,Riyadh,Saudi Arabia,False,17491,False,17490,35,26
1997-12-14,Australia,Brazil,0,0,Confederations Cup,Riyadh,Saudi Arabia,True,17491,False,17491,2,6
1997-12-15,Czech Republic,Uruguay,1,2,Confederations Cup,Riyadh,Saudi Arabia,True,17492,False,17491,12,46
1997-12-16,Brazil,Mexico,3,2,Confederations Cup,Riyadh,Saudi Arabia,True,17493,False,17492,6,26
1997-12-16,Saudi Arabia,Australia,1,0,Confederations Cup,Riyadh,Saudi Arabia,False,17493,False,17493,35,2
1997-12-17,Uruguay,South Africa,4,3,Confederations Cup,Riyadh,Saudi Arabia,True,17494,False,17493,46,38
1997-12-19,Brazil,Czech Republic,2,0,Confederations Cup,Riyadh,Saudi Arabia,True,17496,False,17494,6,12
1997-12-19,Uruguay,Australia,0,1,Confederations Cup,Riyadh,Saudi Arabia,True,17496,False,17496,46,2
1997-12-20,Egypt,Algeria,1,2,Friendly,Aswan,Egypt,False,17497,True,17496,15,0
1997-12-21,Brazil,Australia,6,0,Confederations Cup,Riyadh,Saudi Arabia,True,17498,False,17497,6,2
1997-12-21,Czech Republic,Uruguay,1,0,Confederations Cup,Riyadh,Saudi Arabia,True,17498,False,17498,12,46
1997-12-24,Egypt,Algeria,1,2,Friendly,Cairo,Egypt,False,17501,True,17498,15,0
1998-01-24,United States,Sweden,1,0,Friendly,Orlando,United States,False,17532,True,17501,45,41
1998-01-27,Egypt,South Korea,0,2,King's Cup,Bangkok,Thailand,True,17535,False,17532,15,39
1998-01-28,France,Spain,1,0,Friendly,Saint-Denis,France,False,17536,True,17535,17,40
1998-01-31,Egypt,South Korea,1,1,King's Cup,Bangkok,Thailand,True,17539,False,17536,15,39
1998-02-07,New Zealand,South Korea,0,1,Friendly,Auckland,New Zealand,False,17546,True,17539,29,39
1998-02-09,Ghana,Tunisia,2,0,African Cup of Nations,Ouagadougou,Burkina Faso,True,17548,False,17546,19,43
1998-02-10,United States,Brazil,1,0,Gold Cup,Los Angeles,United States,False,17549,False,17548,45,6
1998-02-11,South Africa,Ivory Coast,1,1,African Cup of Nations,Bobo Dioulasso,Burkina Faso,True,17550,False,17549,38,23
1998-02-11,Australia,South Korea,1,0,Friendly,Sydney,Australia,False,17550,True,17550,2,39
1998-02-12,Tunisia,DR Congo,2,1,African Cup of Nations,Ouagadougou,Burkina Faso,True,17551,False,17550,43,13
1998-02-15,United States,Mexico,0,1,Gold Cup,Los Angeles,United States,False,17554,False,17551,45,26
1998-02-15,Australia,Japan,0,3,Friendly,Adelaide,Australia,False,17554,True,17554,2,24
1998-02-16,Ghana,DR Congo,0,1,African Cup of Nations,Ouagadougou,Burkina Faso,True,17555,False,17554,19,13
1998-02-17,Egypt,Morocco,0,1,African Cup of Nations,Ouagadougou,Burkina Faso,True,17556,False,17555,15,27
1998-02-21,Ivory Coast,Egypt,0,0,African Cup of Nations,Ouagadougou,Burkina Faso,True,17560,False,17556,23,15
1998-02-21,United States,Netherlands,0,2,Friendly,Miami Gardens,United States,False,17560,True,17560,45,28
1998-02-22,Morocco,South Africa,1,2,African Cup of Nations,Ouagadougou,Burkina Faso,True,17561,False,17560,27,38
1998-02-22,Saudi Arabia,Germany,0,3,Friendly,Riyadh,Saudi Arabia,False,17561,True,17561,35,18
1998-02-24,Mexico,Netherlands,2,3,Friendly,Miami Gardens,United States,True,17563,True,17561,26,28
1998-02-25,France,Norway,3,3,Friendly,Marseille,France,False,17564,True,17563,17,30
1998-02-25,Belgium,United States,2,0,Friendly,Brussels,Belgium,False,17564,True,17564,4,45
1998-02-25,DR Congo,South Africa,1,2,African Cup of Nations,Ouagadougou,Burkina Faso,True,17564,False,17564,13,38
1998-02-28,South Africa,Egypt,0,2,African Cup of Nations,Ouagadougou,Burkina Faso,True,17567,False,17564,38,15
1998-03-01,Japan,South Korea,2,1,Dynasty Cup,Yokohama,Japan,False,17568,False,17567,24,39
1998-03-14,United States,Paraguay,2,2,Friendly,San Diego,United States,False,17581,True,17568,45,32
1998-03-18,Mexico,Paraguay,1,1,Friendly,Mexico City,Mexico,False,17585,True,17581,26,32
1998-03-25,Switzerland,England,1,1,Friendly,Bern,Switzerland,False,17592,True,17585,42,16
1998-03-25,Spain,Sweden,4,0,Friendly,Vigo,Spain,False,17592,True,17592,40,41
1998-03-25,Germany,Brazil,1,2,Friendly,Stuttgart,Germany,False,17592,True,17592,18,6
1998-03-25,Belgium,Norway,2,2,Friendly,Brussels,Belgium,False,17592,True,17592,4,30
1998-03-29,Colombia,Paraguay,1,1,Friendly,New Haven,United States,True,17596,True,17592,9,32
1998-04-01,South Korea,Japan,2,1,Friendly,Seoul,South Korea,False,17599,True,17596,39,24
1998-04-22,Sweden,France,0,0,Friendly,Solna,Sweden,False,17620,True,17599,41,17
1998-04-22,England,Portugal,3,0,Friendly,London,England,False,17620,True,17620,16,33
1998-04-22,Austria,United States,0,3,Friendly,Vienna,Austria,False,17620,True,17620,3,45
1998-04-29,Brazil,Argentina,0,1,Friendly,Rio de Janeiro,Brazil,False,17627,True,17620,6,1
1998-05-14,Argentina,Bosnia and Herzegovina,5,0,Friendly,Córdoba,Argentina,False,17642,True,17627,1,5
1998-05-17,Japan,Paraguay,1,1,Kirin Cup,Tokyo,Japan,False,17645,False,17642,24,32
1998-05-20,Norway,Mexico,5,2,Friendly,Oslo,Norway,False,17648,True,17645,30,26
1998-05-21,Czech Republic,Paraguay,1,0,Kirin Cup,Kobe,Japan,True,17649,False,17648,12,32
1998-05-23,England,Saudi Arabia,0,0,Friendly,London,England,False,17651,True,17649,16,35
1998-05-24,Japan,Czech Republic,0,0,Kirin Cup,Yokohama,Japan,False,17652,False,17651,24,12
1998-05-25,Argentina,South Africa,2,0,Friendly,Buenos Aires,Argentina,False,17653,True,17652,1,38
1998-05-27,Morocco,England,0,1,King Hassan II Tournament,Casablanca,Morocco,False,17655,False,17653,27,16
1998-05-27,South Korea,Czech Republic,2,2,Friendly,Seoul,South Korea,False,17655,True,17655,39,12
1998-05-27,Belgium,France,0,1,King Hassan II Tournament,Casablanca,Morocco,True,17655,False,17655,4,17
1998-05-27,Austria,Tunisia,2,1,Friendly,Vienna,Austria,False,17655,True,17655,3,43
1998-05-27,Norway,Saudi Arabia,6,0,Friendly,Molde,Norway,False,17655,True,17655,30,35
1998-05-29,Belgium,England,0,0,King Hassan II Tournament,Casablanca,Morocco,True,17657,False,17655,4,16
1998-05-29,Morocco,France,2,2,King Hassan II Tournament,Casablanca,Morocco,False,17657,False,17657,27,17
1998-05-30,United States,Scotland,0,0,Friendly,"Washington, D.C.",United States,False,17658,True,17657,45,36
1998-05-30,Germany,Colombia,3,1,Friendly,Frankfurt,Germany,False,17658,True,17658,18,9
1998-05-31,Japan,Mexico,1,2,Friendly,Lausanne,Switzerland,True,17659,True,17658,24,26
1998-06-01,Netherlands,Paraguay,5,1,Friendly,Eindhoven,Netherlands,False,17660,True,17659,28,32
1998-06-03,Saudi Arabia,Mexico,0,0,Friendly,Créteil,France,True,17662,True,17660,35,26
1998-06-03,Croatia,Iran,2,0,Friendly,Rijeka,Croatia,False,17662,True,17662,10,21
1998-06-03,Belgium,Colombia,2,0,Friendly,Brussels,Belgium,False,17662,True,17662,4,9
1998-06-06,Croatia,Australia,7,0,Friendly,Zagreb,Croatia,False,17665,True,17662,10,2
1998-06-06,Belgium,Paraguay,1,0,Friendly,Brussels,Belgium,False,17665,True,17665,4,32
1998-06-10,Brazil,Scotland,2,1,FIFA World Cup,Saint-Denis,France,True,17669,False,17665,6,36
1998-06-10,Morocco,Norway,2,2,FIFA World Cup,Montpellier,France,True,17669,False,17669,27,30
1998-06-12,France,South Africa,3,0,FIFA World Cup,Marseille,France,False,17671,False,17669,17,38
1998-06-13,South Korea,Mexico,1,3,FIFA World Cup,Lyon,France,True,17672,False,17671,39,26
1998-06-13,Netherlands,Belgium,0,0,FIFA World Cup,Saint-Denis,France,True,17672,False,17672,28,4
1998-06-14,Argentina,Japan,1,0,FIFA World Cup,Toulouse,France,True,17673,False,17672,1,24
1998-06-15,Germany,United States,2,0,FIFA World Cup,Paris,France,True,17674,False,17673,18,45
1998-06-15,England,Tunisia,2,0,FIFA World Cup,Marseille,France,True,17674,False,17674,16,43
1998-06-16,Scotland,Norway,1,1,FIFA World Cup,Bordeaux,France,True,17675,False,17674,36,30
1998-06-16,Brazil,Morocco,3,0,FIFA World Cup,Nantes,France,True,17675,False,17675,6,27
1998-06-18,France,Saudi Arabia,4,0,FIFA World Cup,Saint-Denis,France,False,17677,False,17675,17,35
1998-06-19,Spain,Paraguay,0,0,FIFA World Cup,Saint-Étienne,France,True,17678,False,17677,40,32
1998-06-20,Netherlands,South Korea,5,0,FIFA World Cup,Marseille,France,True,17679,False,17678,28,39
1998-06-20,Belgium,Mexico,2,2,FIFA World Cup,Bordeaux,France,True,17679,False,17679,4,26
1998-06-20,Japan,Croatia,0,1,FIFA World Cup,Nantes,France,True,17679,False,17679,24,10
1998-06-21,United States,Iran,1,2,FIFA World Cup,Lyon,France,True,17680,False,17679,45,21
1998-06-22,Colombia,Tunisia,1,0,FIFA World Cup,Montpellier,France,True,17681,False,17680,9,43
1998-06-23,Brazil,Norway,1,2,FIFA World Cup,Marseille,France,True,17682,False,17681,6,30
1998-06-23,Scotland,Morocco,0,3,FIFA World Cup,Saint-Étienne,France,True,17682,False,17682,36,27
1998-06-24,South Africa,Saudi Arabia,2,2,FIFA World Cup,Bordeaux,France,True,17683,False,17682,38,35
1998-06-25,Belgium,South Korea,1,1,FIFA World Cup,Paris,France,True,17684,False,17683,4,39
1998-06-25,Germany,Iran,2,0,FIFA World Cup,Montpellier,France,True,17684,False,17684,18,21
1998-06-25,Netherlands,Mexico,2,2,FIFA World Cup,Saint-Étienne,France,True,17684,False,17684,28,26
1998-06-26,Colombia,England,0,2,FIFA World Cup,Lens,France,True,17685,False,17684,9,16
1998-06-26,Argentina,Croatia,1,0,FIFA World Cup,Bordeaux,France,True,17685,False,17685,1,10
1998-06-28,France,Paraguay,1,0,FIFA World Cup,Lens,France,False,17687,False,17685,17,32
1998-06-29,Germany,Mexico,2,1,FIFA World Cup,Montpellier,France,True,17688,False,17687,18,26
1998-06-30,Argentina,England,2,2,FIFA World Cup,Saint-Étienne,France,True,17689,False,17688,1,16
1998-07-04,Germany,Croatia,0,3,FIFA World Cup,Lyon,France,True,17693,False,17689,18,10
1998-07-04,Netherlands,Argentina,2,1,FIFA World Cup,Marseille,France,True,17693,False,17693,28,1
1998-07-07,Brazil,Netherlands,1,1,FIFA World Cup,Marseille,France,True,17696,False,17693,6,28
1998-07-08,France,Croatia,2,1,FIFA World Cup,Saint-Denis,France,False,17697,False,17696,17,10
1998-07-11,Netherlands,Croatia,1,2,FIFA World Cup,Paris,France,True,17700,False,17697,28,10
1998-07-12,France,Brazil,3,0,FIFA World Cup,Saint-Denis,France,False,17701,False,17700,17,6
1998-07-22,Curaçao,Haiti,0,4,CFU Caribbean Cup,Kingston,Jamaica,True,17711,False,17701,11,20
1998-07-22,Senegal,Cape Verde,1,0,Friendly,Dakar,Senegal,False,17711,True,17711,37,8
1998-08-19,Austria,France,2,2,Friendly,Vienna,Austria,False,17739,True,17711,3,17
1998-09-02,Morocco,Senegal,2,0,Friendly,Tangier,Morocco,False,17753,True,17739,27,37
1998-09-05,Sweden,England,2,1,UEFA Euro qualification,Solna,Sweden,False,17756,False,17753,41,16
1998-09-16,Egypt,Ivory Coast,0,0,Friendly,Cairo,Egypt,False,17767,True,17756,15,23
1998-09-17,Saudi Arabia,Senegal,3,2,Friendly,Dammam,Saudi Arabia,False,17768,True,17767,35,37
1998-09-26,Qatar,Jordan,2,0,Arab Cup,Doha,Qatar,False,17777,False,17768,34,25
1998-10-01,Qatar,Saudi Arabia,1,3,Arab Cup,Doha,Qatar,False,17782,False,17777,34,35
1998-10-04,Australia,New Zealand,0,1,Oceania Nations Cup,Brisbane,Australia,False,17785,False,17782,2,29
1998-10-10,Turkey,Germany,1,0,UEFA Euro qualification,Bursa,Turkey,False,17791,False,17785,44,18
1998-10-10,Bosnia and Herzegovina,Czech Republic,1,3,UEFA Euro qualification,Sarajevo,Bosnia and Herzegovina,False,17791,False,17791,5,12
1998-10-13,Netherlands,Ghana,0,0,Friendly,Arnhem,Netherlands,False,17794,True,17791,28,19
1998-10-14,Brazil,Ecuador,5,1,Friendly,"Washington, D.C.",United States,True,17795,True,17794,6,14
1998-10-28,Japan,Egypt,1,0,Friendly,Osaka,Japan,False,17809,True,17795,24,15
1998-11-06,United States,Australia,0,0,Friendly,San Jose,United States,False,17818,True,17809,45,2
1998-11-11,Qatar,Saudi Arabia,0,0,Gulf Cup,Manama,Bahrain,True,17823,False,17818,34,35
1998-11-18,Germany,Netherlands,1,1,Friendly,Gelsenkirchen,Germany,False,17830,True,17823,18,28
1998-11-18,England,Czech Republic,2,0,Friendly,London,England,False,17830,True,17830,16,12
1998-11-18,Egypt,Norway,1,1,Friendly,Cairo,Egypt,False,17830,True,17830,15,30
1998-12-07,Japan,South Korea,0,2,Asian Games,Bangkok,Thailand,True,17849,False,17830,24,39
1998-12-14,Uzbekistan,Iran,0,4,Asian Games,Bangkok,Thailand,True,17856,False,17849,47,21
1998-12-16,South Africa,Egypt,2,1,Friendly,Johannesburg,South Africa,False,17858,True,17856,38,15
1999-01-20,France,Morocco,1,0,Friendly,Marseille,France,False,17893,True,17858,17,27
1999-02-06,United States,Germany,3,0,Friendly,Jacksonville,United States,False,17910,True,17893,45,18
1999-02-09,Colombia,Germany,3,3,Friendly,Miami,United States,True,17913,True,17910,9,18
1999-02-09,Belgium,Czech Republic,0,1,Friendly,Brussels,Belgium,False,17913,True,17913,4,12
1999-02-10,Tunisia,Sweden,0,1,Friendly,Tunis,Tunisia,False,17914,True,17913,43,41
1999-02-10,Portugal,Netherlands,0,0,Friendly,Paris,France,True,17914,True,17914,33,28
1999-02-10,Mexico,Argentina,0,1,Friendly,Los Angeles,United States,True,17914,True,17914,26,1
1999-02-10,England,France,0,2,Friendly,London,England,False,17914,True,17914,16,17
1999-02-19,Egypt,Mexico,0,3,Lunar New Year Cup,So Kon Po,Hong Kong,True,17923,False,17914,15,26
1999-03-10,Switzerland,Austria,2,4,Friendly,St. Gallen,Switzerland,False,17942,True,17923,42,3
1999-03-13,United States,Mexico,1,2,USA Cup,San Diego,United States,False,17945,False,17942,45,26
1999-03-28,South Korea,Brazil,1,0,Friendly,Seoul,South Korea,False,17960,True,17945,39,6
1999-03-30,Belgium,Egypt,0,1,Friendly,Liège,Belgium,False,17962,True,17960,4,15
1999-03-31,Netherlands,Argentina,1,1,Friendly,Amsterdam,Netherlands,False,17963,True,17962,28,1
1999-03-31,Scotland,Czech Republic,1,2,UEFA Euro qualification,Glasgow,Scotland,False,17963,False,17963,36,12
1999-03-31,Japan,Brazil,0,2,Friendly,Tokyo,Japan,False,17963,True,17963,24,6
1999-04-14,Mexico,Ecuador,0,0,Friendly,Monterrey,Mexico,False,17977,True,17963,26,14
1999-04-22,Paraguay,Colombia,0,2,Friendly,Luque,Paraguay,False,17985,True,17977,32,9
1999-04-28,Paraguay,Mexico,2,1,Friendly,Pedro Juan Caballero,Paraguay,False,17991,True,17985,32,26
1999-04-28,Netherlands,Morocco,1,2,Friendly,Arnhem,Netherlands,False,17991,True,17991,28,27
1999-04-28,Germany,Scotland,0,1,Friendly,Bremen,Germany,False,17991,True,17991,18,36
1999-05-05,Spain,Croatia,3,1,Friendly,Seville,Spain,False,17998,True,17991,40,10
1999-06-02,Ecuador,Iran,1,1,Friendly,Edmonton,Canada,True,18026,True,17998,14,21
1999-06-03,Japan,Belgium,0,0,Kirin Cup,Tokyo,Japan,False,18027,False,18026,24,4
1999-06-04,Canada,Iran,0,1,Friendly,Edmonton,Canada,False,18028,True,18027,7,21
1999-06-05,South Korea,Belgium,1,2,Friendly,Seoul,South Korea,False,18029,True,18028,39,4
1999-06-05,England,Sweden,0,0,UEFA Euro qualification,London,England,False,18029,False,18029,16,41
1999-06-05,Brazil,Netherlands,2,2,Friendly,Salvador,Brazil,False,18029,True,18029,6,28
1999-06-06,Tunisia,Algeria,2,0,African Cup of Nations qualification,Tunis,Tunisia,False,18030,False,18029,43,0
1999-06-06,Canada,Ecuador,1,2,Friendly,Edmonton,Canada,False,18030,True,18030,7,14
1999-06-08,Brazil,Netherlands,3,1,Friendly,Goiânia,Brazil,False,18032,True,18030,6,28
1999-06-09,Mexico,Argentina,2,2,Friendly,Chicago,United States,True,18033,True,18032,26,1
1999-06-09,Czech Republic,Scotland,3,2,UEFA Euro qualification,Prague,Czech Republic,False,18033,False,18033,12,36
1999-06-12,South Korea,Mexico,1,1,Korea Cup,Seoul,South Korea,False,18036,False,18033,39,26
1999-06-13,Croatia,Egypt,2,2,Korea Cup,Seoul,South Korea,True,18037,False,18036,10,15
1999-06-13,United States,Argentina,1,0,Friendly,"Washington, D.C.",United States,False,18037,True,18037,45,1
1999-06-16,Croatia,Mexico,2,1,Korea Cup,Seoul,South Korea,True,18040,False,18037,10,26
1999-06-16,South Korea,Egypt,0,0,Korea Cup,Seoul,South Korea,False,18040,False,18040,39,15
1999-06-17,Paraguay,Uruguay,2,3,Friendly,Ciudad del Este,Paraguay,False,18041,True,18040,32,46
1999-06-18,Egypt,Mexico,0,2,Korea Cup,Seoul,South Korea,True,18042,False,18041,15,26
1999-06-18,Saudi Arabia,Jordan,2,1,Friendly,Riyadh,Saudi Arabia,False,18042,True,18042,35,25
1999-06-19,South Korea,Croatia,1,1,Korea Cup,Seoul,South Korea,False,18043,False,18042,39,10
1999-06-22,Saudi Arabia,Jordan,2,0,Friendly,Riyadh,Saudi Arabia,False,18046,True,18043,35,25
1999-06-24,Paraguay,Colombia,2,1,Friendly,Asunción,Paraguay,False,18048,True,18046,32,9
1999-06-28,Jordan,Iraq,0,1,Friendly,Amman,Jordan,False,18052,True,18048,25,22
1999-06-30,Jordan,Iraq,1,1,Friendly,Amman,Jordan,False,18054,True,18052,25,22
1999-07-01,Uruguay,Colombia,0,1,Copa América,Asunción,Paraguay,True,18055,False,18054,46,9
1999-07-01,Argentina,Ecuador,3,1,Copa América,Luque,Paraguay,True,18055,False,18055,1,14
1999-07-02,Paraguay,Japan,4,0,Copa América,Asunción,Paraguay,False,18056,False,18055,32,24
1999-07-03,Brazil,Mexico,2,1,Copa América,Ciudad del Este,Paraguay,True,18057,False,18056,6,26
1999-07-04,Argentina,Colombia,0,3,Copa América,Luque,Paraguay,True,18058,False,18057,1,9
1999-07-04,Uruguay,Ecuador,2,1,Copa América,Luque,Paraguay,True,18058,False,18058,46,14
1999-07-07,Colombia,Ecuador,2,1,Copa América,Luque,Paraguay,True,18061,False,18058,9,14
1999-07-07,Uruguay,Argentina,0,2,Copa América,Luque,Paraguay,True,18061,False,18061,46,1
1999-07-09,Canada,Saudi Arabia,0,2,Friendly,Fullerton,United States,True,18063,True,18061,7,35
1999-07-10,Egypt,New Zealand,1,1,Friendly,Mexico City,Mexico,True,18064,True,18063,15,29
1999-07-10,Paraguay,Uruguay,1,1,Copa América,Asunción,Paraguay,False,18064,False,18064,32,46
1999-07-11,Brazil,Argentina,2,1,Copa América,Ciudad del Este,Paraguay,True,18065,False,18064,6,1
1999-07-14,Mexico,Brazil,0,2,Copa América,Ciudad del Este,Paraguay,True,18068,False,18065,26,6
1999-07-15,Egypt,New Zealand,1,0,Friendly,Guadalajara,Mexico,True,18069,True,18068,15,29
1999-07-18,Brazil,Uruguay,3,0,Copa América,Asunción,Paraguay,True,18072,False,18069,6,46
1999-07-24,Brazil,Germany,4,0,Confederations Cup,Guadalajara,Mexico,True,18078,False,18072,6,18
1999-07-24,New Zealand,United States,1,2,Confederations Cup,Guadalajara,Mexico,True,18078,False,18078,29,45
1999-07-25,Mexico,Saudi Arabia,5,1,Confederations Cup,Mexico City,Mexico,False,18079,False,18078,26,35
1999-07-27,Mexico,Egypt,2,2,Confederations Cup,Mexico City,Mexico,False,18081,False,18079,26,15
1999-07-28,Germany,New Zealand,2,0,Confederations Cup,Guadalajara,Mexico,True,18082,False,18081,18,29
1999-07-28,Brazil,United States,1,0,Confederations Cup,Guadalajara,Mexico,True,18082,False,18082,6,45
1999-07-29,Egypt,Saudi Arabia,1,5,Confederations Cup,Mexico City,Mexico,True,18083,False,18082,15,35
1999-07-30,New Zealand,Brazil,0,2,Confederations Cup,Guadalajara,Mexico,True,18084,False,18083,29,6
1999-07-30,United States,Germany,2,0,Confederations Cup,Guadalajara,Mexico,True,18084,False,18084,45,18
1999-08-01,Brazil,Saudi Arabia,8,2,Confederations Cup,Guadalajara,Mexico,True,18086,False,18084,6,35
1999-08-01,Mexico,United States,1,0,Confederations Cup,Mexico City,Mexico,False,18086,False,18086,26,45
1999-08-03,United States,Saudi Arabia,2,0,Confederations Cup,Guadalajara,Mexico,True,18088,False,18086,45,35
1999-08-04,Mexico,Brazil,4,3,Confederations Cup,Mexico City,Mexico,False,18089,False,18088,26,6
1999-08-18,Sweden,Austria,0,0,Friendly,Malmö,Sweden,False,18103,True,18089,41,3
1999-08-18,Czech Republic,Switzerland,3,0,Friendly,Drnovice,Czech Republic,False,18103,True,18103,12,42
1999-09-04,Netherlands,Belgium,5,5,Friendly,Rotterdam,Netherlands,False,18120,True,18103,28,4
1999-09-04,Bosnia and Herzegovina,Scotland,1,2,UEFA Euro qualification,Sarajevo,Bosnia and Herzegovina,False,18120,False,18120,5,36
1999-09-04,Austria,Spain,1,3,UEFA Euro qualification,Vienna,Austria,False,18120,False,18120,3,40
1999-09-04,Argentina,Brazil,2,0,Friendly,Buenos Aires,Argentina,False,18120,True,18120,1,6
1999-09-07,Brazil,Argentina,4,2,Friendly,Porto Alegre,Brazil,False,18123,True,18120,6,1
1999-09-07,Belgium,Morocco,4,0,Friendly,Liège,Belgium,False,18123,True,18123,4,27
1999-09-08,Japan,Iran,1,1,Friendly,Yokohama,Japan,False,18124,True,18123,24,21
1999-09-08,Czech Republic,Bosnia and Herzegovina,3,0,UEFA Euro qualification,Teplice,Czech Republic,False,18124,False,18124,12,5
1999-09-19,South Africa,Saudi Arabia,1,0,Friendly,Cape Town,South Africa,False,18135,True,18124,38,35
1999-09-30,Saudi Arabia,South Africa,0,0,Friendly,Riyadh,Saudi Arabia,False,18146,True,18135,35,38
1999-10-05,Scotland,Bosnia and Herzegovina,1,0,UEFA Euro qualification,Glasgow,Scotland,False,18151,False,18146,36,5
1999-10-09,Netherlands,Brazil,2,2,Friendly,Amsterdam,Netherlands,False,18155,True,18151,28,6
1999-10-09,Germany,Turkey,0,0,UEFA Euro qualification,Munich,Germany,False,18155,False,18155,18,44
1999-10-10,England,Belgium,2,1,Friendly,Sunderland,England,False,18156,True,18155,16,4
1999-10-10,Canada,Haiti,2,1,Gold Cup qualification,Los Angeles,United States,True,18156,False,18156,7,20
1999-10-12,Uruguay,Ecuador,0,0,Friendly,Montevideo,Uruguay,False,18158,True,18156,46,14
1999-10-13,Argentina,Colombia,2,1,Friendly,Córdoba,Argentina,False,18159,True,18158,1,9
1999-10-13,Mexico,Paraguay,0,1,Friendly,Chicago,United States,True,18159,True,18159,26,32
1999-10-20,Mexico,Colombia,0,0,Friendly,San Diego,United States,True,18166,True,18159,26,9
1999-10-27,Mexico,Ecuador,0,0,Friendly,Houston,United States,True,18173,True,18166,26,14
1999-11-12,Egypt,Ghana,1,2,Friendly,Cairo,Egypt,False,18189,True,18173,15,19
1999-11-13,Spain,Brazil,0,0,Friendly,Vigo,Spain,False,18190,True,18189,40,6
1999-11-13,Netherlands,Czech Republic,1,1,Friendly,Eindhoven,Netherlands,False,18190,True,18190,28,12
1999-11-13,Scotland,England,0,2,UEFA Euro qualification,Glasgow,Scotland,False,18190,False,18190,36,16
1999-11-13,France,Croatia,3,0,Friendly,Saint-Denis,France,False,18190,True,18190,17,10
1999-11-14,Norway,Germany,0,1,Friendly,Oslo,Norway,False,18191,True,18190,30,18
1999-11-17,Spain,Argentina,0,2,Friendly,Seville,Spain,False,18194,True,18191,40,1
1999-11-17,Uruguay,Paraguay,0,1,Friendly,Maldonado,Uruguay,False,18194,True,18194,46,32
1999-11-17,England,Scotland,0,1,UEFA Euro qualification,London,England,False,18194,False,18194,16,36
1999-11-17,Morocco,United States,2,1,Friendly,Marrakesh,Morocco,False,18194,True,18194,27,45
1999-11-20,Senegal,Ivory Coast,3,0,Friendly,Dakar,Senegal,False,18197,True,18194,37,23
1999-11-27,South Africa,Sweden,1,0,Friendly,Pretoria,South Africa,False,18204,True,18197,38,41
1999-12-21,Morocco,Senegal,0,0,Friendly,Agadir,Morocco,False,18228,True,18204,27,37
1999-12-22,Tunisia,Ghana,2,0,Friendly,Sfax,Tunisia,False,18229,True,18228,43,19
2000-01-09,Ivory Coast,Egypt,2,0,Friendly,Abidjan,Ivory Coast,False,18247,True,18229,23,15
2000-01-09,Mexico,Iran,2,1,Friendly,Oakland,United States,True,18247,True,18247,26,21
2000-01-16,United States,Iran,1,1,Friendly,Pasadena,United States,False,18254,True,18247,45,21
2000-01-18,Ghana,Tunisia,2,0,Friendly,Accra,Ghana,False,18256,True,18254,19,43
2000-01-21,New Zealand,South Korea,0,1,Friendly,Auckland,New Zealand,False,18259,True,18256,29,39
2000-01-23,New Zealand,South Korea,0,0,Friendly,Palmerston North,New Zealand,False,18261,True,18259,29,39
2000-01-24,DR Congo,Algeria,0,0,African Cup of Nations,Kumasi,Ghana,True,18262,False,18261,13,0
2000-01-24,Qatar,Bosnia and Herzegovina,2,0,Friendly,Doha,Qatar,False,18262,True,18262,34,5
2000-01-27,South Africa,DR Congo,1,0,African Cup of Nations,Kumasi,Ghana,True,18265,False,18262,38,13
2000-01-28,Egypt,Senegal,1,0,African Cup of Nations,Kano,Nigeria,True,18266,False,18265,15,37
2000-01-29,Tunisia,Morocco,0,0,African Cup of Nations,Lagos,Nigeria,True,18267,False,18266,43,27
2000-01-31,Ghana,Ivory Coast,0,2,African Cup of Nations,Accra,Ghana,False,18269,False,18267,19,23
2000-02-02,South Africa,Algeria,1,1,African Cup of Nations,Kumasi,Ghana,True,18271,False,18269,38,0
2000-02-04,Norway,Sweden,1,1,Nordic Championship,Cartagena,Spain,True,18273,False,18271,30,41
2000-02-05,Japan,Mexico,0,1,Lunar New Year Cup,So Kon Po,Hong Kong,True,18274,False,18273,24,26
2000-02-06,Ghana,South Africa,0,1,African Cup of Nations,Kumasi,Ghana,False,18275,False,18274,19,38
2000-02-07,Egypt,Tunisia,0,1,African Cup of Nations,Kano,Nigeria,True,18276,False,18275,15,43
2000-02-08,Mexico,Czech Republic,1,2,Lunar New Year Cup,So Kon Po,Hong Kong,True,18277,False,18276,26,12
2000-02-12,South Africa,Tunisia,2,2,African Cup of Nations,Accra,Ghana,True,18281,False,18277,38,43
2000-02-12,United States,Haiti,3,0,Gold Cup,Miami,United States,False,18281,False,18281,45,20
2000-02-15,Canada,South Korea,0,0,Gold Cup,Los Angeles,United States,True,18284,False,18281,7,39
2000-02-19,United States,Colombia,2,2,Gold Cup,Miami,United States,False,18288,False,18284,45,9
2000-02-20,Mexico,Canada,1,2,Gold Cup,San Diego,United States,True,18289,False,18288,26,7
2000-02-23,Turkey,Norway,0,2,Friendly,Istanbul,Turkey,False,18292,True,18289,44,30
2000-02-23,Netherlands,Germany,2,1,Friendly,Amsterdam,Netherlands,False,18292,True,18292,28,18
2000-02-23,England,Argentina,0,0,Friendly,London,England,False,18292,True,18292,16,1
2000-02-23,Croatia,Spain,0,0,Friendly,Split,Croatia,False,18292,True,18292,10,40
2000-02-23,Belgium,Portugal,1,1,Friendly,Charleroi,Belgium,False,18292,True,18292,4,33
2000-02-27,Canada,Colombia,2,0,Gold Cup,Los Angeles,United States,True,18296,False,18292,7,9
2000-03-11,Jordan,Bosnia and Herzegovina,0,0,Friendly,Zarqa,Jordan,False,18309,True,18296,25,5
2000-03-12,United States,Tunisia,1,1,Friendly,Birmingham,United States,False,18310,True,18309,45,43
2000-03-15,Jordan,Bosnia and Herzegovina,1,2,Friendly,Zarqa,Jordan,False,18313,True,18310,25,5
2000-03-28,Colombia,Brazil,0,0,FIFA World Cup qualification,Bogotá,Colombia,False,18326,False,18313,9,6
2000-03-29,Switzerland,Norway,2,2,Friendly,Lugano,Switzerland,False,18327,True,18326,42,30
2000-03-29,Scotland,France,0,2,Friendly,Glasgow,Scotland,False,18327,True,18327,36,17
2000-03-29,Czech Republic,Australia,3,1,Friendly,Teplice,Czech Republic,False,18327,True,18327,12,2
2000-03-29,Croatia,Germany,1,1,Friendly,Zagreb,Croatia,False,18327,True,18327,10,18
2000-03-29,Belgium,Netherlands,2,2,Friendly,Brussels,Belgium,False,18327,True,18327,4,28
2000-03-29,Austria,Sweden,1,1,Friendly,Graz,Austria,False,18327,True,18327,3,41
2000-04-08,Qatar,Jordan,2,2,AFC Asian Cup qualification,Doha,Qatar,False,18337,False,18327,34,25
2000-04-09,Cape Verde,Algeria,0,0,FIFA World Cup qualification,Mindelo,Cape Verde,False,18338,False,18337,8,0
2000-04-21,Algeria,Cape Verde,2,0,FIFA World Cup qualification,Annaba,Algeria,False,18350,False,18338,0,8
2000-04-26,Netherlands,Scotland,0,0,Friendly,Arnhem,Netherlands,False,18355,True,18350,28,36
2000-04-26,Norway,Belgium,0,2,Friendly,Oslo,Norway,False,18355,True,18355,30,4
2000-04-26,Paraguay,Uruguay,1,0,FIFA World Cup qualification,Asunción,Paraguay,False,18355,False,18355,32,46
2000-04-26,Austria,Croatia,1,2,Friendly,Vienna,Austria,False,18355,True,18355,3,10
2000-04-26,South Korea,Japan,1,0,Friendly,Seoul,South Korea,False,18355,True,18355,39,24
2000-04-26,Brazil,Ecuador,3,2,FIFA World Cup qualification,São Paulo,Brazil,False,18355,False,18355,6,14
2000-04-26,Germany,Switzerland,1,1,Friendly,Kaiserslautern,Germany,False,18355,True,18355,18,42
2000-05-08,Cape Verde,Senegal,2,2,Amílcar Cabral Cup,Praia,Cape Verde,False,18367,False,18355,8,37
2000-05-14,Cape Verde,Senegal,1,0,Amílcar Cabral Cup,Praia,Cape Verde,False,18373,False,18367,8,37
2000-05-25,Jordan,Iraq,0,0,WAFF Championship,Amman,Jordan,False,18384,False,18373,25,22
2000-05-27,England,Brazil,1,1,Friendly,London,England,False,18386,True,18384,16,6
2000-05-28,Croatia,France,0,2,Friendly,Zagreb,Croatia,False,18387,True,18386,10,17
2000-05-31,Jordan,Iran,0,1,WAFF Championship,Amman,Jordan,False,18390,False,18387,25,21
2000-06-02,Jordan,Iraq,1,4,WAFF Championship,Amman,Jordan,False,18392,False,18390,25,22
2000-06-03,Paraguay,Ecuador,3,1,FIFA World Cup qualification,Asunción,Paraguay,False,18393,False,18392,32,14
2000-06-03,United States,South Africa,4,0,USA Cup,"Washington, D.C.",United States,False,18393,False,18393,45,38
2000-06-03,Sweden,Spain,1,1,Friendly,Gothenburg,Sweden,False,18393,True,18393,41,40
2000-06-03,Germany,Czech Republic,3,2,Friendly,Nuremberg,Germany,False,18393,True,18393,18,12
2000-06-04,France,Japan,2,2,King Hassan II Tournament,Casablanca,Morocco,True,18394,False,18393,17,24
2000-06-06,Morocco,France,1,5,King Hassan II Tournament,Casablanca,Morocco,False,18396,False,18394,27,17
2000-06-07,Mexico,South Africa,4,2,USA Cup,Dallas,United States,True,18397,False,18396,26,38
2000-06-07,Iran,Egypt,1,1,Friendly,Tehran,Iran,False,18397,True,18397,21,15
2000-06-09,Australia,Paraguay,0,0,Friendly,Sydney,Australia,False,18399,True,18397,2,32
2000-06-09,Egypt,South Korea,0,1,Friendly,Tehran,Iran,True,18399,True,18399,15,39
2000-06-10,Belgium,Sweden,2,1,UEFA Euro,Brussels,Belgium,False,18400,False,18399,4,41
2000-06-11,Tunisia,Senegal,4,1,Friendly,Tunis,Tunisia,False,18401,True,18400,43,37
2000-06-11,Netherlands,Czech Republic,1,0,UEFA Euro,Amsterdam,Netherlands,False,18401,False,18401,28,12
2000-06-11,United States,Mexico,3,0,USA Cup,East Rutherford,United States,False,18401,False,18401,45,26
2000-06-12,Australia,Paraguay,0,0,Friendly,Brisbane,Australia,False,18402,True,18401,2,32
2000-06-12,Portugal,England,3,2,UEFA Euro,Eindhoven,Netherlands,True,18402,False,18402,33,16
2000-06-13,Spain,Norway,0,1,UEFA Euro,Rotterdam,Netherlands,True,18403,False,18402,40,30
2000-06-15,Australia,Paraguay,2,1,Friendly,Melbourne,Australia,False,18405,True,18403,2,32
2000-06-15,Sweden,Turkey,0,0,UEFA Euro,Eindhoven,Netherlands,True,18405,False,18405,41,44
2000-06-16,Czech Republic,France,1,2,UEFA Euro,Bruges,Belgium,True,18406,False,18405,12,17
2000-06-16,Algeria,Senegal,1,1,FIFA World Cup qualification,Annaba,Algeria,False,18406,False,18406,0,37
2000-06-17,Egypt,Ghana,2,0,Friendly,Cairo,Egypt,False,18407,True,18406,15,19
2000-06-17,England,Germany,1,0,UEFA Euro,Charleroi,Belgium,True,18407,False,18407,16,18
2000-06-18,Ivory Coast,Tunisia,2,2,FIFA World Cup qualification,Abidjan,Ivory Coast,False,18408,False,18407,23,43
2000-06-19,Belgium,Turkey,0,2,UEFA Euro,Brussels,Belgium,False,18409,False,18408,4,44
2000-06-20,Portugal,Germany,3,0,UEFA Euro,Rotterdam,Netherlands,True,18410,False,18409,33,18
2000-06-21,Netherlands,France,3,2,UEFA Euro,Amsterdam,Netherlands,False,18411,False,18410,28,17
2000-06-24,Turkey,Portugal,0,2,UEFA Euro,Amsterdam,Netherlands,True,18414,False,18411,44,33
2000-06-25,Ecuador,Panama,5,0,Friendly,Quito,Ecuador,False,18415,True,18414,14,31
2000-06-25,Spain,France,1,2,UEFA Euro,Bruges,Belgium,True,18415,False,18415,40,17
2000-06-28,Australia,New Zealand,2,0,Oceania Nations Cup,Papeete,Tahiti,True,18418,False,18415,2,29
2000-06-28,Brazil,Uruguay,1,1,FIFA World Cup qualification,Rio de Janeiro,Brazil,False,18418,False,18418,6,46
2000-06-28,France,Portugal,2,1,UEFA Euro,Brussels,Belgium,True,18418,False,18418,17,33
2000-06-28,Tunisia,Algeria,2,2,Friendly,Tunis,Tunisia,False,18418,True,18418,43,0
2000-06-29,Colombia,Argentina,1,3,FIFA World Cup qualification,Bogotá,Colombia,False,18419,False,18418,9,1
2000-07-09,Morocco,Algeria,2,1,FIFA World Cup qualification,Fez,Morocco,False,18429,False,18419,27,0
2000-07-09,Senegal,Egypt,0,0,FIFA World Cup qualification,Dakar,Senegal,False,18429,False,18429,37,15
2000-07-16,Panama,Mexico,0,1,FIFA World Cup qualification,Panama City,Panama,False,18436,False,18429,31,26
2000-07-18,Paraguay,Brazil,2,1,FIFA World Cup qualification,Asunción,Paraguay,False,18438,False,18436,32,6
2000-07-19,Argentina,Ecuador,2,0,FIFA World Cup qualification,Buenos Aires,Argentina,False,18439,False,18438,1,14
2000-07-23,Panama,Canada,0,0,FIFA World Cup qualification,Panama City,Panama,False,18443,False,18439,31,7
2000-07-25,Ecuador,Colombia,0,0,FIFA World Cup qualification,Quito,Ecuador,False,18445,False,18443,14,9
2000-07-26,Brazil,Argentina,3,1,FIFA World Cup qualification,São Paulo,Brazil,False,18446,False,18445,6,1
2000-08-11,Panama,Ecuador,0,0,Friendly,Panama City,Panama,False,18462,True,18446,31,14
2000-08-15,Colombia,Uruguay,1,0,FIFA World Cup qualification,Bogotá,Colombia,False,18466,False,18462,9,46
2000-08-15,Mexico,Canada,2,0,FIFA World Cup qualification,Mexico City,Mexico,False,18466,False,18466,26,7
2000-08-16,Argentina,Paraguay,1,1,FIFA World Cup qualification,Buenos Aires,Argentina,False,18467,False,18466,1,32
2000-08-16,Bosnia and Herzegovina,Turkey,2,0,Friendly,Sarajevo,Bosnia and Herzegovina,False,18467,True,18467,5,44
2000-08-16,Germany,Spain,4,1,Friendly,Hanover,Germany,False,18467,True,18467,18,40
2000-09-01,Austria,Iran,5,1,Friendly,Vienna,Austria,False,18483,True,18467,3,21
2000-09-02,Iraq,Uzbekistan,2,0,Friendly,Shanghai,China,True,18484,True,18483,22,47
2000-09-02,Belgium,Croatia,0,0,FIFA World Cup qualification,Brussels,Belgium,False,18484,False,18484,4,10
2000-09-02,France,England,1,1,Friendly,Saint-Denis,France,False,18484,True,18484,17,16
2000-09-02,Egypt,Ivory Coast,1,0,African Cup of Nations qualification,Alexandria,Egypt,False,18484,False,18484,15,23
2000-09-02,Bosnia and Herzegovina,Spain,1,2,FIFA World Cup qualification,Sarajevo,Bosnia and Herzegovina,False,18484,False,18484,5,40
2000-09-03,Mexico,Panama,7,1,FIFA World Cup qualification,Mexico City,Mexico,False,18485,False,18484,26,31
2000-09-03,Uruguay,Ecuador,4,0,FIFA World Cup qualification,Montevideo,Uruguay,False,18485,False,18485,46,14
2000-09-20,Mexico,Ecuador,2,0,Friendly,San Diego,United States,True,18502,True,18485,26,14
2000-09-27,Qatar,Iran,1,2,Friendly,Doha,Qatar,False,18509,True,18502,34,21
2000-10-02,Jordan,Saudi Arabia,1,0,Friendly,Amman,Jordan,False,18514,True,18509,25,35
2000-10-02,Qatar,Egypt,0,1,Friendly,Doha,Qatar,False,18514,True,18514,34,15
2000-10-07,Sweden,Turkey,1,1,FIFA World Cup qualification,Gothenburg,Sweden,False,18519,False,18514,41,44
2000-10-07,South Africa,France,0,0,Friendly,Johannesburg,South Africa,False,18519,True,18519,38,17
2000-10-07,England,Germany,0,1,FIFA World Cup qualification,London,England,False,18519,False,18519,16,18
2000-10-07,Colombia,Paraguay,0,2,FIFA World Cup qualification,Bogotá,Colombia,False,18519,False,18519,9,32
2000-10-07,Australia,South Korea,2,4,United Arab Emirates Friendship Tournament,Dubai,United Arab Emirates,True,18519,False,18519,2,39
2000-10-08,Argentina,Uruguay,2,1,FIFA World Cup qualification,Buenos Aires,Argentina,False,18520,False,18519,1,46
2000-10-09,Canada,Panama,1,0,FIFA World Cup qualification,Winnipeg,Canada,False,18521,False,18520,7,31
2000-10-11,Netherlands,Portugal,0,2,FIFA World Cup qualification,Rotterdam,Netherlands,False,18523,False,18521,28,33
2000-10-11,Croatia,Scotland,1,1,FIFA World Cup qualification,Zagreb,Croatia,False,18523,False,18523,10,36
2000-10-11,Austria,Spain,1,1,FIFA World Cup qualification,Vienna,Austria,False,18523,False,18523,3,40
2000-10-14,Qatar,Uzbekistan,1,1,AFC Asian Cup,Sidon,Lebanon,True,18526,False,18523,34,47
2000-10-14,Saudi Arabia,Japan,1,4,AFC Asian Cup,Sidon,Lebanon,True,18526,False,18526,35,24
2000-10-17,Japan,Uzbekistan,8,1,AFC Asian Cup,Sidon,Lebanon,True,18529,False,18526,24,47
2000-10-17,Saudi Arabia,Qatar,0,0,AFC Asian Cup,Sidon,Lebanon,True,18529,False,18529,35,34
2000-10-18,Iran,Iraq,1,0,AFC Asian Cup,Sidon,Lebanon,True,18530,False,18529,21,22
2000-10-20,Japan,Qatar,1,1,AFC Asian Cup,Beirut,Lebanon,True,18532,False,18530,24,34
2000-10-20,Saudi Arabia,Uzbekistan,5,0,AFC Asian Cup,Sidon,Lebanon,True,18532,False,18532,35,47
2000-10-23,Iran,South Korea,1,2,AFC Asian Cup,Tripoli,Lebanon,True,18535,False,18532,21,39
2000-10-24,Japan,Iraq,4,1,AFC Asian Cup,Beirut,Lebanon,True,18536,False,18535,24,22
2000-10-25,United States,Mexico,2,0,Friendly,Los Angeles,United States,False,18537,True,18536,45,26
2000-10-26,South Korea,Saudi Arabia,1,2,AFC Asian Cup,Beirut,Lebanon,True,18538,False,18537,39,35
2000-10-29,Japan,Saudi Arabia,1,0,AFC Asian Cup,Beirut,Lebanon,True,18541,False,18538,24,35
2000-11-15,Turkey,France,0,4,Friendly,Istanbul,Turkey,False,18558,True,18541,44,17
2000-11-15,Tunisia,Switzerland,1,1,Friendly,Tunis,Tunisia,False,18558,True,18558,43,42
2000-11-15,Spain,Netherlands,1,2,Friendly,Seville,Spain,False,18558,True,18558,40,28
2000-11-15,Scotland,Australia,0,2,Friendly,Glasgow,Scotland,False,18558,True,18558,36,2
2000-11-15,Brazil,Colombia,1,0,FIFA World Cup qualification,São Paulo,Brazil,False,18558,False,18558,6,9
2000-11-15,Canada,Mexico,0,0,FIFA World Cup qualification,Toronto,Canada,False,18558,False,18558,7,26
2000-12-20,Japan,South Korea,1,1,Friendly,Tokyo,Japan,False,18593,True,18558,24,39
2000-12-20,Mexico,Argentina,0,2,Friendly,Los Angeles,United States,True,18593,True,18593,26,1
2001-01-13,Tunisia,Morocco,0,1,African Cup of Nations qualification,Tunis,Tunisia,False,18617,False,18593,43,27
2001-01-14,DR Congo,Ghana,2,1,African Cup of Nations qualification,Kinshasa,DR Congo,False,18618,False,18617,13,19
2001-01-24,South Korea,Norway,2,3,Lunar New Year Cup,So Kon Po,Hong Kong,True,18628,False,18618,39,30
2001-01-27,South Korea,Paraguay,1,1,Lunar New Year Cup,So Kon Po,Hong Kong,True,18631,False,18628,39,32
2001-01-28,Egypt,Morocco,0,0,FIFA World Cup qualification,Cairo,Egypt,False,18632,False,18631,15,27
2001-01-31,Mexico,Colombia,2,3,Friendly,Los Angeles,United States,True,18635,True,18632,26,9
2001-02-03,United States,Colombia,0,1,Friendly,Miami,United States,False,18638,True,18635,45,9
2001-02-08,Morocco,South Korea,1,1,United Arab Emirates Friendship Tournament,Dubai,United Arab Emirates,True,18643,False,18638,27,39
2001-02-14,Sweden,Qatar,0,0,King's Cup,Bangkok,Thailand,True,18649,False,18643,41,34
2001-02-24,Morocco,Senegal,0,0,FIFA World Cup qualification,Rabat,Morocco,False,18659,False,18649,27,37
2001-02-25,Tunisia,DR Congo,6,0,FIFA World Cup qualification,Tunis,Tunisia,False,18660,False,18659,43,13
2001-02-27,France,Germany,1,0,Friendly,Saint-Denis,France,False,18662,True,18660,17,18
2001-02-28,Netherlands,Turkey,0,0,Friendly,Amsterdam,Netherlands,False,18663,True,18662,28,44
2001-02-28,United States,Mexico,2,0,FIFA World Cup qualification,Columbus,United States,False,18663,False,18663,45,26
2001-02-28,Colombia,Australia,3,2,Friendly,Bogotá,Colombia,False,18663,True,18663,9,2
2001-02-28,Croatia,Austria,1,0,Friendly,Rijeka,Croatia,False,18663,True,18663,10,3
2001-02-28,England,Spain,3,0,Friendly,Birmingham,England,False,18663,True,18663,16,40
2001-03-03,United States,Brazil,1,2,Friendly,Pasadena,United States,False,18666,True,18663,45,6
2001-03-07,Mexico,Brazil,3,3,Friendly,Guadalajara,Mexico,False,18670,True,18666,26,6
2001-03-10,DR Congo,Ivory Coast,1,2,FIFA World Cup qualification,Kinshasa,DR Congo,False,18673,False,18670,13,23
2001-03-11,Egypt,Algeria,5,2,FIFA World Cup qualification,Cairo,Egypt,False,18674,False,18673,15,0
2001-03-24,Scotland,Belgium,2,2,FIFA World Cup qualification,Glasgow,Scotland,False,18687,False,18674,36,4
2001-03-24,Morocco,Tunisia,2,0,African Cup of Nations qualification,Rabat,Morocco,False,18687,False,18687,27,43
2001-03-24,Bosnia and Herzegovina,Austria,1,1,FIFA World Cup qualification,Sarajevo,Bosnia and Herzegovina,False,18687,False,18687,5,3
2001-03-24,France,Japan,5,0,Friendly,Saint-Denis,France,False,18687,True,18687,17,24
2001-03-25,Ghana,DR Congo,3,0,African Cup of Nations qualification,Accra,Ghana,False,18688,False,18687,19,13
2001-03-28,Portugal,Netherlands,2,2,FIFA World Cup qualification,Porto,Portugal,False,18691,False,18688,33,28
2001-03-28,Spain,France,2,1,Friendly,Valencia,Spain,False,18691,True,18691,40,17
2001-03-28,Uruguay,Paraguay,0,1,FIFA World Cup qualification,Montevideo,Uruguay,False,18691,False,18691,46,32
2001-03-28,Ecuador,Brazil,1,0,FIFA World Cup qualification,Quito,Ecuador,False,18691,False,18691,14,6
2001-04-05,Haiti,Panama,1,1,Friendly,Port-au-Prince,Haiti,False,18699,True,18691,20,31
2001-04-07,Haiti,Panama,0,0,Friendly,Cap-Haïtien,Haiti,False,18701,True,18699,20,31
2001-04-21,Senegal,Algeria,3,0,FIFA World Cup qualification,Dakar,Senegal,False,18715,False,18701,37,0
2001-04-24,Iran,South Korea,0,1,Friendly,Cairo,Egypt,True,18718,True,18715,21,39
2001-04-24,Egypt,Canada,3,0,Friendly,Cairo,Egypt,False,18718,True,18718,15,7
2001-04-24,Panama,Haiti,2,0,Friendly,Panama City,Panama,False,18718,True,18718,31,20
2001-04-24,Ecuador,Paraguay,2,1,FIFA World Cup qualification,Quito,Ecuador,False,18718,False,18718,14,32
2001-04-25,Switzerland,Sweden,0,2,Friendly,Geneva,Switzerland,False,18719,True,18718,42,41
2001-04-25,Spain,Japan,1,0,Friendly,Córdoba,Spain,False,18719,True,18719,40,24
2001-04-25,Czech Republic,Belgium,1,1,Friendly,Prague,Czech Republic,False,18719,True,18719,12,4
2001-04-25,France,Portugal,4,0,Friendly,Saint-Denis,France,False,18719,True,18719,17,33
2001-04-26,Canada,Iran,1,0,Friendly,Cairo,Egypt,True,18720,True,18719,7,21
2001-04-26,Egypt,South Korea,1,2,Friendly,Cairo,Egypt,False,18720,True,18720,15,39
2001-04-27,Uzbekistan,Jordan,2,2,FIFA World Cup qualification,Tashkent,Uzbekistan,False,18721,False,18720,47,25
2001-05-04,Algeria,Morocco,1,2,FIFA World Cup qualification,Algiers,Algeria,False,18728,False,18721,0,27
2001-05-06,Egypt,Senegal,1,0,FIFA World Cup qualification,Cairo,Egypt,False,18730,False,18728,15,37
2001-05-07,Jordan,Uzbekistan,1,1,FIFA World Cup qualification,Amman,Jordan,False,18731,False,18730,25,47
2001-05-20,Tunisia,Ivory Coast,1,1,FIFA World Cup qualification,Tunis,Tunisia,False,18744,False,18731,43,23
2001-05-25,England,Mexico,4,0,Friendly,Derby,England,False,18749,True,18744,16,26
2001-05-30,South Korea,France,0,5,Confederations Cup,Daegu,South Korea,False,18754,False,18749,39,17
2001-05-30,Mexico,Australia,0,2,Confederations Cup,Suwon,South Korea,True,18754,False,18754,26,2
2001-05-31,Japan,Canada,3,0,Confederations Cup,Niigata,Japan,False,18755,False,18754,24,7
2001-06-01,Australia,France,1,0,Confederations Cup,Daegu,South Korea,True,18756,False,18755,2,17
2001-06-01,South Korea,Mexico,2,1,Confederations Cup,Ulsan,South Korea,False,18756,False,18756,39,26
2001-06-02,Spain,Bosnia and Herzegovina,4,1,FIFA World Cup qualification,Oviedo,Spain,False,18757,False,18756,40,5
2001-06-02,Canada,Brazil,0,0,Confederations Cup,Kashima,Japan,True,18757,False,18757,7,6
2001-06-03,South Korea,Australia,1,0,Confederations Cup,Suwon,South Korea,False,18758,False,18757,39,2
2001-06-03,France,Mexico,4,0,Confederations Cup,Ulsan,South Korea,True,18758,False,18758,17,26
2001-06-03,Argentina,Colombia,3,0,FIFA World Cup qualification,Buenos Aires,Argentina,False,18758,False,18758,1,9
2001-06-04,Japan,Brazil,0,0,Confederations Cup,Kashima,Japan,False,18759,False,18758,24,6
2001-06-07,France,Brazil,2,1,Confederations Cup,Suwon,South Korea,True,18762,False,18759,17,6
2001-06-07,Japan,Australia,1,0,Confederations Cup,Yokohama,Japan,False,18762,False,18762,24,2
2001-06-07,United States,Ecuador,0,0,Friendly,Columbus,United States,False,18762,True,18762,45,14
2001-06-09,Australia,Brazil,1,0,Confederations Cup,Ulsan,South Korea,True,18764,False,18762,2,6
2001-06-10,Japan,France,0,1,Confederations Cup,Yokohama,Japan,False,18765,False,18764,24,17
2001-06-17,Ivory Coast,Egypt,2,2,African Cup of Nations qualification,Abidjan,Ivory Coast,False,18772,False,18765,23,15
2001-06-20,New Zealand,Australia,0,2,FIFA World Cup qualification,Wellington,New Zealand,False,18775,False,18772,29,2
2001-06-24,Australia,New Zealand,4,1,FIFA World Cup qualification,Sydney,Australia,False,18779,False,18775,2,29
2001-06-30,Bosnia and Herzegovina,Uzbekistan,1,2,Merdeka Tournament,Shah Alam,Malaysia,True,18785,False,18779,5,47
2001-06-30,Morocco,Egypt,1,0,FIFA World Cup qualification,Rabat,Morocco,False,18785,False,18785,27,15
2001-07-01,Mexico,United States,1,0,FIFA World Cup qualification,Mexico City,Mexico,False,18786,False,18785,26,45
2001-07-01,Uruguay,Brazil,1,0,FIFA World Cup qualification,Montevideo,Uruguay,False,18786,False,18786,46,6
2001-07-01,Japan,Paraguay,2,0,Kirin Cup,Sapporo,Japan,False,18786,False,18786,24,32
2001-07-12,Brazil,Mexico,0,1,Copa América,Cali,Colombia,True,18797,False,18786,6,26
2001-07-14,Senegal,Morocco,1,0,FIFA World Cup qualification,Dakar,Senegal,False,18799,False,18797,37,27
2001-07-14,Colombia,Ecuador,1,0,Copa América,Barranquilla,Colombia,False,18799,False,18799,9,14
2001-07-15,DR Congo,Tunisia,0,3,FIFA World Cup qualification,Kinshasa,DR Congo,False,18800,False,18799,13,43
2001-07-15,Paraguay,Mexico,0,0,Copa América,Cali,Colombia,True,18800,False,18800,32,26
2001-07-18,Brazil,Paraguay,3,1,Copa América,Cali,Colombia,True,18803,False,18800,6,32
2001-07-21,Algeria,Egypt,1,1,FIFA World Cup qualification,Annaba,Algeria,False,18806,False,18803,0,15
2001-07-22,Bosnia and Herzegovina,Iran,2,2,Friendly,Bihać,Bosnia and Herzegovina,False,18807,True,18806,5,21
2001-07-25,Mexico,Uruguay,2,1,Copa América,Pereira,Colombia,True,18810,False,18807,26,46
2001-07-29,Colombia,Mexico,1,0,Copa América,Bogotá,Colombia,False,18814,False,18810,9,26
2001-07-29,Ivory Coast,DR Congo,1,2,FIFA World Cup qualification,Abidjan,Ivory Coast,False,18814,False,18814,23,13
2001-08-01,Qatar,Iran,2,1,Friendly,Doha,Qatar,False,18817,True,18814,34,21
2001-08-05,Saudi Arabia,Qatar,1,2,Friendly,Riyadh,Saudi Arabia,False,18821,True,18817,35,34
2001-08-09,Brazil,Panama,5,0,Friendly,Curitiba,Brazil,False,18825,True,18821,6,31
2001-08-10,Iran,Bosnia and Herzegovina,4,0,Friendly,Tehran,Iran,False,18826,True,18825,21,5
2001-08-15,Norway,Turkey,1,1,Friendly,Oslo,Norway,False,18831,True,18826,30,44
2001-08-15,Japan,Australia,3,0,Friendly,Fukuroi,Japan,False,18831,True,18831,24,2
2001-08-15,Sweden,South Africa,3,0,Friendly,Solna,Sweden,False,18831,True,18831,41,38
2001-08-15,England,Netherlands,0,2,Friendly,London,England,False,18831,True,18831,16,28
2001-08-15,Ecuador,Argentina,0,2,FIFA World Cup qualification,Quito,Ecuador,False,18831,False,18831,14,1
2001-08-15,Czech Republic,South Korea,5,0,Friendly,Drnovice,Czech Republic,False,18831,True,18831,12,39
2001-08-15,Brazil,Paraguay,2,0,FIFA World Cup qualification,Porto Alegre,Brazil,False,18831,False,18831,6,32
2001-08-15,Austria,Switzerland,1,2,Friendly,Vienna,Austria,False,18831,True,18831,3,42
2001-08-24,Iran,Saudi Arabia,2,0,FIFA World Cup qualification,Tehran,Iran,False,18840,False,18831,21,35
2001-08-26,Uzbekistan,Qatar,2,1,FIFA World Cup qualification,Tashkent,Uzbekistan,False,18842,False,18840,47,34
2001-08-31,Saudi Arabia,Iraq,1,0,FIFA World Cup qualification,Riffa,Bahrain,True,18847,False,18842,35,22
2001-09-01,Spain,Austria,4,0,FIFA World Cup qualification,Valencia,Spain,False,18848,False,18847,40,3
2001-09-01,Scotland,Croatia,0,0,FIFA World Cup qualification,Glasgow,Scotland,False,18848,False,18848,36,10
2001-09-01,Germany,England,1,5,FIFA World Cup qualification,Munich,Germany,False,18848,False,18848,18,16
2001-09-05,Turkey,Sweden,1,2,FIFA World Cup qualification,Istanbul,Turkey,False,18852,False,18848,44,41
2001-09-05,Argentina,Brazil,2,1,FIFA World Cup qualification,Buenos Aires,Argentina,False,18852,False,18852,1,6
2001-09-05,Belgium,Scotland,2,0,FIFA World Cup qualification,Brussels,Belgium,False,18852,False,18852,4,36
2001-09-05,Colombia,Ecuador,0,0,FIFA World Cup qualification,Bogotá,Colombia,False,18852,False,18852,9,14
2001-09-05,Austria,Bosnia and Herzegovina,2,0,FIFA World Cup qualification,Vienna,Austria,False,18852,False,18852,3,5
2001-09-07,Iraq,Iran,1,2,FIFA World Cup qualification,Baghdad,Iraq,False,18854,False,18852,22,21
2001-09-14,Qatar,Iraq,0,0,Friendly,Doha,Qatar,False,18861,True,18854,34,22
2001-09-28,Qatar,Uzbekistan,2,2,FIFA World Cup qualification,Doha,Qatar,False,18875,False,18861,34,47
2001-09-28,Saudi Arabia,Iran,2,2,FIFA World Cup qualification,Jeddah,Saudi Arabia,False,18875,False,18875,35,21
2001-10-04,Japan,Senegal,0,2,Friendly,Lens,France,True,18881,True,18875,24,37
2001-10-05,Iraq,Saudi Arabia,1,2,FIFA World Cup qualification,Amman,Jordan,True,18882,False,18881,22,35
2001-10-06,France,Algeria,4,1,Friendly,Saint-Denis,France,False,18883,True,18882,17,0
2001-10-06,Croatia,Belgium,1,0,FIFA World Cup qualification,Zagreb,Croatia,False,18883,False,18883,10,4
2001-10-07,Paraguay,Argentina,2,2,FIFA World Cup qualification,Asunción,Paraguay,False,18884,False,18883,32,1
2001-10-07,Uruguay,Colombia,1,1,FIFA World Cup qualification,Montevideo,Uruguay,False,18884,False,18884,46,9
2001-10-12,Iran,Iraq,2,1,FIFA World Cup qualification,Tehran,Iran,False,18889,False,18884,21,22
2001-11-07,Ecuador,Uruguay,1,1,FIFA World Cup qualification,Quito,Ecuador,False,18915,False,18889,14,46
2001-11-08,South Korea,Senegal,0,1,Friendly,Jeonju,South Korea,False,18916,True,18915,39,37
2001-11-10,South Korea,Croatia,2,0,Friendly,Seoul,South Korea,False,18918,True,18916,39,10
2001-11-10,South Africa,Egypt,1,0,Friendly,Johannesburg,South Africa,False,18918,True,18918,38,15
2001-11-10,England,Sweden,1,1,Friendly,Manchester,England,False,18918,True,18918,16,41
2001-11-10,Belgium,Czech Republic,1,0,FIFA World Cup qualification,Brussels,Belgium,False,18918,False,18918,4,12
2001-11-10,Austria,Turkey,0,1,FIFA World Cup qualification,Vienna,Austria,False,18918,False,18918,3,44
2001-11-11,Australia,France,1,1,Friendly,Melbourne,Australia,False,18919,True,18918,2,17
2001-11-13,South Korea,Croatia,1,1,Friendly,Gwangju,South Korea,False,18921,True,18919,39,10
2001-11-14,Turkey,Austria,5,0,FIFA World Cup qualification,Istanbul,Turkey,False,18922,False,18921,44,3
2001-11-14,Uruguay,Argentina,1,1,FIFA World Cup qualification,Montevideo,Uruguay,False,18922,False,18922,46,1
2001-11-14,Spain,Mexico,1,0,Friendly,Huelva,Spain,False,18922,True,18922,40,26
2001-11-14,Paraguay,Colombia,0,4,FIFA World Cup qualification,Asunción,Paraguay,False,18922,False,18922,32,9
2001-11-14,Czech Republic,Belgium,0,1,FIFA World Cup qualification,Prague,Czech Republic,False,18922,False,18922,12,4
2001-11-20,Australia,Uruguay,1,0,FIFA World Cup qualification,Melbourne,Australia,False,18928,False,18922,2,46
2001-11-25,Uruguay,Australia,3,0,FIFA World Cup qualification,Montevideo,Uruguay,False,18933,False,18928,46,2
2001-12-05,Algeria,Ghana,1,1,Friendly,Algiers,Algeria,False,18943,True,18933,0,19
2001-12-09,South Korea,United States,1,0,Friendly,Seogwipo,South Korea,False,18947,True,18943,39,45
2001-12-30,Senegal,Algeria,1,0,Friendly,Dakar,Senegal,False,18968,True,18947,37,0
2001-12-30,Qatar,Egypt,2,2,Friendly,Doha,Qatar,False,18968,True,18968,34,15
2002-01-04,Egypt,Ghana,2,0,Friendly,Cairo,Egypt,False,18973,True,18968,15,19
2002-01-13,Qatar,Iraq,1,3,Friendly,Doha,Qatar,False,18982,True,18973,34,22
2002-01-18,Haiti,Canada,0,2,Gold Cup,Miami,United States,True,18987,False,18982,20,7
2002-01-19,United States,South Korea,2,1,Gold Cup,Pasadena,United States,False,18988,False,18987,45,39
2002-01-20,Egypt,Senegal,0,1,African Cup of Nations,Bamako,Mali,True,18989,False,18988,15,37
2002-01-20,Ecuador,Haiti,0,2,Gold Cup,Miami,United States,True,18989,False,18989,14,20
2002-01-21,Morocco,Ghana,0,0,African Cup of Nations,Ségou,Mali,True,18990,False,18989,27,19
2002-01-22,Canada,Ecuador,0,2,Gold Cup,Miami,United States,True,18991,False,18990,7,14
2002-01-24,South Africa,Ghana,0,0,African Cup of Nations,Ségou,Mali,True,18993,False,18991,38,19
2002-01-25,Egypt,Tunisia,1,0,African Cup of Nations,Bamako,Mali,True,18994,False,18993,15,43
2002-01-27,Mexico,South Korea,0,0,Gold Cup,Pasadena,United States,True,18996,False,18994,26,39
2002-01-29,DR Congo,Ivory Coast,3,1,African Cup of Nations,Kayes,Mali,True,18998,False,18996,13,23
2002-01-30,Saudi Arabia,Qatar,3,1,Gulf Cup,Riyadh,Saudi Arabia,False,18999,False,18998,35,34
2002-01-30,United States,Canada,0,0,Gold Cup,Pasadena,United States,False,18999,False,18999,45,7
2002-01-30,South Africa,Morocco,3,1,African Cup of Nations,Ségou,Mali,True,18999,False,18999,38,27
2002-01-31,Senegal,Tunisia,0,0,African Cup of Nations,Kayes,Mali,True,19000,False,18999,37,43
2002-02-02,Canada,South Korea,2,1,Gold Cup,Pasadena,United States,True,19002,False,19000,7,39
2002-02-04,Senegal,DR Congo,2,0,African Cup of Nations,Bamako,Mali,True,19004,False,19002,37,13
2002-02-06,Saudi Arabia,Brazil,0,1,Friendly,Riyadh,Saudi Arabia,False,19006,True,19004,35,6
2002-02-12,Turkey,Ecuador,0,1,Friendly,Breda,Netherlands,True,19012,True,19006,44,14
2002-02-13,Netherlands,England,1,1,Friendly,Amsterdam,Netherlands,False,19013,True,19012,28,16
2002-02-13,Spain,Portugal,1,1,Friendly,Barcelona,Spain,False,19013,True,19013,40,33
2002-02-13,Uruguay,South Korea,2,1,Friendly,Montevideo,Uruguay,False,19013,True,19013,46,39
2002-02-13,Belgium,Norway,1,0,Friendly,Brussels,Belgium,False,19013,True,19013,4,30
2002-03-10,United States,Ecuador,1,0,Friendly,Birmingham,United States,False,19038,True,19013,45,14
2002-03-13,Tunisia,South Korea,0,0,Friendly,Tunis,Tunisia,False,19041,True,19038,43,39
2002-03-20,Saudi Arabia,South Africa,1,0,Friendly,Pistoia,Italy,True,19048,True,19041,35,38
2002-03-26,South Korea,Turkey,0,0,Friendly,Bochum,Germany,True,19054,True,19048,39,44
2002-03-27,Netherlands,Spain,1,0,Friendly,Rotterdam,Netherlands,False,19055,True,19054,28,40
2002-03-27,Saudi Arabia,Uruguay,3,2,Friendly,Dammam,Saudi Arabia,False,19055,True,19055,35,46
2002-03-27,Sweden,Switzerland,1,1,Friendly,Malmö,Sweden,False,19055,True,19055,41,42
2002-03-27,Tunisia,Norway,0,0,Friendly,Tunis,Tunisia,False,19055,True,19055,43,30
2002-03-27,Germany,United States,4,2,Friendly,Rostock,Germany,False,19055,True,19055,18,45
2002-03-27,France,Scotland,5,0,Friendly,Saint-Denis,France,False,19055,True,19055,17,36
2002-04-17,Norway,Sweden,0,0,Friendly,Oslo,Norway,False,19076,True,19055,30,41
2002-04-17,Portugal,Brazil,1,1,Friendly,Lisbon,Portugal,False,19076,True,19076,33,6
2002-04-17,Croatia,Bosnia and Herzegovina,2,0,Friendly,Zagreb,Croatia,False,19076,True,19076,10,5
2002-04-17,England,Paraguay,4,0,Friendly,Liverpool,England,False,19076,True,19076,16,32
2002-04-17,Germany,Argentina,0,1,Friendly,Stuttgart,Germany,False,19076,True,19076,18,1
2002-04-17,Ecuador,South Africa,0,0,Friendly,Murcia,Spain,True,19076,True,19076,14,38
2002-05-12,United States,Uruguay,2,1,Friendly,"Washington, D.C.",United States,False,19101,True,19076,45,46
2002-05-12,Mexico,Colombia,2,1,Friendly,Mexico City,Mexico,False,19101,True,19101,26,9
2002-05-14,Belgium,Algeria,0,0,Friendly,Brussels,Belgium,False,19103,True,19101,4,0
2002-05-14,Norway,Japan,3,0,Friendly,Oslo,Norway,False,19103,True,19103,30,24
2002-05-14,Saudi Arabia,Senegal,3,2,Friendly,Riyadh,Saudi Arabia,False,19103,True,19103,35,37
2002-05-15,Switzerland,Canada,1,3,Friendly,St. Gallen,Switzerland,False,19104,True,19103,42,7
2002-05-16,South Korea,Scotland,4,1,Friendly,Busan,South Korea,False,19105,True,19104,39,36
2002-05-17,Sweden,Paraguay,1,2,Friendly,Solna,Sweden,False,19106,True,19105,41,32
2002-05-18,Germany,Austria,6,2,Friendly,Leverkusen,Germany,False,19107,True,19106,18,3
2002-05-18,France,Belgium,1,2,Friendly,Saint-Denis,France,False,19107,True,19107,17,4
2002-05-19,United States,Netherlands,0,2,Friendly,Foxborough,United States,False,19108,True,19107,45,28
2002-05-20,Scotland,South Africa,0,2,Friendly,So Kon Po,Hong Kong,True,19109,True,19108,36,38
2002-05-21,South Korea,England,1,1,Friendly,Seogwipo,South Korea,False,19110,True,19109,39,16
2002-05-23,Ecuador,Senegal,0,1,Friendly,Tottori,Japan,True,19112,True,19110,14,37
2002-05-23,South Africa,Turkey,2,0,Friendly,So Kon Po,Hong Kong,True,19112,True,19112,38,44
2002-05-25,Japan,Sweden,1,1,Friendly,Tokyo,Japan,False,19114,True,19112,24,41
2002-05-26,South Korea,France,2,3,Friendly,Suwon,South Korea,False,19115,True,19114,39,17
2002-05-31,France,Senegal,0,1,FIFA World Cup,Seoul,South Korea,True,19120,False,19115,17,37
2002-06-01,Germany,Saudi Arabia,8,0,FIFA World Cup,Sapporo,Japan,True,19121,False,19120,18,35
2002-06-02,Paraguay,South Africa,2,2,FIFA World Cup,Busan,South Korea,True,19122,False,19121,32,38
2002-06-02,England,Sweden,1,1,FIFA World Cup,Saitama,Japan,True,19122,False,19122,16,41
2002-06-03,Brazil,Turkey,2,1,FIFA World Cup,Ulsan,South Korea,True,19123,False,19122,6,44
2002-06-03,Croatia,Mexico,0,1,FIFA World Cup,Niigata,Japan,True,19123,False,19123,10,26
2002-06-04,Japan,Belgium,2,2,FIFA World Cup,Saitama,Japan,False,19124,False,19123,24,4
2002-06-05,United States,Portugal,3,2,FIFA World Cup,Suwon,South Korea,True,19125,False,19124,45,33
2002-06-06,France,Uruguay,0,0,FIFA World Cup,Busan,South Korea,True,19126,False,19125,17,46
2002-06-07,Argentina,England,0,1,FIFA World Cup,Sapporo,Japan,True,19127,False,19126,1,16
2002-06-07,Spain,Paraguay,3,1,FIFA World Cup,Jeonju,South Korea,True,19127,False,19127,40,32
2002-06-09,Mexico,Ecuador,2,1,FIFA World Cup,Rifu,Japan,True,19129,False,19127,26,14
2002-06-10,South Korea,United States,1,1,FIFA World Cup,Daegu,South Korea,False,19130,False,19129,39,45
2002-06-10,Tunisia,Belgium,1,1,FIFA World Cup,Ōita,Japan,True,19130,False,19130,43,4
2002-06-11,Senegal,Uruguay,3,3,FIFA World Cup,Suwon,South Korea,True,19131,False,19130,37,46
2002-06-12,South Africa,Spain,2,3,FIFA World Cup,Daejeon,South Korea,True,19132,False,19131,38,40
2002-06-12,Sweden,Argentina,1,1,FIFA World Cup,Rifu,Japan,True,19132,False,19132,41,1
2002-06-13,Ecuador,Croatia,1,0,FIFA World Cup,Yokohama,Japan,True,19133,False,19132,14,10
2002-06-14,South Korea,Portugal,1,0,FIFA World Cup,Incheon,South Korea,False,19134,False,19133,39,33
2002-06-14,Japan,Tunisia,2,0,FIFA World Cup,Osaka,Japan,False,19134,False,19134,24,43
2002-06-15,Germany,Paraguay,1,0,FIFA World Cup,Seogwipo,South Korea,True,19135,False,19134,18,32
2002-06-16,Sweden,Senegal,1,2,FIFA World Cup,Ōita,Japan,True,19136,False,19135,41,37
2002-06-17,Brazil,Belgium,2,0,FIFA World Cup,Kobe,Japan,True,19137,False,19136,6,4
2002-06-17,Mexico,United States,0,2,FIFA World Cup,Jeonju,South Korea,True,19137,False,19137,26,45
2002-06-18,Japan,Turkey,0,1,FIFA World Cup,Rifu,Japan,False,19138,False,19137,24,44
2002-06-21,England,Brazil,1,2,FIFA World Cup,Fukuroi,Japan,True,19141,False,19138,16,6
2002-06-21,Germany,United States,1,0,FIFA World Cup,Ulsan,South Korea,True,19141,False,19141,18,45
2002-06-22,South Korea,Spain,0,0,FIFA World Cup,Gwangju,South Korea,False,19142,False,19141,39,40
2002-06-22,Senegal,Turkey,0,1,FIFA World Cup,Osaka,Japan,True,19142,False,19142,37,44
2002-06-25,South Korea,Germany,0,1,FIFA World Cup,Seoul,South Korea,False,19145,False,19142,39,18
2002-06-26,Brazil,Turkey,1,0,FIFA World Cup,Saitama,Japan,True,19146,False,19145,6,44
2002-06-29,South Korea,Turkey,2,3,FIFA World Cup,Daegu,South Korea,False,19149,False,19146,39,44
2002-06-30,Germany,Brazil,0,2,FIFA World Cup,Yokohama,Japan,True,19150,False,19149,18,6
2002-07-14,New Zealand,Australia,1,0,Oceania Nations Cup,Auckland,New Zealand,False,19164,False,19150,29,2
2002-08-20,Algeria,DR Congo,1,1,Friendly,Blida,Algeria,False,19201,True,19164,0,13
2002-08-21,Norway,Netherlands,0,1,Friendly,Oslo,Norway,False,19202,True,19201,30,28
2002-08-21,Switzerland,Austria,3,2,Friendly,Basel,Switzerland,False,19202,True,19202,42,3
2002-08-21,Tunisia,France,1,1,Friendly,Radès,Tunisia,False,19202,True,19202,43,17
2002-08-21,Brazil,Paraguay,0,1,Friendly,Fortaleza,Brazil,False,19202,True,19202,6,32
2002-08-30,Jordan,Iran,1,0,WAFF Championship,Damascus,Syria,True,19211,False,19202,25,21
2002-09-05,Iraq,Iran,0,0,WAFF Championship,Damascus,Syria,True,19217,False,19211,22,21
2002-09-07,Jordan,Iraq,2,3,WAFF Championship,Damascus,Syria,True,19219,False,19217,25,22
2002-09-07,England,Portugal,1,1,Friendly,Birmingham,England,False,19219,True,19219,16,33
2002-09-08,Ivory Coast,South Africa,0,0,African Cup of Nations qualification,Abidjan,Ivory Coast,False,19220,False,19219,23,38
2002-09-17,Iran,Morocco,1,1,Friendly,Tabriz,Iran,False,19229,True,19220,21,27
2002-09-19,Iran,Paraguay,1,1,Friendly,Tabriz,Iran,False,19231,True,19229,21,32
2002-10-11,Bosnia and Herzegovina,Germany,1,1,Friendly,Sarajevo,Bosnia and Herzegovina,False,19253,True,19231,5,18
2002-10-12,Portugal,Tunisia,1,1,Friendly,Lisbon,Portugal,False,19254,True,19253,33,43
2002-10-15,Scotland,Canada,3,1,Friendly,Edinburgh,Scotland,False,19257,True,19254,36,7
2002-10-16,Norway,Bosnia and Herzegovina,2,0,UEFA Euro qualification,Oslo,Norway,False,19258,False,19257,30,5
2002-10-16,Spain,Paraguay,0,0,Friendly,Logroño,Spain,False,19258,True,19258,40,32
2002-10-16,Sweden,Portugal,2,3,Friendly,Gothenburg,Sweden,False,19258,True,19258,41,33
2002-10-16,Austria,Netherlands,0,3,UEFA Euro qualification,Vienna,Austria,False,19258,False,19258,3,28
2002-11-19,South Africa,Senegal,1,1,Friendly,Johannesburg,South Africa,False,19292,True,19258,38,37
2002-11-20,Portugal,Scotland,2,0,Friendly,Braga,Portugal,False,19293,True,19292,33,36
2002-11-20,Qatar,Iraq,2,1,Friendly,Doha,Qatar,False,19293,True,19293,34,22
2002-11-20,South Korea,Brazil,2,3,Friendly,Seoul,South Korea,False,19293,True,19293,39,6
2002-11-20,Tunisia,Egypt,0,0,Friendly,Tunis,Tunisia,False,19293,True,19293,43,15
2002-11-20,Japan,Argentina,0,2,Friendly,Saitama,Japan,False,19293,True,19293,24,1
2002-11-20,Austria,Norway,0,1,Friendly,Vienna,Austria,False,19293,True,19293,3,30
2002-11-20,Czech Republic,Sweden,3,3,Friendly,Teplice,Czech Republic,False,19293,True,19293,12,41
2002-11-20,Germany,Netherlands,1,3,Friendly,Gelsenkirchen,Germany,False,19293,True,19293,18,28
2002-11-22,Haiti,Curaçao,3,0,Gold Cup qualification,Port-au-Prince,Haiti,False,19295,False,19293,20,11
2002-12-22,Egypt,Ghana,0,0,Friendly,Cairo,Egypt,False,19325,True,19295,15,19
2003-01-18,United States,Canada,4,0,Friendly,Fort Lauderdale,United States,False,19352,True,19325,45,7
2003-02-04,Mexico,Argentina,0,1,Friendly,Los Angeles,United States,True,19369,True,19352,26,1
2003-02-04,Uruguay,Iran,1,1,Lunar New Year Cup,So Kon Po,Hong Kong,True,19369,False,19369,46,21
2003-02-08,United States,Argentina,0,1,Friendly,Miami,United States,False,19373,True,19369,45,1
2003-02-12,Tunisia,Sweden,1,0,Friendly,Radès,Tunisia,False,19377,True,19373,43,41
2003-02-12,Netherlands,Argentina,1,0,Friendly,Amsterdam,Netherlands,False,19377,True,19377,28,1
2003-02-12,Morocco,Senegal,1,0,Friendly,Paris,France,True,19377,True,19377,27,37
2003-02-12,Mexico,Colombia,0,0,Friendly,Phoenix,United States,True,19377,True,19377,26,9
2003-02-12,Spain,Germany,3,1,Friendly,Palma de Mallorca,Spain,False,19377,True,19377,40,18
2003-02-12,Algeria,Belgium,1,3,Friendly,Annaba,Algeria,False,19377,True,19377,0,4
2003-02-12,England,Australia,1,3,Friendly,London,England,False,19377,True,19377,16,2
2003-02-12,France,Czech Republic,0,2,Friendly,Saint-Denis,France,False,19377,True,19377,17,12
2003-02-16,Qatar,Sweden,2,3,King's Cup,Bangkok,Thailand,True,19381,False,19377,34,41
2003-03-19,Egypt,Qatar,6,0,Friendly,Port Said,Egypt,False,19412,True,19381,15,34
2003-03-26,Mexico,Paraguay,1,1,Friendly,San Diego,United States,True,19419,True,19412,26,32
2003-03-27,Tunisia,Ghana,2,2,Friendly,Tunis,Tunisia,False,19420,True,19419,43,19
2003-03-28,Japan,Uruguay,2,2,Friendly,Tokyo,Japan,False,19421,True,19420,24,46
2003-03-29,Portugal,Brazil,2,1,Friendly,Porto,Portugal,False,19422,True,19421,33,6
2003-03-29,Netherlands,Czech Republic,1,1,UEFA Euro qualification,Rotterdam,Netherlands,False,19422,False,19422,28,12
2003-03-29,South Korea,Colombia,0,0,Friendly,Busan,South Korea,False,19422,True,19422,39,9
2003-03-29,Croatia,Belgium,4,0,UEFA Euro qualification,Zagreb,Croatia,False,19422,False,19422,10,4
2003-04-02,Czech Republic,Austria,4,0,UEFA Euro qualification,Prague,Czech Republic,False,19426,False,19422,12,3
2003-04-02,England,Turkey,2,0,UEFA Euro qualification,Sunderland,England,False,19426,False,19426,16,44
2003-04-16,South Korea,Japan,0,1,Friendly,Seoul,South Korea,False,19440,True,19426,39,24
2003-04-30,Mexico,Brazil,0,0,Friendly,Guadalajara,Mexico,False,19454,True,19440,26,6
2003-04-30,Morocco,Ivory Coast,0,1,Friendly,Rabat,Morocco,False,19454,True,19454,27,23
2003-04-30,Netherlands,Portugal,1,1,Friendly,Eindhoven,Netherlands,False,19454,True,19454,28,33
2003-04-30,Scotland,Austria,0,2,Friendly,Glasgow,Scotland,False,19454,True,19454,36,3
2003-04-30,Spain,Ecuador,4,0,Friendly,Madrid,Spain,False,19454,True,19454,40,14
2003-04-30,Sweden,Croatia,1,2,Friendly,Solna,Sweden,False,19454,True,19454,41,10
2003-04-30,Tunisia,Senegal,1,0,Friendly,Tunis,Tunisia,False,19454,True,19454,43,37
2003-04-30,Czech Republic,Turkey,4,0,Friendly,Teplice,Czech Republic,False,19454,True,19454,12,44
2003-04-30,France,Egypt,5,0,Friendly,Saint-Denis,France,False,19454,True,19454,17,15
2003-05-08,United States,Mexico,0,0,Friendly,Houston,United States,False,19462,True,19454,45,26
2003-05-22,South Africa,England,1,2,Friendly,Durban,South Africa,False,19476,True,19462,38,16
2003-05-27,Scotland,New Zealand,1,1,Friendly,Edinburgh,Scotland,False,19481,True,19476,36,29
2003-05-31,Japan,South Korea,0,1,Friendly,Tokyo,Japan,False,19485,True,19481,24,39
2003-05-31,Senegal,Cape Verde,2,1,Friendly,Dakar,Senegal,False,19485,True,19485,37,8
2003-06-01,Germany,Canada,4,1,Friendly,Wolfsburg,Germany,False,19486,True,19485,18,7
2003-06-06,Portugal,Paraguay,0,0,Friendly,Braga,Portugal,False,19491,True,19486,33,32
2003-06-07,Scotland,Germany,1,1,UEFA Euro qualification,Glasgow,Scotland,False,19492,False,19491,36,18
2003-06-08,South Korea,Uruguay,0,2,Friendly,Seoul,South Korea,False,19493,True,19492,39,46
2003-06-08,United States,New Zealand,2,1,Friendly,Richmond,United States,False,19493,True,19493,45,29
2003-06-08,Japan,Argentina,1,4,Kirin Cup,Osaka,Japan,False,19493,False,19493,24,1
2003-06-08,Colombia,Ecuador,0,0,Friendly,Madrid,Spain,True,19493,True,19493,9,14
2003-06-11,South Korea,Argentina,0,1,Friendly,Seoul,South Korea,False,19496,True,19493,39,1
2003-06-11,Japan,Paraguay,0,0,Kirin Cup,Saitama,Japan,False,19496,False,19496,24,32
2003-06-18,France,Colombia,1,0,Confederations Cup,Lyon,France,False,19503,False,19496,17,9
2003-06-18,New Zealand,Japan,0,3,Confederations Cup,Saint-Denis,France,True,19503,False,19503,29,24
2003-06-19,Turkey,United States,2,1,Confederations Cup,Saint-Étienne,France,True,19504,False,19503,44,45
2003-06-20,Colombia,New Zealand,3,1,Confederations Cup,Lyon,France,True,19505,False,19504,9,29
2003-06-20,France,Japan,2,1,Confederations Cup,Saint-Étienne,France,False,19505,False,19505,17,24
2003-06-21,Brazil,United States,1,0,Confederations Cup,Lyon,France,True,19506,False,19505,6,45
2003-06-22,South Africa,Ivory Coast,2,1,African Cup of Nations qualification,Polokwane,South Africa,False,19507,False,19506,38,23
2003-06-22,France,New Zealand,5,0,Confederations Cup,Saint-Denis,France,False,19507,False,19507,17,29
2003-06-22,Japan,Colombia,0,1,Confederations Cup,Saint-Étienne,France,True,19507,False,19507,24,9
2003-06-23,Brazil,Turkey,2,2,Confederations Cup,Saint-Étienne,France,True,19508,False,19507,6,44
2003-06-26,France,Turkey,3,2,Confederations Cup,Saint-Denis,France,False,19511,False,19508,17,44
2003-06-28,Colombia,Turkey,1,2,Confederations Cup,Saint-Étienne,France,True,19513,False,19511,9,44
2003-07-06,United States,Paraguay,2,0,Friendly,Columbus,United States,False,19521,True,19513,45,32
2003-07-13,Mexico,Brazil,1,0,Gold Cup,Mexico City,Mexico,False,19528,False,19521,26,6
2003-07-16,Argentina,Uruguay,2,2,Friendly,La Plata,Argentina,False,19531,True,19528,1,46
2003-07-19,Colombia,Brazil,0,2,Gold Cup,Miami,United States,True,19534,False,19531,9,6
2003-07-23,United States,Brazil,1,2,Gold Cup,Miami,United States,False,19538,False,19534,45,6
2003-07-27,Mexico,Brazil,1,0,Gold Cup,Mexico City,Mexico,False,19542,False,19538,26,6
2003-08-13,Iran,Iraq,0,1,Friendly,Tehran,Iran,False,19559,True,19542,21,22
2003-08-15,Iraq,Uruguay,2,5,Friendly,Tehran,Iran,True,19561,True,19559,22,46
2003-08-20,Switzerland,France,0,2,Friendly,Geneva,Switzerland,False,19566,True,19561,42,17
2003-08-20,Panama,Paraguay,1,2,Friendly,Panama City,Panama,False,19566,True,19566,31,32
2003-08-20,Norway,Scotland,0,0,Friendly,Oslo,Norway,False,19566,True,19566,30,36
2003-08-20,Argentina,Uruguay,3,2,Friendly,Florence,Italy,True,19566,True,19566,1,46
2003-08-20,Belgium,Netherlands,1,1,Friendly,Brussels,Belgium,False,19566,True,19566,4,28
2003-08-20,England,Croatia,3,1,Friendly,Ipswich,England,False,19566,True,19566,16,10
2003-08-26,Jordan,Iraq,2,1,Friendly,Amman,Jordan,False,19572,True,19566,25,22
2003-09-04,Algeria,Qatar,1,0,Friendly,Dinard,France,True,19581,True,19572,0,34
2003-09-05,Iran,Jordan,4,1,AFC Asian Cup qualification,Tehran,Iran,False,19582,False,19581,21,25
2003-09-06,Netherlands,Austria,3,1,UEFA Euro qualification,Rotterdam,Netherlands,False,19583,False,19582,28,3
2003-09-06,Portugal,Spain,0,3,Friendly,Guimarães,Portugal,False,19583,True,19583,33,40
2003-09-06,Bosnia and Herzegovina,Norway,1,0,UEFA Euro qualification,Zenica,Bosnia and Herzegovina,False,19583,False,19583,5,30
2003-09-07,Colombia,Brazil,1,2,FIFA World Cup qualification,Barranquilla,Colombia,False,19584,False,19583,9,6
2003-09-10,Norway,Portugal,0,1,Friendly,Oslo,Norway,False,19587,True,19584,30,33
2003-09-10,Paraguay,Uruguay,4,1,FIFA World Cup qualification,Asunción,Paraguay,False,19587,False,19587,32,46
2003-09-10,Tunisia,Ivory Coast,3,2,Friendly,Tunis,Tunisia,False,19587,True,19587,43,23
2003-09-10,Brazil,Ecuador,1,0,FIFA World Cup qualification,Manaus,Brazil,False,19587,False,19587,6,14
2003-09-10,Belgium,Croatia,2,1,UEFA Euro qualification,Brussels,Belgium,False,19587,False,19587,4,10
2003-09-10,Czech Republic,Netherlands,3,1,UEFA Euro qualification,Prague,Czech Republic,False,19587,False,19587,12,28
2003-09-10,Germany,Scotland,2,1,UEFA Euro qualification,Dortmund,Germany,False,19587,False,19587,18,36
2003-09-10,Japan,Senegal,0,1,Friendly,Niigata,Japan,False,19587,True,19587,24,37
2003-09-26,Jordan,Iran,3,2,AFC Asian Cup qualification,Amman,Jordan,False,19603,False,19587,25,21
2003-10-08,Tunisia,Japan,0,1,Friendly,Tunis,Tunisia,False,19615,True,19603,43,24
2003-10-10,Egypt,Senegal,1,0,Friendly,Cairo,Egypt,False,19617,True,19615,15,37
2003-10-11,Tunisia,Morocco,0,0,Friendly,Tunis,Tunisia,False,19618,True,19617,43,27
2003-10-11,Turkey,England,0,0,UEFA Euro qualification,Istanbul,Turkey,False,19618,False,19618,44,16
2003-10-11,Austria,Czech Republic,2,3,UEFA Euro qualification,Vienna,Austria,False,19618,False,19618,3,12
2003-10-12,Iran,New Zealand,3,0,Friendly,Tehran,Iran,False,19619,True,19618,21,29
2003-10-15,Mexico,Uruguay,0,2,Friendly,Chicago,United States,True,19622,True,19619,26,46
2003-11-15,Spain,Norway,2,1,UEFA Euro qualification,Valencia,Spain,False,19653,False,19622,40,30
2003-11-15,Senegal,Ivory Coast,1,0,Friendly,Dakar,Senegal,False,19653,True,19653,37,23
2003-11-15,Scotland,Netherlands,1,0,UEFA Euro qualification,Glasgow,Scotland,False,19653,False,19653,36,28
2003-11-15,Paraguay,Ecuador,2,1,FIFA World Cup qualification,Asunción,Paraguay,False,19653,False,19653,32,14
2003-11-15,Czech Republic,Canada,5,1,Friendly,Teplice,Czech Republic,False,19653,True,19653,12,7
2003-11-15,Germany,France,0,3,Friendly,Gelsenkirchen,Germany,False,19653,True,19653,18,17
2003-11-15,Egypt,South Africa,2,1,Friendly,Cairo,Egypt,False,19653,True,19653,15,38
2003-11-18,Egypt,Sweden,1,0,Friendly,Cairo,Egypt,False,19656,True,19653,15,41
2003-11-19,Norway,Spain,0,3,UEFA Euro qualification,Oslo,Norway,False,19657,False,19656,30,40
2003-11-19,Tunisia,South Africa,2,0,Friendly,Tunis,Tunisia,False,19657,True,19657,43,38
2003-11-19,Netherlands,Scotland,6,0,UEFA Euro qualification,Amsterdam,Netherlands,False,19657,False,19657,28,36
2003-11-19,Colombia,Argentina,1,1,FIFA World Cup qualification,Barranquilla,Colombia,False,19657,False,19657,9,1
2003-11-19,Brazil,Uruguay,3,3,FIFA World Cup qualification,Curitiba,Brazil,False,19657,False,19657,6,46
2003-12-10,Japan,South Korea,0,0,EAFF Championship,Yokohama,Japan,False,19678,False,19657,24,39
2003-12-18,Egypt,Iraq,2,0,Prime Minister's Cup,Riffa,Bahrain,True,19686,False,19678,15,22
2003-12-21,Qatar,Iraq,0,0,Friendly,Doha,Qatar,False,19689,True,19686,34,22
2003-12-29,Saudi Arabia,Qatar,0,0,Gulf Cup,Kuwait City,Kuwait,True,19697,False,19689,35,34
2004-01-14,Egypt,DR Congo,2,2,Friendly,Port Said,Egypt,False,19713,True,19697,15,13
2004-01-18,Senegal,South Africa,2,1,Friendly,Dakar,Senegal,False,19717,True,19713,37,38
2004-01-22,Sweden,Norway,0,3,Lunar New Year Cup,So Kon Po,Hong Kong,True,19721,False,19717,41,30
2004-01-28,Tunisia,DR Congo,3,0,African Cup of Nations,Radès,Tunisia,False,19727,False,19721,43,13
2004-01-29,Algeria,Egypt,2,1,African Cup of Nations,Sousse,Tunisia,True,19728,False,19727,0,15
2004-02-04,Morocco,South Africa,1,1,African Cup of Nations,Sousse,Tunisia,True,19734,False,19728,27,38
2004-02-07,Tunisia,Senegal,1,0,African Cup of Nations,Radès,Tunisia,False,19737,False,19734,43,37
2004-02-08,Morocco,Algeria,3,1,African Cup of Nations,Sfax,Tunisia,True,19738,False,19737,27,0
2004-02-12,Japan,Iraq,2,0,Friendly,Tokyo,Japan,False,19742,True,19738,24,22
2004-02-14,Tunisia,Morocco,2,1,African Cup of Nations,Radès,Tunisia,False,19744,False,19742,43,27
2004-02-18,Morocco,Switzerland,2,1,Friendly,Rabat,Morocco,False,19748,True,19744,27,42
2004-02-18,Portugal,England,1,1,Friendly,Faro,Portugal,False,19748,True,19748,33,16
2004-02-18,Netherlands,United States,1,0,Friendly,Amsterdam,Netherlands,False,19748,True,19748,28,45
2004-02-18,Uzbekistan,Iraq,1,1,FIFA World Cup qualification,Tashkent,Uzbekistan,False,19748,False,19748,47,22
2004-02-18,Belgium,France,0,2,Friendly,Brussels,Belgium,False,19748,True,19748,4,17
2004-02-18,Croatia,Germany,1,2,Friendly,Split,Croatia,False,19748,True,19748,10,18
2004-02-18,Iran,Qatar,3,1,FIFA World Cup qualification,Tehran,Iran,False,19748,False,19748,21,34
2004-03-10,Mexico,Ecuador,2,1,Friendly,Tuxtla Gutiérrez,Mexico,False,19769,True,19748,26,14
2004-03-13,United States,Haiti,1,1,Friendly,Miami,United States,False,19772,True,19769,45,20
2004-03-30,Argentina,Ecuador,1,0,FIFA World Cup qualification,Buenos Aires,Argentina,False,19789,False,19772,1,14
2004-03-30,Australia,South Africa,1,0,Friendly,London,England,True,19789,True,19789,2,38
2004-03-31,Netherlands,France,0,0,Friendly,Rotterdam,Netherlands,False,19790,True,19789,28,17
2004-03-31,Paraguay,Brazil,0,0,FIFA World Cup qualification,Asunción,Paraguay,False,19790,False,19790,32,6
2004-03-31,Sweden,England,1,0,Friendly,Gothenburg,Sweden,False,19790,True,19790,41,16
2004-03-31,Tunisia,Ivory Coast,0,2,Friendly,Tunis,Tunisia,False,19790,True,19790,43,23
2004-03-31,Croatia,Turkey,2,2,Friendly,Zagreb,Croatia,False,19790,True,19790,10,44
2004-03-31,Germany,Belgium,3,0,Friendly,Cologne,Germany,False,19790,True,19790,18,4
2004-03-31,Jordan,Qatar,1,0,FIFA World Cup qualification,Amman,Jordan,False,19790,False,19790,25,34
2004-04-28,South Korea,Paraguay,0,0,Friendly,Incheon,South Korea,False,19818,True,19790,39,32
2004-04-28,United States,Mexico,1,0,Friendly,Dallas,United States,False,19818,True,19818,45,26
2004-04-28,Morocco,Argentina,0,1,Friendly,Casablanca,Morocco,False,19818,True,19818,27,1
2004-04-28,Portugal,Sweden,2,2,Friendly,Coimbra,Portugal,False,19818,True,19818,33,41
2004-04-28,Belgium,Turkey,2,3,Friendly,Brussels,Belgium,False,19818,True,19818,4,44
2004-04-28,Czech Republic,Japan,0,1,Friendly,Prague,Czech Republic,False,19818,True,19818,12,24
2004-05-20,France,Brazil,0,0,Friendly,Saint-Denis,France,False,19840,True,19818,17,6
2004-05-21,Australia,Turkey,1,3,Friendly,Sydney,Australia,False,19841,True,19840,2,44
2004-05-24,Australia,Turkey,0,1,Friendly,Melbourne,Australia,False,19844,True,19841,2,44
2004-05-29,Australia,New Zealand,1,0,Oceania Nations Cup,Adelaide,Australia,False,19849,False,19844,2,29
2004-05-29,Netherlands,Belgium,0,1,Friendly,Eindhoven,Netherlands,False,19849,True,19849,28,4
2004-05-30,Algeria,Jordan,1,1,Friendly,Annaba,Algeria,False,19850,True,19849,0,25
2004-06-01,England,Japan,1,1,Friendly,Manchester,England,False,19852,True,19850,16,24
2004-06-02,Switzerland,Germany,0,2,Friendly,Basel,Switzerland,False,19853,True,19852,42,18
2004-06-02,Ecuador,Colombia,2,1,FIFA World Cup qualification,Quito,Ecuador,False,19853,False,19853,14,9
2004-06-02,Brazil,Argentina,3,1,FIFA World Cup qualification,Belo Horizonte,Brazil,False,19853,False,19853,6,1
2004-06-02,South Korea,Turkey,0,1,Friendly,Seoul,South Korea,False,19853,True,19853,39,44
2004-06-05,South Africa,Cape Verde,2,1,FIFA World Cup qualification,Bloemfontein,South Africa,False,19856,False,19853,38,8
2004-06-05,South Korea,Turkey,2,1,Friendly,Daegu,South Korea,False,19856,True,19856,39,44
2004-06-06,Colombia,Uruguay,5,0,FIFA World Cup qualification,Barranquilla,Colombia,False,19857,False,19856,9,46
2004-06-06,Argentina,Paraguay,0,0,FIFA World Cup qualification,Buenos Aires,Argentina,False,19857,False,19857,1,32
2004-06-09,Iran,Jordan,0,1,FIFA World Cup qualification,Tehran,Iran,False,19860,False,19857,21,25
2004-06-13,Switzerland,Croatia,0,0,UEFA Euro,Leiria,Portugal,True,19864,False,19860,42,10
2004-06-13,France,England,2,1,UEFA Euro,Lisbon,Portugal,True,19864,False,19864,17,16
2004-06-13,Cape Verde,Senegal,1,3,Friendly,Praia,Cape Verde,False,19864,True,19864,8,37
2004-06-15,Germany,Netherlands,1,1,UEFA Euro,Porto,Portugal,True,19866,False,19864,18,28
2004-06-17,Croatia,France,2,2,UEFA Euro,Leiria,Portugal,True,19868,False,19866,10,17
2004-06-17,England,Switzerland,3,0,UEFA Euro,Coimbra,Portugal,True,19868,False,19868,16,42
2004-06-19,Netherlands,Czech Republic,2,3,UEFA Euro,Aveiro,Portugal,True,19870,False,19868,28,12
2004-06-20,Portugal,Spain,1,0,UEFA Euro,Lisbon,Portugal,False,19871,False,19870,33,40
2004-06-20,Ghana,South Africa,3,0,FIFA World Cup qualification,Kumasi,Ghana,False,19871,False,19871,19,38
2004-06-20,Egypt,Ivory Coast,1,2,FIFA World Cup qualification,Alexandria,Egypt,False,19871,False,19871,15,23
2004-06-21,Croatia,England,2,4,UEFA Euro,Lisbon,Portugal,True,19872,False,19871,10,16
2004-06-21,Jordan,Iraq,2,0,WAFF Championship,Tehran,Iran,True,19872,False,19872,25,22
2004-06-21,Switzerland,France,1,3,UEFA Euro,Coimbra,Portugal,True,19872,False,19872,42,17
2004-06-23,Germany,Czech Republic,1,2,UEFA Euro,Lisbon,Portugal,True,19874,False,19872,18,12
2004-06-23,Iran,Iraq,2,1,WAFF Championship,Tehran,Iran,False,19874,False,19874,21,22
2004-06-24,Portugal,England,2,2,UEFA Euro,Lisbon,Portugal,False,19875,False,19874,33,16
2004-06-25,Iraq,Jordan,1,3,WAFF Championship,Tehran,Iran,True,19876,False,19875,22,25
2004-06-26,Sweden,Netherlands,0,0,UEFA Euro,Faro,Portugal,True,19877,False,19876,41,28
2004-06-27,Argentina,Colombia,0,2,Friendly,Miami,United States,True,19878,True,19877,1,9
2004-06-30,Portugal,Netherlands,2,1,UEFA Euro,Lisbon,Portugal,False,19881,False,19878,33,28
2004-07-03,Cape Verde,DR Congo,1,1,FIFA World Cup qualification,Praia,Cape Verde,False,19884,False,19881,8,13
2004-07-07,Argentina,Ecuador,6,1,Copa América,Chiclayo,Peru,True,19888,False,19884,1,14
2004-07-07,Mexico,Uruguay,2,2,Copa América,Chiclayo,Peru,True,19888,False,19888,26,46
2004-07-10,Argentina,Mexico,0,1,Copa América,Chiclayo,Peru,True,19891,False,19888,1,26
2004-07-10,Uruguay,Ecuador,2,1,Copa América,Chiclayo,Peru,True,19891,False,19891,46,14
2004-07-13,Argentina,Uruguay,4,2,Copa América,Piura,Peru,True,19894,False,19891,1,46
2004-07-13,Mexico,Ecuador,2,1,Copa América,Piura,Peru,True,19894,False,19894,26,14
2004-07-14,Brazil,Paraguay,1,2,Copa América,Arequipa,Peru,True,19895,False,19894,6,32
2004-07-18,Paraguay,Uruguay,1,3,Copa América,Tacna,Peru,True,19899,False,19895,32,46
2004-07-18,Mexico,Brazil,0,4,Copa América,Piura,Peru,True,19899,False,19899,26,6
2004-07-18,Iraq,Uzbekistan,0,1,AFC Asian Cup,Chengdu,China,True,19899,False,19899,22,47
2004-07-19,South Korea,Jordan,0,0,AFC Asian Cup,Jinan,China,True,19900,False,19899,39,25
2004-07-20,Argentina,Colombia,3,0,Copa América,Lima,Peru,True,19901,False,19900,1,9
2004-07-21,Uruguay,Brazil,1,1,Copa América,Lima,Peru,True,19902,False,19901,46,6
2004-07-22,Uzbekistan,Saudi Arabia,1,0,AFC Asian Cup,Chengdu,China,True,19903,False,19902,47,35
2004-07-24,Colombia,Uruguay,1,2,Copa América,Cusco,Peru,True,19905,False,19903,9,46
2004-07-25,Argentina,Brazil,2,2,Copa América,Lima,Peru,True,19906,False,19905,1,6
2004-07-26,Saudi Arabia,Iraq,1,2,AFC Asian Cup,Chengdu,China,True,19907,False,19906,35,22
2004-07-28,Japan,Iran,0,0,AFC Asian Cup,Chongqing,China,True,19909,False,19907,24,21
2004-07-31,South Korea,Iran,3,4,AFC Asian Cup,Jinan,China,True,19912,False,19909,39,21
2004-07-31,Japan,Jordan,1,1,AFC Asian Cup,Chongqing,China,True,19912,False,19912,24,25
2004-08-18,Norway,Belgium,2,2,Friendly,Oslo,Norway,False,19930,True,19912,30,4
2004-08-18,Senegal,Ivory Coast,1,2,Friendly,Avignon,France,True,19930,True,19930,37,23
2004-08-18,Tunisia,South Africa,0,2,Friendly,Tunis,Tunisia,False,19930,True,19930,43,38
2004-08-18,Sweden,Netherlands,2,2,Friendly,Solna,Sweden,False,19930,True,19930,41,28
2004-08-18,Austria,Germany,1,3,Friendly,Vienna,Austria,False,19930,True,19930,3,18
2004-08-18,France,Bosnia and Herzegovina,1,1,Friendly,Rennes,France,False,19930,True,19930,17,5
2004-08-18,Haiti,Brazil,0,6,Friendly,Port-au-Prince,Haiti,False,19930,True,19930,20,6
2004-08-18,Japan,Argentina,1,2,Friendly,Fukuroi,Japan,False,19930,True,19930,24,1
2004-09-03,Spain,Scotland,1,1,Friendly,Valencia,Spain,False,19946,True,19930,40,36
2004-09-04,Morocco,Tunisia,1,1,FIFA World Cup qualification,Rabat,Morocco,False,19947,False,19946,27,43
2004-09-04,Austria,England,2,2,FIFA World Cup qualification,Vienna,Austria,False,19947,False,19947,3,16
2004-09-05,Uruguay,Ecuador,1,0,FIFA World Cup qualification,Montevideo,Uruguay,False,19948,False,19947,46,14
2004-09-05,Ghana,Cape Verde,2,0,FIFA World Cup qualification,Kumasi,Ghana,False,19948,False,19948,19,8
2004-09-05,DR Congo,South Africa,1,0,FIFA World Cup qualification,Kinshasa,DR Congo,False,19948,False,19948,13,38
2004-09-08,Netherlands,Czech Republic,2,0,FIFA World Cup qualification,Amsterdam,Netherlands,False,19951,False,19948,28,12
2004-09-08,Panama,United States,1,1,FIFA World Cup qualification,Panama City,Panama,False,19951,False,19951,31,45
2004-09-08,Sweden,Croatia,0,1,FIFA World Cup qualification,Gothenburg,Sweden,False,19951,False,19951,41,10
2004-09-08,Bosnia and Herzegovina,Spain,1,1,FIFA World Cup qualification,Zenica,Bosnia and Herzegovina,False,19951,False,19951,5,40
2004-09-08,Germany,Brazil,1,1,Friendly,Berlin,Germany,False,19951,True,19951,18,6
2004-09-08,Jordan,Iran,0,2,FIFA World Cup qualification,Amman,Jordan,False,19951,False,19951,25,21
2004-10-09,Scotland,Norway,0,1,FIFA World Cup qualification,Glasgow,Scotland,False,19982,False,19951,36,30
2004-10-09,Spain,Belgium,2,0,FIFA World Cup qualification,Santander,Spain,False,19982,False,19982,40,4
2004-10-09,Iran,Germany,0,2,Friendly,Tehran,Iran,False,19982,True,19982,21,18
2004-10-09,Argentina,Uruguay,4,2,FIFA World Cup qualification,Buenos Aires,Argentina,False,19982,False,19982,1,46
2004-10-09,Colombia,Paraguay,1,1,FIFA World Cup qualification,Barranquilla,Colombia,False,19982,False,19982,9,32
2004-10-10,Ghana,DR Congo,0,0,FIFA World Cup qualification,Kumasi,Ghana,False,19983,False,19982,19,13
2004-10-13,Qatar,Iran,2,3,FIFA World Cup qualification,Doha,Qatar,False,19986,False,19983,34,21
2004-10-13,United States,Panama,6,0,FIFA World Cup qualification,"Washington, D.C.",United States,False,19986,False,19986,45,31
2004-10-13,Brazil,Colombia,0,0,FIFA World Cup qualification,Maceió,Brazil,False,19986,False,19986,6,9
2004-10-13,Iraq,Uzbekistan,1,2,FIFA World Cup qualification,Amman,Jordan,True,19986,False,19986,22,47
2004-10-20,Ecuador,Jordan,0,3,Friendly,Tripoli,Libya,True,19993,True,19986,14,25
2004-10-27,Mexico,Ecuador,2,1,Friendly,East Rutherford,United States,True,20000,True,19993,26,14
2004-11-16,Australia,Norway,2,2,Friendly,London,England,True,20020,True,20000,2,30
2004-11-17,Qatar,Jordan,2,0,FIFA World Cup qualification,Doha,Qatar,False,20021,False,20020,34,25
2004-11-17,Spain,England,1,0,Friendly,Madrid,Spain,False,20021,True,20021,40,16
2004-11-17,Uruguay,Paraguay,1,0,FIFA World Cup qualification,Montevideo,Uruguay,False,20021,False,20021,46,32
2004-11-17,Scotland,Sweden,1,4,Friendly,Edinburgh,Scotland,False,20021,True,20021,36,41
2004-11-17,Algeria,Senegal,1,2,Friendly,Toulon,France,True,20021,True,20021,0,37
2004-11-17,Ecuador,Brazil,1,0,FIFA World Cup qualification,Quito,Ecuador,False,20021,False,20021,14,6
2004-12-13,Qatar,Iraq,3,3,Gulf Cup,Doha,Qatar,False,20047,False,20021,34,22
2004-12-16,Japan,Germany,0,3,Friendly,Yokohama,Japan,False,20050,True,20047,24,18
2004-12-18,Iran,Panama,1,0,Friendly,Tehran,Iran,False,20052,True,20050,21,31
2004-12-19,South Korea,Germany,3,1,Friendly,Busan,South Korea,False,20053,True,20052,39,18
2005-01-15,Colombia,South Korea,2,1,Friendly,Los Angeles,United States,True,20080,True,20053,9,39
2005-01-19,Paraguay,South Korea,1,1,Friendly,Los Angeles,United States,True,20084,True,20080,32,39
2005-01-22,Sweden,South Korea,1,1,Friendly,Carson,United States,True,20087,True,20084,41,39
2005-01-26,Ecuador,Panama,2,0,Friendly,Ambato,Ecuador,False,20091,True,20087,14,31
2005-01-26,Mexico,Sweden,0,0,Friendly,San Diego,United States,True,20091,True,20091,26,41
2005-01-28,Jordan,Norway,0,0,Friendly,Amman,Jordan,False,20093,True,20091,25,30
2005-01-29,Ecuador,Panama,2,0,Friendly,Babahoyo,Ecuador,False,20094,True,20093,14,31
2005-02-02,Iran,Bosnia and Herzegovina,2,1,Friendly,Tehran,Iran,False,20098,True,20094,21,5
2005-02-04,South Korea,Egypt,0,1,Friendly,Seoul,South Korea,False,20100,True,20098,39,15
2005-02-08,Ivory Coast,DR Congo,2,2,Friendly,Rouen,France,True,20104,True,20100,23,13
2005-02-09,South Africa,Australia,1,1,Friendly,Durban,South Africa,False,20105,True,20104,38,2
2005-02-09,Uzbekistan,Saudi Arabia,1,1,FIFA World Cup qualification,Tashkent,Uzbekistan,False,20105,False,20105,47,35
2005-02-09,Egypt,Belgium,4,0,Friendly,Cairo,Egypt,False,20105,True,20105,15,4
2005-02-09,England,Netherlands,0,0,Friendly,Birmingham,England,False,20105,True,20105,16,28
2005-02-09,France,Sweden,1,1,Friendly,Saint-Denis,France,False,20105,True,20105,17,41
2005-02-09,Germany,Argentina,2,2,Friendly,Düsseldorf,Germany,False,20105,True,20105,18,1
2005-02-23,Mexico,Colombia,1,1,Friendly,Culiacán,Mexico,False,20119,True,20105,26,9
2005-03-09,Mexico,Argentina,1,1,Friendly,Los Angeles,United States,True,20133,True,20119,26,1
2005-03-09,United States,Colombia,3,0,Friendly,Fullerton,United States,False,20133,True,20133,45,9
2005-03-14,Saudi Arabia,Egypt,0,1,Friendly,Dammam,Saudi Arabia,False,20138,True,20133,35,15
2005-03-25,Iran,Japan,2,1,FIFA World Cup qualification,Tehran,Iran,False,20149,False,20138,21,24
2005-03-25,Saudi Arabia,South Korea,2,0,FIFA World Cup qualification,Dammam,Saudi Arabia,False,20149,False,20149,35,39
2005-03-26,Portugal,Canada,4,1,Friendly,Barcelos,Portugal,False,20150,True,20149,33,7
2005-03-26,Australia,Iraq,2,1,Friendly,Sydney,Australia,False,20150,True,20150,2,22
2005-03-26,Belgium,Bosnia and Herzegovina,4,1,FIFA World Cup qualification,Brussels,Belgium,False,20150,False,20150,4,5
2005-03-26,France,Switzerland,0,0,FIFA World Cup qualification,Saint-Denis,France,False,20150,False,20150,17,42
2005-03-27,Mexico,United States,2,1,FIFA World Cup qualification,Mexico City,Mexico,False,20151,False,20150,26,45
2005-03-27,DR Congo,Ghana,1,1,FIFA World Cup qualification,Kinshasa,DR Congo,False,20151,False,20151,13,19
2005-03-27,Ecuador,Paraguay,5,2,FIFA World Cup qualification,Quito,Ecuador,False,20151,False,20151,14,32
2005-03-30,Panama,Mexico,1,1,FIFA World Cup qualification,Panama City,Panama,False,20154,False,20151,31,26
2005-03-30,Uruguay,Brazil,1,1,FIFA World Cup qualification,Montevideo,Uruguay,False,20154,False,20154,46,6
2005-03-30,South Korea,Uzbekistan,2,1,FIFA World Cup qualification,Seoul,South Korea,False,20154,False,20154,39,47
2005-03-30,Argentina,Colombia,1,0,FIFA World Cup qualification,Buenos Aires,Argentina,False,20154,False,20154,1,9
2005-05-04,Ecuador,Paraguay,1,0,Friendly,East Rutherford,United States,True,20189,True,20154,14,32
2005-05-28,United States,England,1,2,Friendly,Chicago,United States,False,20213,True,20189,45,16
2005-05-31,Colombia,England,2,3,Friendly,East Rutherford,United States,True,20216,True,20213,9,16
2005-06-03,Uzbekistan,South Korea,1,1,FIFA World Cup qualification,Tashkent,Uzbekistan,False,20219,False,20216,47,39
2005-06-04,Cape Verde,South Africa,1,2,FIFA World Cup qualification,Praia,Cape Verde,False,20220,False,20219,8,38
2005-06-04,Ecuador,Argentina,2,0,FIFA World Cup qualification,Quito,Ecuador,False,20220,False,20220,14,1
2005-06-05,Brazil,Paraguay,4,1,FIFA World Cup qualification,Porto Alegre,Brazil,False,20221,False,20220,6,32
2005-06-08,Jordan,Iraq,0,1,Friendly,Amman,Jordan,False,20224,True,20221,25,22
2005-06-08,Saudi Arabia,Uzbekistan,3,0,FIFA World Cup qualification,Riyadh,Saudi Arabia,False,20224,False,20224,35,47
2005-06-08,Spain,Bosnia and Herzegovina,1,1,FIFA World Cup qualification,Valencia,Spain,False,20224,False,20224,40,5
2005-06-08,Sweden,Norway,2,3,Friendly,Solna,Sweden,False,20224,True,20224,41,30
2005-06-08,Panama,United States,0,3,FIFA World Cup qualification,Panama City,Panama,False,20224,False,20224,31,45
2005-06-08,Argentina,Brazil,3,1,FIFA World Cup qualification,Buenos Aires,Argentina,False,20224,False,20224,1,6
2005-06-08,Colombia,Ecuador,3,0,FIFA World Cup qualification,Barranquilla,Colombia,False,20224,False,20224,9,14
2005-06-09,Australia,New Zealand,1,0,Friendly,London,England,True,20225,True,20224,2,29
2005-06-15,Argentina,Tunisia,2,1,Confederations Cup,Cologne,Germany,True,20231,False,20225,1,43
2005-06-15,Germany,Australia,4,3,Confederations Cup,Frankfurt,Germany,False,20231,False,20231,18,2
2005-06-16,Japan,Mexico,1,2,Confederations Cup,Hanover,Germany,True,20232,False,20231,24,26
2005-06-18,South Africa,Ghana,0,2,FIFA World Cup qualification,Johannesburg,South Africa,False,20234,False,20232,38,19
2005-06-18,Germany,Tunisia,3,0,Confederations Cup,Cologne,Germany,False,20234,False,20234,18,43
2005-06-18,Australia,Argentina,2,4,Confederations Cup,Nuremberg,Germany,True,20234,False,20234,2,1
2005-06-19,Mexico,Brazil,1,0,Confederations Cup,Hanover,Germany,True,20235,False,20234,26,6
2005-06-19,Ivory Coast,Egypt,2,0,FIFA World Cup qualification,Abidjan,Ivory Coast,False,20235,False,20235,23,15
2005-06-21,Australia,Tunisia,0,2,Confederations Cup,Leipzig,Germany,True,20237,False,20235,2,43
2005-06-21,Germany,Argentina,2,2,Confederations Cup,Nuremberg,Germany,False,20237,False,20237,18,1
2005-06-22,Japan,Brazil,2,2,Confederations Cup,Cologne,Germany,True,20238,False,20237,24,6
2005-06-25,Germany,Brazil,2,3,Confederations Cup,Nuremberg,Germany,False,20241,False,20238,18,6
2005-06-26,Mexico,Argentina,1,1,Confederations Cup,Hanover,Germany,True,20242,False,20241,26,1
2005-06-29,Brazil,Argentina,4,1,Confederations Cup,Frankfurt,Germany,True,20245,False,20242,6,1
2005-06-29,Germany,Mexico,4,3,Confederations Cup,Leipzig,Germany,False,20245,False,20245,18,26
2005-07-06,Colombia,Panama,0,1,Gold Cup,Miami,United States,True,20252,False,20245,9,31
2005-07-08,South Africa,Mexico,2,1,Gold Cup,Carson,United States,True,20254,False,20252,38,26
2005-07-09,United States,Canada,2,0,Gold Cup,Seattle,United States,False,20255,False,20254,45,7
2005-07-17,Mexico,Colombia,1,2,Gold Cup,Houston,United States,True,20263,False,20255,26,9
2005-07-17,South Africa,Panama,1,1,Gold Cup,Houston,United States,True,20263,False,20263,38,31
2005-07-21,Colombia,Panama,2,3,Gold Cup,East Rutherford,United States,True,20267,False,20263,9,31
2005-07-24,United States,Panama,0,0,Gold Cup,East Rutherford,United States,False,20270,False,20267,45,31
2005-08-07,South Korea,Japan,0,1,EAFF Championship,Daegu,South Korea,False,20284,False,20270,39,24
2005-08-17,Netherlands,Germany,2,2,Friendly,Rotterdam,Netherlands,False,20294,True,20284,28,18
2005-08-17,Norway,Switzerland,0,2,Friendly,Oslo,Norway,False,20294,True,20294,30,42
2005-08-17,Portugal,Egypt,2,0,Friendly,Ponta Delgada,Portugal,False,20294,True,20294,33,15
2005-08-17,Senegal,Ghana,0,0,Friendly,London,England,True,20294,True,20294,37,19
2005-08-17,Spain,Uruguay,2,0,Friendly,Gijón,Spain,False,20294,True,20294,40,46
2005-08-17,Sweden,Czech Republic,2,1,Friendly,Gothenburg,Sweden,False,20294,True,20294,41,12
2005-08-17,Austria,Scotland,2,2,Friendly,Graz,Austria,False,20294,True,20294,3,36
2005-08-17,Croatia,Brazil,1,1,Friendly,Split,Croatia,False,20294,True,20294,10,6
2005-08-17,France,Ivory Coast,3,0,Friendly,Montpellier,France,False,20294,True,20294,17,23
2005-08-17,Japan,Iran,2,1,FIFA World Cup qualification,Yokohama,Japan,False,20294,False,20294,24,21
2005-08-17,South Korea,Saudi Arabia,0,1,FIFA World Cup qualification,Seoul,South Korea,False,20294,False,20294,39,35
2005-09-03,Spain,Canada,2,1,Friendly,Santander,Spain,False,20311,True,20294,40,7
2005-09-03,United States,Mexico,2,0,FIFA World Cup qualification,Columbus,United States,False,20311,False,20311,45,26
2005-09-03,Paraguay,Argentina,1,0,FIFA World Cup qualification,Asunción,Paraguay,False,20311,False,20311,32,1
2005-09-03,Bosnia and Herzegovina,Belgium,1,0,FIFA World Cup qualification,Zenica,Bosnia and Herzegovina,False,20311,False,20311,5,4
2005-09-04,Uruguay,Colombia,3,2,FIFA World Cup qualification,Montevideo,Uruguay,False,20312,False,20311,46,9
2005-09-04,DR Congo,Cape Verde,2,1,FIFA World Cup qualification,Kinshasa,DR Congo,False,20312,False,20312,13,8
2005-09-07,Mexico,Panama,5,0,FIFA World Cup qualification,Mexico City,Mexico,False,20315,False,20312,26,31
2005-09-07,Norway,Scotland,1,2,FIFA World Cup qualification,Oslo,Norway,False,20315,False,20315,30,36
2005-09-07,Germany,South Africa,4,2,Friendly,Bremen,Germany,False,20315,True,20315,18,38
2005-10-08,South Africa,DR Congo,2,2,FIFA World Cup qualification,Durban,South Africa,False,20346,False,20315,38,13
2005-10-08,Switzerland,France,1,1,FIFA World Cup qualification,Bern,Switzerland,False,20346,False,20346,42,17
2005-10-08,Tunisia,Morocco,2,2,FIFA World Cup qualification,Radès,Tunisia,False,20346,False,20346,43,27
2005-10-08,Turkey,Germany,2,1,Friendly,Istanbul,Turkey,False,20346,True,20346,44,18
2005-10-08,Belgium,Spain,0,2,FIFA World Cup qualification,Brussels,Belgium,False,20346,False,20346,4,40
2005-10-08,Cape Verde,Ghana,0,4,FIFA World Cup qualification,Praia,Cape Verde,False,20346,False,20346,8,19
2005-10-08,Croatia,Sweden,1,0,FIFA World Cup qualification,Zagreb,Croatia,False,20346,False,20346,10,41
2005-10-08,Ecuador,Uruguay,0,0,FIFA World Cup qualification,Quito,Ecuador,False,20346,False,20346,14,46
2005-10-08,England,Austria,1,0,FIFA World Cup qualification,Manchester,England,False,20346,False,20346,16,3
2005-10-08,Czech Republic,Netherlands,0,2,FIFA World Cup qualification,Prague,Czech Republic,False,20346,False,20346,12,28
2005-10-11,Qatar,Iraq,0,0,Friendly,Doha,Qatar,False,20349,True,20346,34,22
2005-10-12,Paraguay,Colombia,0,1,FIFA World Cup qualification,Asunción,Paraguay,False,20350,False,20349,32,9
2005-10-12,Uruguay,Argentina,1,0,FIFA World Cup qualification,Montevideo,Uruguay,False,20350,False,20350,46,1
2005-10-12,United States,Panama,2,0,FIFA World Cup qualification,Foxborough,United States,False,20350,False,20350,45,31
2005-10-12,South Korea,Iran,2,0,Friendly,Seoul,South Korea,False,20350,True,20350,39,21
2005-10-26,Mexico,Uruguay,3,1,Friendly,Guadalajara,Mexico,False,20364,True,20350,26,46
2005-11-11,DR Congo,Tunisia,2,2,Friendly,Paris,France,True,20380,True,20364,13,43
2005-11-12,Scotland,United States,1,1,Friendly,Glasgow,Scotland,False,20381,True,20380,36,45
2005-11-12,South Africa,Senegal,2,3,Friendly,Port Elizabeth,South Africa,False,20381,True,20381,38,37
2005-11-12,Switzerland,Turkey,2,0,FIFA World Cup qualification,Bern,Switzerland,False,20381,False,20381,42,44
2005-11-12,Uruguay,Australia,1,0,FIFA World Cup qualification,Montevideo,Uruguay,False,20381,False,20381,46,2
2005-11-12,Portugal,Croatia,2,0,Friendly,Coimbra,Portugal,False,20381,True,20381,33,10
2005-11-12,England,Argentina,3,2,Friendly,Geneva,Switzerland,True,20381,True,20381,16,1
2005-11-12,Norway,Czech Republic,0,1,FIFA World Cup qualification,Oslo,Norway,False,20381,False,20381,30,12
2005-11-12,South Korea,Sweden,2,2,Friendly,Seoul,South Korea,False,20381,True,20381,39,41
2005-11-12,France,Germany,0,0,Friendly,Saint-Denis,France,False,20381,True,20381,17,18
2005-11-14,Saudi Arabia,Ghana,1,3,Friendly,Jeddah,Saudi Arabia,False,20383,True,20381,35,19
2005-11-16,Turkey,Switzerland,4,2,FIFA World Cup qualification,Istanbul,Turkey,False,20385,False,20383,44,42
2005-11-16,Qatar,Argentina,0,3,Friendly,Doha,Qatar,False,20385,True,20385,34,1
2005-11-16,Czech Republic,Norway,1,0,FIFA World Cup qualification,Prague,Czech Republic,False,20385,False,20385,12,30
2005-11-16,Australia,Uruguay,1,0,FIFA World Cup qualification,Sydney,Australia,False,20385,False,20385,2,46
2005-11-16,Egypt,Tunisia,1,2,Friendly,Cairo,Egypt,False,20385,True,20385,15,43
2005-12-05,Iraq,Saudi Arabia,5,1,Friendly,Al Rayyan,Qatar,True,20404,True,20385,22,35
2005-12-08,Iraq,Saudi Arabia,2,0,Friendly,Doha,Qatar,True,20407,True,20404,22,35
2005-12-27,Ecuador,Senegal,1,2,Friendly,Cairo,Egypt,True,20426,True,20407,14,37
2005-12-29,Egypt,Senegal,4,2,Friendly,Cairo,Egypt,False,20428,True,20426,15,37
2006-01-09,Morocco,DR Congo,3,0,Friendly,Rabat,Morocco,False,20439,True,20428,27,13
2006-01-14,Egypt,South Africa,1,2,Friendly,Cairo,Egypt,False,20444,True,20439,15,38
2006-01-14,Senegal,DR Congo,0,0,Friendly,Dakar,Senegal,False,20444,True,20444,37,13
2006-01-15,Tunisia,Ghana,2,0,Friendly,Tunis,Tunisia,False,20445,True,20444,43,19
2006-01-17,Ivory Coast,Jordan,2,0,Friendly,Abu Dhabi,United Arab Emirates,True,20447,True,20445,23,25
2006-01-18,Saudi Arabia,Sweden,1,1,Friendly,Riyadh,Saudi Arabia,False,20448,True,20447,35,41
2006-01-21,Morocco,Ivory Coast,0,1,African Cup of Nations,Cairo,Egypt,True,20451,False,20448,27,23
2006-01-22,United States,Canada,0,0,Friendly,San Diego,United States,False,20452,True,20451,45,7
2006-01-23,Jordan,Sweden,0,0,Friendly,Abu Dhabi,United Arab Emirates,True,20453,True,20452,25,41
2006-01-24,Egypt,Morocco,0,0,African Cup of Nations,Cairo,Egypt,False,20454,False,20453,15,27
2006-01-25,Mexico,Norway,2,1,Friendly,San Francisco,United States,True,20455,True,20454,26,30
2006-01-26,Tunisia,South Africa,2,0,African Cup of Nations,Alexandria,Egypt,True,20456,False,20455,43,38
2006-01-27,Ghana,Senegal,1,0,African Cup of Nations,Port Said,Egypt,True,20457,False,20456,19,37
2006-01-28,Egypt,Ivory Coast,3,1,African Cup of Nations,Cairo,Egypt,False,20458,False,20457,15,23
2006-01-29,South Korea,Croatia,2,0,Lunar New Year Cup,So Kon Po,Hong Kong,True,20459,False,20458,39,10
2006-01-29,United States,Norway,5,0,Friendly,Carson,United States,False,20459,True,20459,45,30
2006-02-03,Egypt,DR Congo,4,1,African Cup of Nations,Cairo,Egypt,False,20464,False,20459,15,13
2006-02-07,Egypt,Senegal,2,1,African Cup of Nations,Cairo,Egypt,False,20468,False,20464,15,37
2006-02-10,Egypt,Ivory Coast,0,0,African Cup of Nations,Cairo,Egypt,False,20471,False,20468,15,23
2006-02-10,United States,Japan,3,2,Friendly,San Francisco,United States,False,20471,True,20471,45,24
2006-02-15,Mexico,South Korea,0,1,Friendly,Los Angeles,United States,True,20476,True,20471,26,39
2006-02-28,Bosnia and Herzegovina,Japan,2,2,Friendly,Dortmund,Germany,True,20489,True,20476,5,24
2006-03-01,Netherlands,Ecuador,1,0,Friendly,Amsterdam,Netherlands,False,20490,True,20489,28,14
2006-03-01,Qatar,Uzbekistan,2,1,AFC Asian Cup qualification,Doha,Qatar,False,20490,False,20490,34,47
2006-03-01,Mexico,Ghana,1,0,Friendly,Frisco,United States,True,20490,True,20490,26,19
2006-03-01,Senegal,Norway,2,1,Friendly,Dakar,Senegal,False,20490,True,20490,37,30
2006-03-01,Spain,Ivory Coast,3,2,Friendly,Valladolid,Spain,False,20490,True,20490,40,23
2006-03-01,Turkey,Czech Republic,2,2,Friendly,İzmir,Turkey,False,20490,True,20490,44,12
2006-03-01,Saudi Arabia,Portugal,0,3,Friendly,Düsseldorf,Germany,True,20490,True,20490,35,33
2006-03-01,Scotland,Switzerland,1,3,Friendly,Glasgow,Scotland,False,20490,True,20490,36,42
2006-03-01,Argentina,Croatia,2,3,Friendly,Basel,Switzerland,True,20490,True,20490,1,10
2006-03-01,Austria,Canada,0,2,Friendly,Vienna,Austria,False,20490,True,20490,3,7
2006-03-01,England,Uruguay,2,1,Friendly,Liverpool,England,False,20490,True,20490,16,46
2006-03-15,Saudi Arabia,Iraq,2,2,Friendly,Jeddah,Saudi Arabia,False,20504,True,20490,35,22
2006-03-22,Germany,United States,4,1,Friendly,Dortmund,Germany,False,20511,True,20504,18,45
2006-03-29,Mexico,Paraguay,2,1,Friendly,Chicago,United States,True,20518,True,20511,26,32
2006-03-30,Japan,Ecuador,1,0,Friendly,Ōita,Japan,False,20519,True,20518,24,14
2006-05-11,Belgium,Saudi Arabia,2,1,Friendly,Sittard,Netherlands,True,20561,True,20519,4,35
2006-05-12,Mexico,DR Congo,2,1,Friendly,Mexico City,Mexico,False,20562,True,20561,26,13
2006-05-13,Japan,Scotland,0,0,Kirin Cup,Saitama,Japan,False,20563,False,20562,24,36
2006-05-23,Austria,Croatia,1,4,Friendly,Vienna,Austria,False,20573,True,20563,3,10
2006-05-23,South Korea,Senegal,1,1,Friendly,Seoul,South Korea,False,20573,True,20573,39,37
2006-05-23,United States,Morocco,0,1,Friendly,Nashville,United States,False,20573,True,20573,45,27
2006-05-24,Norway,Paraguay,2,2,Friendly,Oslo,Norway,False,20574,True,20573,30,32
2006-05-24,Colombia,Ecuador,1,1,Friendly,East Rutherford,United States,True,20574,True,20574,9,14
2006-05-24,Belgium,Turkey,3,3,Friendly,Genk,Belgium,False,20574,True,20574,4,44
2006-05-26,Czech Republic,Saudi Arabia,2,0,Friendly,Innsbruck,Austria,True,20576,True,20574,12,35
2006-05-26,South Korea,Bosnia and Herzegovina,2,0,Friendly,Seoul,South Korea,False,20576,True,20576,39,5
2006-05-26,Turkey,Ghana,1,1,Friendly,Bochum,Germany,True,20576,True,20576,44,19
2006-05-27,Switzerland,Ivory Coast,1,1,Friendly,Basel,Switzerland,False,20577,True,20576,42,23
2006-05-27,Portugal,Cape Verde,4,1,Friendly,Évora,Portugal,False,20577,True,20577,33,8
2006-05-27,France,Mexico,1,0,Friendly,Saint-Denis,France,False,20577,True,20577,17,26
2006-05-28,Croatia,Iran,2,2,Friendly,Osijek,Croatia,False,20578,True,20577,10,21
2006-05-30,Germany,Japan,2,2,Friendly,Leverkusen,Germany,False,20580,True,20578,18,24
2006-05-31,Saudi Arabia,Turkey,0,1,Friendly,Offenbach am Main,Germany,True,20581,True,20580,35,44
2006-05-31,Iran,Bosnia and Herzegovina,5,2,Friendly,Tehran,Iran,False,20581,True,20581,21,5
2006-06-01,Netherlands,Mexico,2,1,Friendly,Eindhoven,Netherlands,False,20582,True,20581,28,26
2006-06-01,Norway,South Korea,0,0,Friendly,Oslo,Norway,False,20582,True,20582,30,39
2006-06-02,Tunisia,Uruguay,0,0,Friendly,Radès,Tunisia,False,20583,True,20582,43,46
2006-06-02,Germany,Colombia,3,0,Friendly,Mönchengladbach,Germany,False,20583,True,20583,18,9
2006-06-03,Spain,Egypt,2,0,Friendly,Elche,Spain,False,20584,True,20583,40,15
2006-06-04,Netherlands,Australia,1,1,Friendly,Rotterdam,Netherlands,False,20585,True,20584,28,2
2006-06-04,Colombia,Morocco,2,0,Friendly,Barcelona,Spain,True,20585,True,20585,9,27
2006-06-04,Brazil,New Zealand,4,0,Friendly,Geneva,Switzerland,True,20585,True,20585,6,29
2006-06-04,Ghana,South Korea,3,1,Friendly,Edinburgh,Scotland,True,20585,True,20585,19,39
2006-06-07,Spain,Croatia,2,1,Friendly,Geneva,Switzerland,True,20588,True,20585,40,10
2006-06-10,England,Paraguay,1,0,FIFA World Cup,Frankfurt,Germany,True,20591,False,20588,16,32
2006-06-10,Argentina,Ivory Coast,2,1,FIFA World Cup,Hamburg,Germany,True,20591,False,20591,1,23
2006-06-11,Mexico,Iran,3,1,FIFA World Cup,Nuremberg,Germany,True,20592,False,20591,26,21
2006-06-12,Australia,Japan,3,1,FIFA World Cup,Kaiserslautern,Germany,True,20593,False,20592,2,24
2006-06-12,United States,Czech Republic,0,3,FIFA World Cup,Gelsenkirchen,Germany,True,20593,False,20593,45,12
2006-06-13,Brazil,Croatia,1,0,FIFA World Cup,Berlin,Germany,True,20594,False,20593,6,10
2006-06-13,France,Switzerland,0,0,FIFA World Cup,Stuttgart,Germany,True,20594,False,20594,17,42
2006-06-14,Tunisia,Saudi Arabia,2,2,FIFA World Cup,Munich,Germany,True,20595,False,20594,43,35
2006-06-15,Sweden,Paraguay,1,0,FIFA World Cup,Berlin,Germany,True,20596,False,20595,41,32
2006-06-16,Netherlands,Ivory Coast,2,1,FIFA World Cup,Stuttgart,Germany,True,20597,False,20596,28,23
2006-06-17,Portugal,Iran,2,0,FIFA World Cup,Frankfurt,Germany,True,20598,False,20597,33,21
2006-06-17,Czech Republic,Ghana,0,2,FIFA World Cup,Cologne,Germany,True,20598,False,20598,12,19
2006-06-18,Japan,Croatia,0,0,FIFA World Cup,Nuremberg,Germany,True,20599,False,20598,24,10
2006-06-18,France,South Korea,1,1,FIFA World Cup,Leipzig,Germany,True,20599,False,20599,17,39
2006-06-18,Brazil,Australia,2,0,FIFA World Cup,Munich,Germany,True,20599,False,20599,6,2
2006-06-19,Spain,Tunisia,3,1,FIFA World Cup,Stuttgart,Germany,True,20600,False,20599,40,43
2006-06-20,Sweden,England,2,2,FIFA World Cup,Cologne,Germany,True,20601,False,20600,41,16
2006-06-20,Germany,Ecuador,3,0,FIFA World Cup,Berlin,Germany,False,20601,False,20601,18,14
2006-06-21,Netherlands,Argentina,0,0,FIFA World Cup,Frankfurt,Germany,True,20602,False,20601,28,1
2006-06-21,Portugal,Mexico,2,1,FIFA World Cup,Gelsenkirchen,Germany,True,20602,False,20602,33,26
2006-06-22,Croatia,Australia,2,2,FIFA World Cup,Stuttgart,Germany,True,20603,False,20602,10,2
2006-06-22,Ghana,United States,2,1,FIFA World Cup,Nuremberg,Germany,True,20603,False,20603,19,45
2006-06-22,Japan,Brazil,1,4,FIFA World Cup,Dortmund,Germany,True,20603,False,20603,24,6
2006-06-23,Saudi Arabia,Spain,0,1,FIFA World Cup,Kaiserslautern,Germany,True,20604,False,20603,35,40
2006-06-23,Switzerland,South Korea,2,0,FIFA World Cup,Hanover,Germany,True,20604,False,20604,42,39
2006-06-24,Argentina,Mexico,2,1,FIFA World Cup,Leipzig,Germany,True,20605,False,20604,1,26
2006-06-24,Germany,Sweden,2,0,FIFA World Cup,Munich,Germany,False,20605,False,20605,18,41
2006-06-25,Portugal,Netherlands,1,0,FIFA World Cup,Nuremberg,Germany,True,20606,False,20605,33,28
2006-06-25,England,Ecuador,1,0,FIFA World Cup,Stuttgart,Germany,True,20606,False,20606,16,14
2006-06-27,Brazil,Ghana,3,0,FIFA World Cup,Dortmund,Germany,True,20608,False,20606,6,19
2006-06-27,Spain,France,1,3,FIFA World Cup,Hanover,Germany,True,20608,False,20608,40,17
2006-06-30,Germany,Argentina,1,1,FIFA World Cup,Berlin,Germany,False,20611,False,20608,18,1
2006-07-01,Brazil,France,0,1,FIFA World Cup,Frankfurt,Germany,True,20612,False,20611,6,17
2006-07-01,England,Portugal,0,0,FIFA World Cup,Gelsenkirchen,Germany,True,20612,False,20612,16,33
2006-07-05,Portugal,France,0,1,FIFA World Cup,Munich,Germany,True,20616,False,20612,33,17
2006-07-08,Germany,Portugal,3,1,FIFA World Cup,Stuttgart,Germany,False,20619,False,20616,18,33
2006-07-21,Jordan,Iraq,2,1,Friendly,Amman,Jordan,False,20632,True,20619,25,22
2006-08-09,Jordan,Iraq,0,1,Friendly,Amman,Jordan,False,20651,True,20632,25,22
2006-08-16,Ivory Coast,Senegal,0,1,Friendly,Tours,France,True,20658,True,20651,23,37
2006-08-16,Norway,Brazil,1,1,Friendly,Oslo,Norway,False,20658,True,20658,30,6
2006-08-16,Bosnia and Herzegovina,France,1,2,Friendly,Sarajevo,Bosnia and Herzegovina,False,20658,True,20658,5,17
2006-08-16,Egypt,Uruguay,0,2,Friendly,Alexandria,Egypt,False,20658,True,20658,15,46
2006-08-16,Germany,Sweden,3,0,Friendly,Gelsenkirchen,Germany,False,20658,True,20658,18,41
2006-09-02,South Korea,Iran,1,1,AFC Asian Cup qualification,Seoul,South Korea,False,20675,False,20658,39,21
2006-09-03,Saudi Arabia,Japan,1,0,AFC Asian Cup qualification,Jeddah,Saudi Arabia,False,20676,False,20675,35,24
2006-09-03,Argentina,Brazil,0,3,Friendly,London,England,True,20676,True,20676,1,6
2006-10-04,Japan,Ghana,0,1,Friendly,Yokohama,Japan,False,20707,True,20676,24,19
2006-10-04,Iran,Iraq,2,0,Friendly,Amman,Jordan,True,20707,True,20707,21,22
2006-10-06,Jordan,Iran,0,0,Friendly,Amman,Jordan,False,20709,True,20707,25,21
2006-10-07,Scotland,France,1,0,UEFA Euro qualification,Glasgow,Scotland,False,20710,False,20709,36,17
2006-10-07,Sweden,Spain,2,0,UEFA Euro qualification,Solna,Sweden,False,20710,False,20710,41,40
2006-10-07,Australia,Paraguay,1,1,Friendly,Brisbane,Australia,False,20710,True,20710,2,32
2006-10-08,South Korea,Ghana,1,3,Friendly,Seoul,South Korea,False,20711,True,20710,39,19
2006-10-10,Brazil,Ecuador,2,1,Friendly,Solna,Sweden,True,20713,True,20711,6,14
2006-10-11,Spain,Argentina,2,1,Friendly,Murcia,Spain,False,20714,True,20713,40,1
2006-10-11,Austria,Switzerland,2,1,Friendly,Innsbruck,Austria,False,20714,True,20714,3,42
2006-10-11,Croatia,England,2,0,UEFA Euro qualification,Zagreb,Croatia,False,20714,False,20714,10,16
2006-11-08,Saudi Arabia,Jordan,2,1,Friendly,Riyadh,Saudi Arabia,False,20742,True,20714,35,25
2006-11-14,Australia,Ghana,1,1,Friendly,London,England,True,20748,True,20742,2,19
2006-11-15,Netherlands,England,1,1,Friendly,Amsterdam,Netherlands,False,20749,True,20748,28,16
2006-11-15,Switzerland,Brazil,1,2,Friendly,Basel,Switzerland,False,20749,True,20749,42,6
2006-11-15,Uzbekistan,Qatar,2,0,AFC Asian Cup qualification,Tashkent,Uzbekistan,False,20749,False,20749,47,34
2006-11-15,Ivory Coast,Sweden,1,0,Friendly,Le Mans,France,True,20749,True,20749,23,41
2006-11-15,Japan,Saudi Arabia,3,1,AFC Asian Cup qualification,Sapporo,Japan,False,20749,False,20749,24,35
2006-11-15,Iran,South Korea,2,0,AFC Asian Cup qualification,Tehran,Iran,False,20749,False,20749,21,39
2006-11-15,Egypt,South Africa,1,0,Friendly,Brentford,England,True,20749,True,20749,15,38
2007-01-18,Ecuador,Sweden,2,1,Friendly,Cuenca,Ecuador,False,20813,True,20749,14,41
2007-01-18,Qatar,Iraq,0,1,Gulf Cup,Abu Dhabi,United Arab Emirates,True,20813,False,20813,34,22
2007-01-21,Saudi Arabia,Qatar,1,1,Gulf Cup,Abu Dhabi,United Arab Emirates,True,20816,False,20813,35,34
2007-01-21,Ecuador,Sweden,1,1,Friendly,Quito,Ecuador,False,20816,True,20816,14,41
2007-01-24,Saudi Arabia,Iraq,1,0,Gulf Cup,Abu Dhabi,United Arab Emirates,True,20819,False,20816,35,22
2007-02-06,Portugal,Brazil,2,0,Friendly,London,England,True,20832,True,20819,33,6
2007-02-07,United States,Mexico,2,0,Friendly,Glendale,United States,False,20833,True,20832,45,26
2007-02-07,Morocco,Tunisia,1,1,Friendly,Casablanca,Morocco,False,20833,True,20833,27,43
2007-02-07,Germany,Switzerland,3,1,Friendly,Düsseldorf,Germany,False,20833,True,20833,18,42
2007-02-07,Belgium,Czech Republic,0,2,Friendly,Brussels,Belgium,False,20833,True,20833,4,12
2007-02-07,Colombia,Uruguay,1,3,Friendly,Cúcuta,Colombia,False,20833,True,20833,9,46
2007-02-07,Egypt,Sweden,2,0,Friendly,Cairo,Egypt,False,20833,True,20833,15,41
2007-02-07,England,Spain,0,1,Friendly,Manchester,England,False,20833,True,20833,16,40
2007-02-07,France,Argentina,0,1,Friendly,Saint-Denis,France,False,20833,True,20833,17,1
2007-02-07,Croatia,Norway,2,1,Friendly,Rijeka,Croatia,False,20833,True,20833,10,30
2007-03-24,Norway,Bosnia and Herzegovina,1,2,UEFA Euro qualification,Oslo,Norway,False,20878,False,20833,30,5
2007-03-24,South Korea,Uruguay,0,2,Friendly,Seoul,South Korea,False,20878,True,20878,39,46
2007-03-24,Qatar,Iran,0,1,Friendly,Doha,Qatar,False,20878,True,20878,34,21
2007-03-24,Portugal,Belgium,4,0,UEFA Euro qualification,Lisbon,Portugal,False,20878,False,20878,33,4
2007-03-24,Algeria,Cape Verde,2,0,African Cup of Nations qualification,Algiers,Algeria,False,20878,False,20878,0,8
2007-03-24,Austria,Ghana,1,1,Friendly,Graz,Austria,False,20878,True,20878,3,19
2007-03-24,Czech Republic,Germany,1,2,UEFA Euro qualification,Prague,Czech Republic,False,20878,False,20878,12,18
2007-03-24,Haiti,Panama,3,0,Friendly,Miami,United States,True,20878,True,20878,20,31
2007-03-25,United States,Ecuador,3,1,Friendly,Tampa,United States,False,20879,True,20878,45,14
2007-03-25,Mexico,Paraguay,2,1,Friendly,Monterrey,Mexico,False,20879,True,20879,26,32
2007-03-25,Colombia,Switzerland,3,1,Friendly,Miami,United States,True,20879,True,20879,9,42
2007-03-27,Brazil,Ghana,1,0,Friendly,Solna,Sweden,True,20881,True,20879,6,19
2007-03-28,Mexico,Ecuador,4,2,Friendly,Oakland,United States,True,20882,True,20881,26,14
2007-03-28,Turkey,Norway,2,2,UEFA Euro qualification,Frankfurt,Germany,True,20882,False,20882,44,30
2007-03-28,Colombia,Paraguay,2,0,Friendly,Bogotá,Colombia,False,20882,True,20882,9,32
2007-03-28,France,Austria,1,0,Friendly,Saint-Denis,France,False,20882,True,20882,17,3
2007-05-09,Panama,Colombia,0,4,Friendly,Panama City,Panama,False,20924,True,20882,31,9
2007-05-30,Austria,Scotland,0,1,Friendly,Vienna,Austria,False,20945,True,20924,3,36
2007-06-01,England,Brazil,1,1,Friendly,London,England,False,20947,True,20945,16,6
2007-06-02,Mexico,Iran,4,0,Friendly,San Luis Potosí,Mexico,False,20948,True,20947,26,21
2007-06-02,Switzerland,Argentina,1,1,Friendly,Basel,Switzerland,False,20948,True,20948,42,1
2007-06-02,South Korea,Netherlands,0,2,Friendly,Seoul,South Korea,False,20948,True,20948,39,28
2007-06-02,Australia,Uruguay,1,2,Friendly,Sydney,Australia,False,20948,True,20948,2,46
2007-06-02,Austria,Paraguay,0,0,Friendly,Vienna,Austria,False,20948,True,20948,3,32
2007-06-02,Belgium,Portugal,1,2,UEFA Euro qualification,Brussels,Belgium,False,20948,False,20948,4,33
2007-06-02,Bosnia and Herzegovina,Turkey,3,2,UEFA Euro qualification,Sarajevo,Bosnia and Herzegovina,False,20948,False,20948,5,44
2007-06-02,Cape Verde,Algeria,2,2,African Cup of Nations qualification,Praia,Cape Verde,False,20948,False,20948,8,0
2007-06-05,Mexico,Paraguay,0,1,Friendly,Mexico City,Mexico,False,20951,True,20948,26,32
2007-06-05,Turkey,Brazil,0,0,Friendly,Dortmund,Germany,True,20951,True,20951,44,6
2007-06-05,Algeria,Argentina,3,4,Friendly,Barcelona,Spain,True,20951,True,20951,0,1
2007-06-05,Japan,Colombia,0,0,Kirin Cup,Saitama,Japan,False,20951,False,20951,24,9
2007-06-08,Jordan,Iraq,1,1,Friendly,Amman,Jordan,False,20954,True,20951,25,22
2007-06-11,Haiti,Canada,0,2,Gold Cup,Miami,United States,True,20957,False,20954,20,7
2007-06-12,Jordan,Iraq,0,0,Friendly,Amman,Jordan,False,20958,True,20957,25,22
2007-06-13,Mexico,Panama,1,0,Gold Cup,Houston,United States,True,20959,False,20958,26,31
2007-06-16,United States,Panama,2,1,Gold Cup,Foxborough,United States,False,20962,False,20959,45,31
2007-06-16,Iran,Iraq,0,0,WAFF Championship,Amman,Jordan,True,20962,False,20962,21,22
2007-06-21,United States,Canada,2,1,Gold Cup,Chicago,United States,False,20967,False,20962,45,7
2007-06-22,Jordan,Iran,0,1,WAFF Championship,Amman,Jordan,False,20968,False,20967,25,21
2007-06-23,Colombia,Ecuador,3,1,Friendly,Barranquilla,Colombia,False,20969,True,20968,9,14
2007-06-24,United States,Mexico,2,1,Gold Cup,Chicago,United States,False,20970,False,20969,45,26
2007-06-24,Iraq,Iran,1,2,WAFF Championship,Amman,Jordan,True,20970,False,20970,22,21
2007-06-27,Brazil,Mexico,0,2,Copa América,Puerto Ordaz,Venezuela,True,20973,False,20970,6,26
2007-06-28,Argentina,United States,4,1,Copa América,Maracaibo,Venezuela,True,20974,False,20973,1,45
2007-06-28,Paraguay,Colombia,5,0,Copa América,Barinas,Venezuela,True,20974,False,20974,32,9
2007-06-29,South Korea,Iraq,3,0,Friendly,Seogwipo,South Korea,False,20975,True,20974,39,22
2007-07-01,Mexico,Ecuador,2,1,Copa América,Maturín,Venezuela,True,20977,False,20975,26,14
2007-07-02,Iraq,Uzbekistan,0,2,Friendly,Paju,South Korea,True,20978,True,20977,22,47
2007-07-02,Argentina,Colombia,4,2,Copa América,Maracaibo,Venezuela,True,20978,False,20978,1,9
2007-07-02,United States,Paraguay,1,3,Copa América,Barinas,Venezuela,True,20978,False,20978,45,32
2007-07-04,Brazil,Ecuador,1,0,Copa América,Puerto la Cruz,Venezuela,True,20980,False,20978,6,14
2007-07-05,Argentina,Paraguay,1,0,Copa América,Barquisimeto,Venezuela,True,20981,False,20980,1,32
2007-07-05,Colombia,United States,1,0,Copa América,Barquisimeto,Venezuela,True,20981,False,20981,9,45
2007-07-05,South Korea,Uzbekistan,2,1,Friendly,Seoul,South Korea,False,20981,True,20981,39,47
2007-07-08,Mexico,Paraguay,6,0,Copa América,Maturín,Venezuela,True,20984,False,20981,26,32
2007-07-09,Japan,Qatar,1,1,AFC Asian Cup,Hanoi,Vietnam,True,20985,False,20984,24,34
2007-07-10,Uruguay,Brazil,2,2,Copa América,Maracaibo,Venezuela,True,20986,False,20985,46,6
2007-07-11,South Korea,Saudi Arabia,1,1,AFC Asian Cup,Jakarta,Indonesia,True,20987,False,20986,39,35
2007-07-11,Mexico,Argentina,0,3,Copa América,Puerto Ordaz,Venezuela,True,20987,False,20987,26,1
2007-07-11,Iran,Uzbekistan,2,1,AFC Asian Cup,Kuala Lumpur,Malaysia,True,20987,False,20987,21,47
2007-07-13,Iraq,Australia,3,1,AFC Asian Cup,Bangkok,Thailand,True,20989,False,20987,22,2
2007-07-14,Mexico,Uruguay,3,1,Copa América,Caracas,Venezuela,True,20990,False,20989,26,46
2007-07-15,Brazil,Argentina,3,0,Copa América,Maracaibo,Venezuela,True,20991,False,20990,6,1
2007-07-21,Japan,Australia,1,1,AFC Asian Cup,Hanoi,Vietnam,True,20997,False,20991,24,2
2007-07-22,Iran,South Korea,0,0,AFC Asian Cup,Kuala Lumpur,Malaysia,True,20998,False,20997,21,39
2007-07-22,Saudi Arabia,Uzbekistan,2,1,AFC Asian Cup,Jakarta,Indonesia,True,20998,False,20998,35,47
2007-07-25,Iraq,South Korea,0,0,AFC Asian Cup,Kuala Lumpur,Malaysia,True,21001,False,20998,22,39
2007-07-25,Japan,Saudi Arabia,2,3,AFC Asian Cup,Hanoi,Vietnam,True,21001,False,21001,24,35
2007-07-28,South Korea,Japan,0,0,AFC Asian Cup,Palembang,Indonesia,True,21004,False,21001,39,24
2007-07-29,Iraq,Saudi Arabia,1,0,AFC Asian Cup,Jakarta,Indonesia,True,21005,False,21004,22,35
2007-08-21,Ghana,Senegal,1,1,Friendly,London,England,True,21028,True,21005,19,37
2007-08-22,Mexico,Colombia,0,1,Friendly,Commerce City,United States,True,21029,True,21028,26,9
2007-08-22,Norway,Argentina,2,1,Friendly,Oslo,Norway,False,21029,True,21029,30,1
2007-08-22,Scotland,South Africa,1,0,Friendly,Aberdeen,Scotland,False,21029,True,21029,36,38
2007-08-22,Sweden,United States,1,0,Friendly,Gothenburg,Sweden,False,21029,True,21029,41,45
2007-08-22,Switzerland,Netherlands,2,1,Friendly,Geneva,Switzerland,False,21029,True,21029,42,28
2007-08-22,Algeria,Brazil,0,2,Friendly,Montpellier,France,True,21029,True,21029,0,6
2007-08-22,Bosnia and Herzegovina,Croatia,3,5,Friendly,Sarajevo,Bosnia and Herzegovina,False,21029,True,21029,5,10
2007-08-22,Austria,Czech Republic,1,1,Friendly,Vienna,Austria,False,21029,True,21029,3,12
2007-08-22,England,Germany,1,2,Friendly,London,England,False,21029,True,21029,16,18
2007-08-22,Ivory Coast,Egypt,0,0,Friendly,Paris,France,True,21029,True,21029,23,15
2007-09-07,Austria,Japan,0,0,Friendly,Klagenfurt,Austria,False,21045,True,21029,3,24
2007-09-08,Morocco,Ghana,0,2,Friendly,Rouen,France,True,21046,True,21045,27,19
2007-09-09,United States,Brazil,2,4,Friendly,Chicago,United States,False,21047,True,21046,45,6
2007-09-09,Mexico,Panama,1,0,Friendly,Puebla,Mexico,False,21047,True,21047,26,31
2007-09-11,Saudi Arabia,Ghana,5,0,Friendly,Riyadh,Saudi Arabia,False,21049,True,21047,35,19
2007-09-11,Australia,Argentina,0,1,Friendly,Melbourne,Australia,False,21049,True,21049,2,1
2007-09-11,Switzerland,Japan,3,4,Friendly,Klagenfurt,Austria,True,21049,True,21049,42,24
2007-09-12,Mexico,Brazil,1,3,Friendly,Foxborough,United States,True,21050,True,21049,26,6
2007-09-12,South Africa,Uruguay,0,0,Friendly,Johannesburg,South Africa,False,21050,True,21050,38,46
2007-09-12,Colombia,Paraguay,1,0,Friendly,Bogotá,Colombia,False,21050,True,21050,9,32
2007-09-12,France,Scotland,0,1,UEFA Euro qualification,Paris,France,False,21050,False,21050,17,36
2007-10-13,Switzerland,Austria,3,1,Friendly,Zürich,Switzerland,False,21081,True,21050,42,3
2007-10-14,Colombia,Brazil,0,0,FIFA World Cup qualification,Bogotá,Colombia,False,21082,False,21081,9,6
2007-10-16,Qatar,Iraq,3,2,Friendly,Doha,Qatar,False,21084,True,21082,34,22
2007-10-17,Paraguay,Uruguay,1,0,FIFA World Cup qualification,Asunción,Paraguay,False,21085,False,21084,32,46
2007-10-17,Switzerland,United States,0,1,Friendly,Basel,Switzerland,False,21085,True,21085,42,45
2007-10-17,Japan,Egypt,4,1,Friendly,Osaka,Japan,False,21085,True,21085,24,15
2007-10-17,Bosnia and Herzegovina,Norway,0,2,UEFA Euro qualification,Sarajevo,Bosnia and Herzegovina,False,21085,False,21085,5,30
2007-10-17,Brazil,Ecuador,5,0,FIFA World Cup qualification,Rio de Janeiro,Brazil,False,21085,False,21085,6,14
2007-10-17,Austria,Ivory Coast,3,2,Friendly,Innsbruck,Austria,False,21085,True,21085,3,23
2007-10-17,Germany,Czech Republic,0,3,UEFA Euro qualification,Munich,Germany,False,21085,False,21085,18,12
2007-11-16,France,Morocco,2,2,Friendly,Saint-Denis,France,False,21115,True,21085,17,27
2007-11-16,Austria,England,0,1,Friendly,Vienna,Austria,False,21115,True,21115,3,16
2007-11-17,Norway,Turkey,1,2,UEFA Euro qualification,Oslo,Norway,False,21116,False,21115,30,44
2007-11-17,South Africa,United States,0,1,Friendly,Johannesburg,South Africa,False,21116,True,21116,38,45
2007-11-17,Spain,Sweden,3,0,UEFA Euro qualification,Madrid,Spain,False,21116,False,21116,40,41
2007-11-17,Paraguay,Ecuador,5,1,FIFA World Cup qualification,Asunción,Paraguay,False,21116,False,21116,32,14
2007-11-20,South Africa,Canada,2,0,Friendly,Durban,South Africa,False,21119,True,21116,38,7
2007-11-20,Colombia,Argentina,2,1,FIFA World Cup qualification,Bogotá,Colombia,False,21119,False,21119,9,1
2007-11-21,Qatar,Ivory Coast,1,6,Friendly,Doha,Qatar,False,21120,True,21119,34,23
2007-11-21,Turkey,Bosnia and Herzegovina,1,0,UEFA Euro qualification,Istanbul,Turkey,False,21120,False,21120,44,5
2007-11-21,Morocco,Senegal,3,0,Friendly,Bondoufle,France,True,21120,True,21120,27,37
2007-11-21,Austria,Tunisia,0,0,Friendly,Vienna,Austria,False,21120,True,21120,3,43
2007-11-21,Brazil,Uruguay,2,1,FIFA World Cup qualification,São Paulo,Brazil,False,21120,False,21120,6,46
2007-11-21,England,Croatia,2,3,UEFA Euro qualification,London,England,False,21120,False,21120,16,10
2008-01-10,Qatar,Iran,0,0,Friendly,Doha,Qatar,False,21170,True,21120,34,21
2008-01-19,United States,Sweden,2,0,Friendly,Carson,United States,False,21179,True,21170,45,41
2008-01-23,Tunisia,Senegal,2,2,African Cup of Nations,Tamale,Ghana,True,21183,False,21179,43,37
2008-01-24,Iraq,Jordan,1,1,Friendly,Dubai,United Arab Emirates,True,21184,True,21183,22,25
2008-01-27,Tunisia,South Africa,3,1,African Cup of Nations,Tamale,Ghana,True,21187,False,21184,43,38
2008-01-28,Ghana,Morocco,2,0,African Cup of Nations,Accra,Ghana,False,21188,False,21187,19,27
2008-01-30,Japan,Bosnia and Herzegovina,3,0,Friendly,Tokyo,Japan,False,21190,True,21188,24,5
2008-01-31,Senegal,South Africa,1,1,African Cup of Nations,Kumasi,Ghana,True,21191,False,21190,37,38
2008-02-06,United States,Mexico,2,2,Friendly,Houston,United States,False,21197,True,21191,45,26
2008-02-06,Spain,France,1,0,Friendly,Málaga,Spain,False,21197,True,21197,40,17
2008-02-06,Turkey,Sweden,0,0,Friendly,Istanbul,Turkey,False,21197,True,21197,44,41
2008-02-06,Uruguay,Colombia,2,2,Friendly,Montevideo,Uruguay,False,21197,True,21197,46,9
2008-02-06,Australia,Qatar,3,0,FIFA World Cup qualification,Melbourne,Australia,False,21197,False,21197,2,34
2008-02-06,Austria,Germany,0,3,Friendly,Vienna,Austria,False,21197,True,21197,3,18
2008-02-06,Croatia,Netherlands,0,3,Friendly,Split,Croatia,False,21197,True,21197,10,28
2008-02-06,England,Switzerland,2,1,Friendly,London,England,False,21197,True,21197,16,42
2008-02-07,Ivory Coast,Egypt,1,4,African Cup of Nations,Kumasi,Ghana,True,21198,False,21197,23,15
2008-02-09,Ghana,Ivory Coast,4,2,African Cup of Nations,Kumasi,Ghana,False,21200,False,21198,19,23
2008-02-23,Japan,South Korea,1,1,EAFF Championship,Chongqing,China,True,21214,False,21200,24,39
2008-03-16,Qatar,Jordan,2,1,Friendly,Doha,Qatar,False,21236,True,21214,34,25
2008-03-22,Uzbekistan,Jordan,4,1,Friendly,Tashkent,Uzbekistan,False,21242,True,21236,47,25
2008-03-26,Qatar,Iraq,2,0,FIFA World Cup qualification,Doha,Qatar,False,21246,False,21242,34,22
2008-03-26,Scotland,Croatia,1,1,Friendly,Glasgow,Scotland,False,21246,True,21246,36,10
2008-03-26,Switzerland,Germany,0,4,Friendly,Basel,Switzerland,False,21246,True,21246,42,18
2008-03-26,South Africa,Paraguay,3,0,Friendly,Atteridgeville,South Africa,False,21246,True,21246,38,32
2008-03-26,Uzbekistan,Saudi Arabia,3,0,FIFA World Cup qualification,Tashkent,Uzbekistan,False,21246,False,21246,47,35
2008-03-26,Algeria,DR Congo,1,1,Friendly,Nanterre,France,True,21246,True,21246,0,13
2008-03-26,Austria,Netherlands,3,4,Friendly,Vienna,Austria,False,21246,True,21246,3,28
2008-03-26,Belgium,Morocco,1,4,Friendly,Brussels,Belgium,False,21246,True,21246,4,27
2008-03-26,Brazil,Sweden,1,0,Friendly,London,England,True,21246,True,21246,6,41
2008-03-26,Ivory Coast,Tunisia,0,2,Friendly,Bondoufle,France,True,21246,True,21246,23,43
2008-03-26,Ghana,Mexico,1,2,Friendly,London,England,True,21246,True,21246,19,26
2008-03-26,Egypt,Argentina,0,2,Friendly,Cairo,Egypt,False,21246,True,21246,15,1
2008-03-26,France,England,1,0,Friendly,Saint-Denis,France,False,21246,True,21246,17,16
2008-03-26,Ecuador,Haiti,3,1,Friendly,Latacunga,Ecuador,False,21246,True,21246,14,20
2008-05-22,Ivory Coast,Paraguay,1,1,Kirin Cup,Yokohama,Japan,True,21303,False,21246,23,32
2008-05-23,Australia,Ghana,1,0,Friendly,Sydney,Australia,False,21304,True,21303,2,19
2008-05-24,Japan,Ivory Coast,1,0,Kirin Cup,Toyota,Japan,False,21305,False,21304,24,23
2008-05-25,Turkey,Uruguay,2,3,Friendly,Bochum,Germany,True,21306,True,21305,44,46
2008-05-27,Japan,Paraguay,0,0,Kirin Cup,Saitama,Japan,False,21308,False,21306,24,32
2008-05-27,France,Ecuador,2,0,Friendly,Grenoble,France,False,21308,True,21308,17,14
2008-05-28,England,United States,2,0,Friendly,London,England,False,21309,True,21308,16,45
2008-05-28,Norway,Uruguay,2,2,Friendly,Oslo,Norway,False,21309,True,21309,30,46
2008-05-30,Czech Republic,Scotland,3,1,Friendly,Prague,Czech Republic,False,21311,True,21309,12,36
2008-05-31,Senegal,Algeria,1,0,FIFA World Cup qualification,Dakar,Senegal,False,21312,False,21311,37,0
2008-05-31,South Korea,Jordan,2,2,FIFA World Cup qualification,Seoul,South Korea,False,21312,False,21312,39,25
2008-05-31,Brazil,Canada,3,2,Friendly,Seattle,United States,True,21312,True,21312,6,7
2008-05-31,France,Paraguay,0,0,Friendly,Toulouse,France,False,21312,True,21312,17,32
2008-06-01,Egypt,DR Congo,2,1,FIFA World Cup qualification,Cairo,Egypt,False,21313,False,21312,15,13
2008-06-01,Australia,Iraq,1,0,FIFA World Cup qualification,Brisbane,Australia,False,21313,False,21313,2,22
2008-06-03,France,Colombia,1,0,Friendly,Saint-Denis,France,False,21315,True,21313,17,9
2008-06-04,Mexico,Argentina,1,4,Friendly,San Diego,United States,True,21316,True,21315,26,1
2008-06-04,Panama,Canada,2,2,Friendly,Fort Lauderdale,United States,True,21316,True,21316,31,7
2008-06-04,Spain,United States,1,0,Friendly,Santander,Spain,False,21316,True,21316,40,45
2008-06-07,Switzerland,Czech Republic,0,1,UEFA Euro,Basel,Switzerland,False,21319,False,21316,42,12
2008-06-07,Portugal,Turkey,2,0,UEFA Euro,Geneva,Switzerland,True,21319,False,21319,33,44
2008-06-07,Iraq,Australia,1,0,FIFA World Cup qualification,Dubai,United Arab Emirates,True,21319,False,21319,22,2
2008-06-07,Jordan,South Korea,0,1,FIFA World Cup qualification,Amman,Jordan,False,21319,False,21319,25,39
2008-06-08,United States,Argentina,0,0,Friendly,East Rutherford,United States,False,21320,True,21319,45,1
2008-06-08,Austria,Croatia,0,1,UEFA Euro,Vienna,Austria,False,21320,False,21320,3,10
2008-06-11,Switzerland,Turkey,1,2,UEFA Euro,Basel,Switzerland,False,21323,False,21320,42,44
2008-06-11,Czech Republic,Portugal,1,3,UEFA Euro,Geneva,Switzerland,True,21323,False,21323,12,33
2008-06-12,Croatia,Germany,2,1,UEFA Euro,Klagenfurt,Austria,True,21324,False,21323,10,18
2008-06-13,Netherlands,France,4,1,UEFA Euro,Bern,Switzerland,True,21325,False,21324,28,17
2008-06-14,Sweden,Spain,1,2,UEFA Euro,Innsbruck,Austria,True,21326,False,21325,41,40
2008-06-14,Qatar,Australia,1,3,FIFA World Cup qualification,Doha,Qatar,False,21326,False,21326,34,2
2008-06-15,Paraguay,Brazil,2,0,FIFA World Cup qualification,Asunción,Paraguay,False,21327,False,21326,32,6
2008-06-15,Switzerland,Portugal,2,0,UEFA Euro,Basel,Switzerland,False,21327,False,21327,42,33
2008-06-15,Turkey,Czech Republic,3,2,UEFA Euro,Geneva,Switzerland,True,21327,False,21327,44,12
2008-06-15,Haiti,Curaçao,0,0,FIFA World Cup qualification,Port-au-Prince,Haiti,False,21327,False,21327,20,11
2008-06-15,Argentina,Ecuador,1,1,FIFA World Cup qualification,Buenos Aires,Argentina,False,21327,False,21327,1,14
2008-06-16,Austria,Germany,0,1,UEFA Euro,Vienna,Austria,False,21328,False,21327,3,18
2008-06-18,Ecuador,Colombia,0,0,FIFA World Cup qualification,Quito,Ecuador,False,21330,False,21328,14,9
2008-06-18,Brazil,Argentina,0,0,FIFA World Cup qualification,Belo Horizonte,Brazil,False,21330,False,21330,6,1
2008-06-19,Portugal,Germany,2,3,UEFA Euro,Basel,Switzerland,True,21331,False,21330,33,18
2008-06-20,Croatia,Turkey,1,1,UEFA Euro,Vienna,Austria,True,21332,False,21331,10,44
2008-06-22,Iraq,Qatar,0,1,FIFA World Cup qualification,Dubai,United Arab Emirates,True,21334,False,21332,22,34
2008-06-22,Saudi Arabia,Uzbekistan,4,0,FIFA World Cup qualification,Riyadh,Saudi Arabia,False,21334,False,21334,35,47
2008-06-22,Curaçao,Haiti,0,1,FIFA World Cup qualification,Willemstad,Curaçao,False,21334,False,21334,11,20
2008-06-25,Germany,Turkey,3,2,UEFA Euro,Basel,Switzerland,True,21337,False,21334,18,44
2008-06-29,Germany,Spain,0,1,UEFA Euro,Vienna,Austria,True,21341,False,21337,18,40
2008-08-11,Iran,Qatar,6,1,WAFF Championship,Tehran,Iran,False,21384,False,21341,21,34
2008-08-13,Jordan,Qatar,3,0,WAFF Championship,Tehran,Iran,True,21386,False,21384,25,34
2008-08-15,Iran,Jordan,2,1,WAFF Championship,Tehran,Iran,False,21388,False,21386,21,25
2008-08-19,Australia,South Africa,2,2,Friendly,London,England,True,21392,True,21388,2,38
2008-08-20,Saudi Arabia,Paraguay,1,1,Friendly,Nyon,Switzerland,True,21393,True,21392,35,32
2008-08-20,Sweden,France,2,3,Friendly,Gothenburg,Sweden,False,21393,True,21393,41,17
2008-08-20,Colombia,Ecuador,0,1,Friendly,East Rutherford,United States,True,21393,True,21393,9,14
2008-08-20,Germany,Belgium,2,0,Friendly,Nuremberg,Germany,False,21393,True,21393,18,4
2008-08-20,Japan,Uruguay,1,3,Friendly,Sapporo,Japan,False,21393,True,21393,24,46
2008-08-20,England,Czech Republic,2,2,Friendly,London,England,False,21393,True,21393,16,12
2008-08-30,Saudi Arabia,Qatar,2,1,Friendly,Dammam,Saudi Arabia,False,21403,True,21393,35,34
2008-09-05,Algeria,Senegal,3,2,FIFA World Cup qualification,Blida,Algeria,False,21409,False,21403,0,37
2008-09-05,South Korea,Jordan,1,0,Friendly,Seoul,South Korea,False,21409,True,21409,39,25
2008-09-06,Saudi Arabia,Iran,1,1,FIFA World Cup qualification,Riyadh,Saudi Arabia,False,21410,False,21409,35,21
2008-09-06,Qatar,Uzbekistan,3,0,FIFA World Cup qualification,Doha,Qatar,False,21410,False,21410,34,47
2008-09-06,Netherlands,Australia,1,2,Friendly,Eindhoven,Netherlands,False,21410,True,21410,28,2
2008-09-06,Spain,Bosnia and Herzegovina,1,0,FIFA World Cup qualification,Murcia,Spain,False,21410,False,21410,40,5
2008-09-06,Colombia,Uruguay,0,1,FIFA World Cup qualification,Bogotá,Colombia,False,21410,False,21410,9,46
2008-09-06,Argentina,Paraguay,1,1,FIFA World Cup qualification,Buenos Aires,Argentina,False,21410,False,21410,1,32
2008-09-06,Austria,France,3,1,FIFA World Cup qualification,Vienna,Austria,False,21410,False,21410,3,17
2008-09-07,DR Congo,Egypt,0,1,FIFA World Cup qualification,Kinshasa,DR Congo,False,21411,False,21410,13,15
2008-09-10,Turkey,Belgium,1,1,FIFA World Cup qualification,Istanbul,Turkey,False,21414,False,21411,44,4
2008-09-10,Uruguay,Ecuador,0,0,FIFA World Cup qualification,Montevideo,Uruguay,False,21414,False,21414,46,14
2008-09-10,Uzbekistan,Australia,0,1,FIFA World Cup qualification,Tashkent,Uzbekistan,False,21414,False,21414,47,2
2008-09-10,Mexico,Canada,2,1,FIFA World Cup qualification,Tuxtla Gutiérrez,Mexico,False,21414,False,21414,26,7
2008-09-10,Croatia,England,1,4,FIFA World Cup qualification,Zagreb,Croatia,False,21414,False,21414,10,16
2008-10-11,Scotland,Norway,0,0,FIFA World Cup qualification,Glasgow,Scotland,False,21445,False,21414,36,30
2008-10-11,Sweden,Portugal,0,0,FIFA World Cup qualification,Solna,Sweden,False,21445,False,21445,41,33
2008-10-11,Turkey,Bosnia and Herzegovina,2,1,FIFA World Cup qualification,Istanbul,Turkey,False,21445,False,21445,44,5
2008-10-11,South Korea,Uzbekistan,3,0,Friendly,Suwon,South Korea,False,21445,True,21445,39,47
2008-10-11,Argentina,Uruguay,2,1,FIFA World Cup qualification,Buenos Aires,Argentina,False,21445,False,21445,1,46
2008-10-11,Colombia,Paraguay,0,1,FIFA World Cup qualification,Bogotá,Colombia,False,21445,False,21445,9,32
2008-10-14,France,Tunisia,3,1,Friendly,Saint-Denis,France,False,21448,True,21445,17,43
2008-10-15,Japan,Uzbekistan,1,1,FIFA World Cup qualification,Saitama,Japan,False,21449,False,21448,24,47
2008-10-15,Norway,Netherlands,0,1,FIFA World Cup qualification,Oslo,Norway,False,21449,False,21449,30,28
2008-10-15,South Africa,Ghana,2,1,Friendly,Bloemfontein,South Africa,False,21449,True,21449,38,19
2008-10-15,Australia,Qatar,4,0,FIFA World Cup qualification,Brisbane,Australia,False,21449,False,21449,2,34
2008-10-15,Belgium,Spain,1,2,FIFA World Cup qualification,Brussels,Belgium,False,21449,False,21449,4,40
2008-10-15,Canada,Mexico,2,2,FIFA World Cup qualification,Edmonton,Canada,False,21449,False,21449,7,26
2008-10-15,Brazil,Colombia,0,0,FIFA World Cup qualification,Rio de Janeiro,Brazil,False,21449,False,21449,6,9
2008-11-09,Qatar,Iran,0,1,Friendly,Doha,Qatar,False,21474,True,21449,34,21
2008-11-12,Mexico,Ecuador,2,1,Friendly,Phoenix,United States,True,21477,True,21474,26,14
2008-11-19,Saudi Arabia,South Korea,0,2,FIFA World Cup qualification,Riyadh,Saudi Arabia,False,21484,False,21477,35,39
2008-11-19,Qatar,Japan,0,3,FIFA World Cup qualification,Doha,Qatar,False,21484,False,21484,34,24
2008-11-19,Netherlands,Sweden,3,1,Friendly,Amsterdam,Netherlands,False,21484,True,21484,28,41
2008-11-19,Scotland,Argentina,0,1,Friendly,Glasgow,Scotland,False,21484,True,21484,36,1
2008-11-19,Brazil,Portugal,6,2,Friendly,Gama,Brazil,False,21484,True,21484,6,33
2008-11-19,France,Uruguay,0,0,Friendly,Saint-Denis,France,False,21484,True,21484,17,46
2008-11-19,Germany,England,1,2,Friendly,Berlin,Germany,False,21484,True,21484,18,16
2008-11-19,Ghana,Tunisia,0,0,Friendly,Accra,Ghana,False,21484,True,21484,19,43
2008-11-19,Austria,Turkey,2,4,Friendly,Vienna,Austria,False,21484,True,21484,3,44
2008-12-17,Iran,Ecuador,0,1,Friendly,Muscat,Oman,True,21512,True,21484,21,14
2009-01-05,Saudi Arabia,Qatar,0,0,Gulf Cup,Muscat,Oman,True,21531,False,21512,35,34
2009-01-24,United States,Sweden,3,2,Friendly,Carson,United States,False,21550,True,21531,45,41
2009-01-28,Mexico,Sweden,0,1,Friendly,Oakland,United States,True,21554,True,21550,26,41
2009-02-11,Morocco,Czech Republic,0,0,Friendly,Casablanca,Morocco,False,21568,True,21554,27,12
2009-02-11,United States,Mexico,2,0,FIFA World Cup qualification,Columbus,United States,False,21568,False,21568,45,26
2009-02-11,Spain,England,2,0,Friendly,Seville,Spain,False,21568,True,21568,40,16
2009-02-11,Tunisia,Netherlands,1,1,Friendly,Radès,Tunisia,False,21568,True,21568,43,28
2009-02-11,Turkey,Ivory Coast,1,1,Friendly,İzmir,Turkey,False,21568,True,21568,44,23
2009-02-11,Austria,Sweden,0,2,Friendly,Graz,Austria,False,21568,True,21568,3,41
2009-02-11,Colombia,Haiti,2,0,Friendly,Pereira,Colombia,False,21568,True,21568,9,20
2009-02-11,France,Argentina,0,2,Friendly,Marseille,France,False,21568,True,21568,17,1
2009-02-11,Germany,Norway,0,1,Friendly,Düsseldorf,Germany,False,21568,True,21568,18,30
2009-02-11,Iran,South Korea,1,1,FIFA World Cup qualification,Tehran,Iran,False,21568,False,21568,21,39
2009-02-11,Japan,Australia,0,0,FIFA World Cup qualification,Yokohama,Japan,False,21568,False,21568,24,2
2009-02-11,Egypt,Ghana,2,2,Friendly,Cairo,Egypt,False,21568,True,21568,15,19
2009-03-22,Saudi Arabia,Iraq,0,0,Friendly,Riyadh,Saudi Arabia,False,21607,True,21568,35,22
2009-03-28,Netherlands,Scotland,3,0,FIFA World Cup qualification,Amsterdam,Netherlands,False,21613,False,21607,28,36
2009-03-28,Portugal,Sweden,0,0,FIFA World Cup qualification,Porto,Portugal,False,21613,False,21613,33,41
2009-03-28,Spain,Turkey,1,0,FIFA World Cup qualification,Madrid,Spain,False,21613,False,21613,40,44
2009-03-28,Uruguay,Paraguay,2,0,FIFA World Cup qualification,Montevideo,Uruguay,False,21613,False,21613,46,32
2009-03-28,Uzbekistan,Qatar,4,0,FIFA World Cup qualification,Tashkent,Uzbekistan,False,21613,False,21613,47,34
2009-03-28,South Africa,Norway,2,1,Friendly,Rustenburg,South Africa,False,21613,True,21613,38,30
2009-03-28,Belgium,Bosnia and Herzegovina,2,4,FIFA World Cup qualification,Genk,Belgium,False,21613,False,21613,4,5
2009-03-28,Iran,Saudi Arabia,1,2,FIFA World Cup qualification,Tehran,Iran,False,21613,False,21613,21,35
2009-03-28,South Korea,Iraq,2,1,Friendly,Suwon,South Korea,False,21613,True,21613,39,22
2009-03-29,Ecuador,Brazil,1,1,FIFA World Cup qualification,Quito,Ecuador,False,21614,False,21613,14,6
2009-03-31,Panama,Haiti,4,0,Friendly,La Chorrera,Panama,False,21616,True,21614,31,20
2009-03-31,Portugal,South Africa,2,0,Friendly,Lausanne,Switzerland,True,21616,True,21616,33,38
2009-04-01,Turkey,Spain,1,2,FIFA World Cup qualification,Istanbul,Turkey,False,21617,False,21616,44,40
2009-04-01,Ecuador,Paraguay,1,1,FIFA World Cup qualification,Quito,Ecuador,False,21617,False,21617,14,32
2009-04-01,Australia,Uzbekistan,2,0,FIFA World Cup qualification,Sydney,Australia,False,21617,False,21617,2,47
2009-04-01,Bosnia and Herzegovina,Belgium,2,1,FIFA World Cup qualification,Zenica,Bosnia and Herzegovina,False,21617,False,21617,5,4
2009-04-01,Iran,Senegal,1,1,Friendly,Tehran,Iran,False,21617,True,21617,21,37
2009-05-20,Argentina,Panama,3,1,Friendly,Santa Fe,Argentina,False,21666,True,21617,1,31
2009-05-26,Qatar,Saudi Arabia,2,1,Friendly,Doha,Qatar,False,21672,True,21666,34,35
2009-05-31,Qatar,Iraq,1,0,Friendly,Doha,Qatar,False,21677,True,21672,34,22
2009-05-31,Japan,Belgium,4,0,Kirin Cup,Tokyo,Japan,False,21677,False,21677,24,4
2009-06-01,Uzbekistan,Bosnia and Herzegovina,0,0,Friendly,Tashkent,Uzbekistan,False,21678,True,21677,47,5
2009-06-05,France,Turkey,1,0,Friendly,Lyon,France,False,21682,True,21678,17,44
2009-06-06,Qatar,Australia,0,0,FIFA World Cup qualification,Doha,Qatar,False,21683,False,21682,34,2
2009-06-06,Uruguay,Brazil,0,4,FIFA World Cup qualification,Montevideo,Uruguay,False,21683,False,21683,46,6
2009-06-06,Uzbekistan,Japan,0,1,FIFA World Cup qualification,Tashkent,Uzbekistan,False,21683,False,21683,47,24
2009-06-06,Argentina,Colombia,1,0,FIFA World Cup qualification,Buenos Aires,Argentina,False,21683,False,21683,1,9
2009-06-07,Algeria,Egypt,3,1,FIFA World Cup qualification,Blida,Algeria,False,21684,False,21683,0,15
2009-06-10,Japan,Qatar,1,1,FIFA World Cup qualification,Yokohama,Japan,False,21687,False,21684,24,34
2009-06-10,South Korea,Saudi Arabia,0,0,FIFA World Cup qualification,Seoul,South Korea,False,21687,False,21687,39,35
2009-06-10,Netherlands,Norway,2,0,FIFA World Cup qualification,Rotterdam,Netherlands,False,21687,False,21687,28,30
2009-06-10,Brazil,Paraguay,2,1,FIFA World Cup qualification,Recife,Brazil,False,21687,False,21687,6,32
2009-06-10,Ecuador,Argentina,2,0,FIFA World Cup qualification,Quito,Ecuador,False,21687,False,21687,14,1
2009-06-14,New Zealand,Spain,0,5,Confederations Cup,Rustenburg,South Africa,True,21691,False,21687,29,40
2009-06-14,South Africa,Iraq,0,0,Confederations Cup,Johannesburg,South Africa,False,21691,False,21691,38,22
2009-06-15,Brazil,Egypt,4,3,Confederations Cup,Bloemfontein,South Africa,True,21692,False,21691,6,15
2009-06-17,Spain,Iraq,1,0,Confederations Cup,Bloemfontein,South Africa,True,21694,False,21692,40,22
2009-06-17,South Africa,New Zealand,2,0,Confederations Cup,Rustenburg,South Africa,False,21694,False,21694,38,29
2009-06-17,Australia,Japan,2,1,FIFA World Cup qualification,Melbourne,Australia,False,21694,False,21694,2,24
2009-06-17,South Korea,Iran,1,1,FIFA World Cup qualification,Seoul,South Korea,False,21694,False,21694,39,21
2009-06-18,United States,Brazil,0,3,Confederations Cup,Pretoria,South Africa,True,21695,False,21694,45,6
2009-06-19,Haiti,Panama,1,1,Friendly,Port-au-Prince,Haiti,False,21696,True,21695,20,31
2009-06-20,South Africa,Spain,0,2,Confederations Cup,Bloemfontein,South Africa,False,21697,False,21696,38,40
2009-06-20,Iraq,New Zealand,0,0,Confederations Cup,Johannesburg,South Africa,True,21697,False,21697,22,29
2009-06-21,Egypt,United States,0,3,Confederations Cup,Rustenburg,South Africa,True,21698,False,21697,15,45
2009-06-24,Spain,United States,0,2,Confederations Cup,Bloemfontein,South Africa,True,21701,False,21698,40,45
2009-06-25,South Africa,Brazil,0,1,Confederations Cup,Johannesburg,South Africa,False,21702,False,21701,38,6
2009-06-28,United States,Brazil,2,3,Confederations Cup,Johannesburg,South Africa,True,21705,False,21702,45,6
2009-06-28,South Africa,Spain,2,3,Confederations Cup,Rustenburg,South Africa,False,21705,False,21705,38,40
2009-07-09,Mexico,Panama,1,1,Gold Cup,Houston,United States,True,21716,False,21705,26,31
2009-07-11,United States,Haiti,2,2,Gold Cup,Foxborough,United States,False,21718,False,21716,45,20
2009-07-18,United States,Panama,2,1,Gold Cup,Philadelphia,United States,False,21725,False,21718,45,31
2009-07-19,Mexico,Haiti,4,0,Gold Cup,Arlington,United States,True,21726,False,21725,26,20
2009-07-26,United States,Mexico,0,5,Gold Cup,East Rutherford,United States,False,21733,False,21726,45,26
2009-08-12,Mexico,United States,2,1,FIFA World Cup qualification,Mexico City,Mexico,False,21750,False,21733,26,45
2009-08-12,Netherlands,England,2,2,Friendly,Amsterdam,Netherlands,False,21750,True,21750,28,16
2009-08-12,Norway,Scotland,4,0,FIFA World Cup qualification,Oslo,Norway,False,21750,False,21750,30,36
2009-08-12,Tunisia,Ivory Coast,0,0,Friendly,Sousse,Tunisia,False,21750,True,21750,43,23
2009-08-12,Algeria,Uruguay,1,0,Friendly,Algiers,Algeria,False,21750,True,21750,0,46
2009-08-12,DR Congo,Senegal,1,2,Friendly,Blois,France,True,21750,True,21750,13,37
2009-08-12,Czech Republic,Belgium,3,1,Friendly,Teplice,Czech Republic,False,21750,True,21750,12,4
2009-08-12,Bosnia and Herzegovina,Iran,2,3,Friendly,Sarajevo,Bosnia and Herzegovina,False,21750,True,21750,5,21
2009-08-12,South Korea,Paraguay,1,0,Friendly,Seoul,South Korea,False,21750,True,21750,39,32
2009-09-05,South Korea,Australia,3,1,Friendly,Seoul,South Korea,False,21774,True,21750,39,2
2009-09-05,Netherlands,Japan,3,0,Friendly,Enschede,Netherlands,False,21774,True,21774,28,24
2009-09-05,Spain,Belgium,5,0,FIFA World Cup qualification,A Coruña,Spain,False,21774,False,21774,40,4
2009-09-05,Uzbekistan,Iran,0,0,Friendly,Tashkent,Uzbekistan,False,21774,True,21774,47,21
2009-09-05,Argentina,Brazil,1,3,FIFA World Cup qualification,Rosario,Argentina,False,21774,False,21774,1,6
2009-09-05,Colombia,Ecuador,2,0,FIFA World Cup qualification,Medellín,Colombia,False,21774,False,21774,9,14
2009-09-05,Germany,South Africa,2,0,Friendly,Leverkusen,Germany,False,21774,True,21774,18,38
2009-09-09,Scotland,Netherlands,0,1,FIFA World Cup qualification,Glasgow,Scotland,False,21778,False,21774,36,28
2009-09-09,Uruguay,Colombia,3,1,FIFA World Cup qualification,Montevideo,Uruguay,False,21778,False,21778,46,9
2009-09-09,Paraguay,Argentina,1,0,FIFA World Cup qualification,Asunción,Paraguay,False,21778,False,21778,32,1
2009-09-09,England,Croatia,5,1,FIFA World Cup qualification,London,England,False,21778,False,21778,16,10
2009-09-09,Jordan,New Zealand,1,3,Friendly,Amman,Jordan,False,21778,True,21778,25,29
2009-09-09,Bosnia and Herzegovina,Turkey,1,1,FIFA World Cup qualification,Zenica,Bosnia and Herzegovina,False,21778,False,21778,5,44
2009-09-09,Japan,Ghana,4,3,Friendly,Utrecht,Netherlands,True,21778,True,21778,24,19
2009-09-30,Argentina,Ghana,2,0,Friendly,Córdoba,Argentina,False,21799,True,21778,1,19
2009-09-30,Mexico,Colombia,1,2,Friendly,Dallas,United States,True,21799,True,21799,26,9
2009-10-08,Croatia,Qatar,3,2,Friendly,Rijeka,Croatia,False,21807,True,21799,10,34
2009-10-10,Norway,South Africa,1,0,Friendly,Oslo,Norway,False,21809,True,21807,30,38
2009-10-10,Japan,Scotland,2,0,Friendly,Yokohama,Japan,False,21809,True,21809,24,36
2009-10-10,Australia,Netherlands,0,0,Friendly,Sydney,Australia,False,21809,True,21809,2,28
2009-10-10,Belgium,Turkey,2,0,FIFA World Cup qualification,Brussels,Belgium,False,21809,False,21809,4,44
2009-10-10,Ecuador,Uruguay,1,2,FIFA World Cup qualification,Quito,Ecuador,False,21809,False,21809,14,46
2009-10-14,Paraguay,Colombia,0,2,FIFA World Cup qualification,Asunción,Paraguay,False,21813,False,21809,32,9
2009-10-14,Qatar,DR Congo,2,2,Friendly,Saint-Gratien,France,True,21813,True,21813,34,13
2009-10-14,Tunisia,Saudi Arabia,0,1,Friendly,Radès,Tunisia,False,21813,True,21813,43,35
2009-10-14,Uruguay,Argentina,0,1,FIFA World Cup qualification,Montevideo,Uruguay,False,21813,False,21813,46,1
2009-10-14,South Korea,Senegal,2,0,Friendly,Seoul,South Korea,False,21813,True,21813,39,37
2009-10-14,Bosnia and Herzegovina,Spain,2,5,FIFA World Cup qualification,Zenica,Bosnia and Herzegovina,False,21813,False,21813,5,40
2009-10-14,France,Austria,3,1,FIFA World Cup qualification,Saint-Denis,France,False,21813,False,21813,17,3
2009-11-13,Paraguay,Qatar,0,2,Friendly,Rouen,France,True,21843,True,21813,32,34
2009-11-14,Portugal,Bosnia and Herzegovina,1,0,FIFA World Cup qualification,Lisbon,Portugal,False,21844,False,21843,33,5
2009-11-14,South Africa,Japan,0,0,Friendly,Port Elizabeth,South Africa,False,21844,True,21844,38,24
2009-11-14,Spain,Argentina,2,1,Friendly,Madrid,Spain,False,21844,True,21844,40,1
2009-11-14,Switzerland,Norway,0,1,Friendly,Geneva,Switzerland,False,21844,True,21844,42,30
2009-11-14,Iran,Jordan,1,0,AFC Asian Cup qualification,Tehran,Iran,False,21844,False,21844,21,25
2009-11-14,Brazil,England,1,0,Friendly,Doha,Qatar,True,21844,True,21844,6,16
2009-11-14,Egypt,Algeria,2,0,FIFA World Cup qualification,Cairo,Egypt,False,21844,False,21844,15,0
2009-11-17,Belgium,Qatar,2,0,Friendly,Sedan,France,True,21847,True,21844,4,34
2009-11-18,Netherlands,Paraguay,0,0,Friendly,Heerenveen,Netherlands,False,21848,True,21847,28,32
2009-11-18,Austria,Spain,1,5,Friendly,Vienna,Austria,False,21848,True,21848,3,40
2009-11-18,Bosnia and Herzegovina,Portugal,0,1,FIFA World Cup qualification,Zenica,Bosnia and Herzegovina,False,21848,False,21848,5,33
2009-11-18,Germany,Ivory Coast,2,2,Friendly,Gelsenkirchen,Germany,False,21848,True,21848,18,23
2009-11-18,Algeria,Egypt,1,0,FIFA World Cup qualification,Omdurman,Sudan,True,21848,False,21848,0,15
2009-11-22,Jordan,Iran,1,0,AFC Asian Cup qualification,Amman,Jordan,False,21852,False,21848,25,21
2009-12-28,Qatar,Iran,3,2,Friendly,Doha,Qatar,False,21888,True,21852,34,21
2010-01-15,Ivory Coast,Ghana,3,1,African Cup of Nations,Cabinda,Angola,True,21906,False,21888,23,19
2010-01-24,Ivory Coast,Algeria,2,3,African Cup of Nations,Cabinda,Angola,True,21915,False,21906,23,0
2010-01-28,Algeria,Egypt,0,4,African Cup of Nations,Benguela,Angola,True,21919,False,21915,0,15
2010-01-31,Ghana,Egypt,0,1,African Cup of Nations,Luanda,Angola,True,21922,False,21919,19,15
2010-02-14,Japan,South Korea,1,3,EAFF Championship,Tokyo,Japan,False,21936,False,21922,24,39
2010-03-03,Netherlands,United States,2,1,Friendly,Amsterdam,Netherlands,False,21953,True,21936,28,45
2010-03-03,Mexico,New Zealand,2,0,Friendly,Pasadena,United States,True,21953,True,21953,26,29
2010-03-03,Scotland,Czech Republic,1,0,Friendly,Glasgow,Scotland,False,21953,True,21953,36,12
2010-03-03,Switzerland,Uruguay,1,3,Friendly,St. Gallen,Switzerland,False,21953,True,21953,42,46
2010-03-03,Belgium,Croatia,0,1,Friendly,Brussels,Belgium,False,21953,True,21953,4,10
2010-03-03,Bosnia and Herzegovina,Ghana,2,1,Friendly,Sarajevo,Bosnia and Herzegovina,False,21953,True,21953,5,19
2010-03-03,England,Egypt,3,1,Friendly,London,England,False,21953,True,21953,16,15
2010-03-03,Ivory Coast,South Korea,0,2,Friendly,London,England,True,21953,True,21953,23,39
2010-03-03,Germany,Argentina,0,1,Friendly,Munich,Germany,False,21953,True,21953,18,1
2010-03-03,France,Spain,0,2,Friendly,Saint-Denis,France,False,21953,True,21953,17,40
2010-03-31,Paraguay,South Africa,1,1,Friendly,Asunción,Paraguay,False,21981,True,21953,32,38
2010-05-05,Argentina,Haiti,4,0,Friendly,Cutral Có,Argentina,False,22016,True,21981,1,20
2010-05-07,Mexico,Ecuador,0,0,Friendly,East Rutherford,United States,True,22018,True,22016,26,14
2010-05-10,Mexico,Senegal,1,0,Friendly,Chicago,United States,True,22021,True,22018,26,37
2010-05-16,South Korea,Ecuador,2,0,Friendly,Seoul,South Korea,False,22027,True,22021,39,14
2010-05-19,Austria,Croatia,0,1,Friendly,Klagenfurt,Austria,False,22030,True,22027,3,10
2010-05-21,DR Congo,Saudi Arabia,0,2,Friendly,Schwaz,Austria,True,22032,True,22030,13,35
2010-05-22,Turkey,Czech Republic,2,1,Friendly,Harrison,United States,True,22033,True,22032,44,12
2010-05-24,Japan,South Korea,0,2,Friendly,Saitama,Japan,False,22035,True,22033,24,39
2010-05-24,Portugal,Cape Verde,0,0,Friendly,Covilhã,Portugal,False,22035,True,22035,33,8
2010-05-24,Australia,New Zealand,2,1,Friendly,Melbourne,Australia,False,22035,True,22035,2,29
2010-05-24,Argentina,Canada,5,0,Friendly,Buenos Aires,Argentina,False,22035,True,22035,1,7
2010-05-24,England,Mexico,3,1,Friendly,London,England,False,22035,True,22035,16,26
2010-05-25,United States,Czech Republic,2,4,Friendly,East Hartford,United States,False,22036,True,22035,45,12
2010-05-26,Netherlands,Mexico,2,1,Friendly,Freiburg,Germany,True,22037,True,22036,28,26
2010-05-27,South Africa,Colombia,2,1,Friendly,Johannesburg,South Africa,False,22038,True,22037,38,9
2010-05-29,Sweden,Bosnia and Herzegovina,4,2,Friendly,Solna,Sweden,False,22040,True,22038,41,5
2010-05-29,Spain,Saudi Arabia,3,2,Friendly,Innsbruck,Austria,True,22040,True,22040,40,35
2010-05-29,United States,Turkey,2,1,Friendly,Philadelphia,United States,False,22040,True,22040,45,44
2010-05-30,Tunisia,France,1,1,Friendly,Radès,Tunisia,False,22041,True,22040,43,17
2010-05-30,Paraguay,Ivory Coast,2,2,Friendly,Thonon-les-Bains,France,True,22041,True,22041,32,23
2010-05-30,Japan,England,1,2,Friendly,Graz,Austria,True,22041,True,22041,24,16
2010-06-01,Netherlands,Ghana,4,1,Friendly,Rotterdam,Netherlands,False,22043,True,22041,28,19
2010-06-03,Germany,Bosnia and Herzegovina,3,1,Friendly,Frankfurt,Germany,False,22045,True,22043,18,5
2010-06-03,Spain,South Korea,1,0,Friendly,Innsbruck,Austria,True,22045,True,22045,40,39
2010-06-04,Japan,Ivory Coast,0,2,Friendly,Sion,Switzerland,True,22046,True,22045,24,23
2010-06-05,Australia,United States,1,3,Friendly,Roodepoort,South Africa,True,22047,True,22046,2,45
2010-06-11,Uruguay,France,0,0,FIFA World Cup,Cape Town,South Africa,True,22053,False,22047,46,17
2010-06-11,South Africa,Mexico,1,1,FIFA World Cup,Johannesburg,South Africa,False,22053,False,22053,38,26
2010-06-12,England,United States,1,1,FIFA World Cup,Rustenburg,South Africa,True,22054,False,22053,16,45
2010-06-13,Germany,Australia,4,0,FIFA World Cup,Durban,South Africa,True,22055,False,22054,18,2
2010-06-15,Ivory Coast,Portugal,0,0,FIFA World Cup,Port Elizabeth,South Africa,True,22057,False,22055,23,33
2010-06-16,Spain,Switzerland,0,1,FIFA World Cup,Durban,South Africa,True,22058,False,22057,40,42
2010-06-16,South Africa,Uruguay,0,3,FIFA World Cup,Pretoria,South Africa,False,22058,False,22058,38,46
2010-06-17,Argentina,South Korea,4,1,FIFA World Cup,Johannesburg,South Africa,True,22059,False,22058,1,39
2010-06-17,France,Mexico,0,2,FIFA World Cup,Polokwane,South Africa,True,22059,False,22059,17,26
2010-06-18,England,Algeria,0,0,FIFA World Cup,Cape Town,South Africa,True,22060,False,22059,16,0
2010-06-19,Netherlands,Japan,1,0,FIFA World Cup,Durban,South Africa,True,22061,False,22060,28,24
2010-06-19,Ghana,Australia,1,1,FIFA World Cup,Rustenburg,South Africa,True,22061,False,22061,19,2
2010-06-20,Brazil,Ivory Coast,3,1,FIFA World Cup,Johannesburg,South Africa,True,22062,False,22061,6,23
2010-06-22,Mexico,Uruguay,0,1,FIFA World Cup,Rustenburg,South Africa,True,22064,False,22062,26,46
2010-06-22,South Africa,France,2,1,FIFA World Cup,Bloemfontein,South Africa,False,22064,False,22064,38,17
2010-06-23,Ghana,Germany,0,1,FIFA World Cup,Johannesburg,South Africa,True,22065,False,22064,19,18
2010-06-23,United States,Algeria,1,0,FIFA World Cup,Pretoria,South Africa,True,22065,False,22065,45,0
2010-06-24,Paraguay,New Zealand,0,0,FIFA World Cup,Polokwane,South Africa,True,22066,False,22065,32,29
2010-06-25,Portugal,Brazil,0,0,FIFA World Cup,Durban,South Africa,True,22067,False,22066,33,6
2010-06-26,Uruguay,South Korea,2,1,FIFA World Cup,Port Elizabeth,South Africa,True,22068,False,22067,46,39
2010-06-26,United States,Ghana,1,2,FIFA World Cup,Rustenburg,South Africa,True,22068,False,22068,45,19
2010-06-27,Argentina,Mexico,3,1,FIFA World Cup,Johannesburg,South Africa,True,22069,False,22068,1,26
2010-06-27,Germany,England,4,1,FIFA World Cup,Bloemfontein,South Africa,True,22069,False,22069,18,16
2010-06-29,Paraguay,Japan,0,0,FIFA World Cup,Pretoria,South Africa,True,22071,False,22069,32,24
2010-06-29,Spain,Portugal,1,0,FIFA World Cup,Cape Town,South Africa,True,22071,False,22071,40,33
2010-07-02,Uruguay,Ghana,1,1,FIFA World Cup,Johannesburg,South Africa,True,22074,False,22071,46,19
2010-07-02,Netherlands,Brazil,2,1,FIFA World Cup,Port Elizabeth,South Africa,True,22074,False,22074,28,6
2010-07-03,Argentina,Germany,0,4,FIFA World Cup,Cape Town,South Africa,True,22075,False,22074,1,18
2010-07-03,Paraguay,Spain,0,1,FIFA World Cup,Johannesburg,South Africa,True,22075,False,22075,32,40
2010-07-06,Uruguay,Netherlands,2,3,FIFA World Cup,Cape Town,South Africa,True,22078,False,22075,46,28
2010-07-07,Germany,Spain,0,1,FIFA World Cup,Durban,South Africa,True,22079,False,22078,18,40
2010-07-10,Uruguay,Germany,2,3,FIFA World Cup,Port Elizabeth,South Africa,True,22082,False,22079,46,18
2010-07-11,Netherlands,Spain,0,1,FIFA World Cup,Johannesburg,South Africa,True,22083,False,22082,28,40
2010-08-10,Bosnia and Herzegovina,Qatar,1,1,Friendly,Sarajevo,Bosnia and Herzegovina,False,22113,True,22083,5,34
2010-08-10,United States,Brazil,0,2,Friendly,East Rutherford,United States,False,22113,True,22113,45,6
2010-08-11,Norway,France,2,1,Friendly,Oslo,Norway,False,22114,True,22113,30,17
2010-08-11,Mexico,Spain,1,1,Friendly,Mexico City,Mexico,False,22114,True,22114,26,40
2010-08-11,South Africa,Ghana,1,0,Friendly,Johannesburg,South Africa,False,22114,True,22114,38,19
2010-08-11,Sweden,Scotland,3,0,Friendly,Solna,Sweden,False,22114,True,22114,41,36
2010-08-11,Senegal,Cape Verde,1,0,Friendly,Dakar,Senegal,False,22114,True,22114,37,8
2010-08-11,Austria,Switzerland,0,1,Friendly,Klagenfurt,Austria,False,22114,True,22114,3,42
2010-08-11,Egypt,DR Congo,6,3,Friendly,Cairo,Egypt,False,22114,True,22114,15,13
2010-09-03,Switzerland,Australia,0,0,Friendly,St. Gallen,Switzerland,False,22137,True,22114,42,2
2010-09-03,Belgium,Germany,0,1,UEFA Euro qualification,Brussels,Belgium,False,22137,False,22137,4,18
2010-09-04,Mexico,Ecuador,1,2,Friendly,Zapopan,Mexico,False,22138,True,22137,26,14
2010-09-04,Japan,Paraguay,1,0,Friendly,Yokohama,Japan,False,22138,True,22138,24,32
2010-09-05,DR Congo,Senegal,2,4,African Cup of Nations qualification,Lubumbashi,DR Congo,False,22139,False,22138,13,37
2010-09-07,Mexico,Colombia,1,0,Friendly,Monterrey,Mexico,False,22141,True,22139,26,9
2010-09-07,Norway,Portugal,1,0,UEFA Euro qualification,Oslo,Norway,False,22141,False,22141,30,33
2010-09-07,Bosnia and Herzegovina,France,0,2,UEFA Euro qualification,Sarajevo,Bosnia and Herzegovina,False,22141,False,22141,5,17
2010-09-07,Switzerland,England,1,3,UEFA Euro qualification,Basel,Switzerland,False,22141,False,22141,42,16
2010-09-07,Turkey,Belgium,3,2,UEFA Euro qualification,Istanbul,Turkey,False,22141,False,22141,44,4
2010-09-07,South Korea,Iran,0,1,Friendly,Seoul,South Korea,False,22141,True,22141,39,21
2010-09-07,Argentina,Spain,4,1,Friendly,Buenos Aires,Argentina,False,22141,True,22141,1,40
2010-09-16,Jordan,Iraq,4,1,Friendly,Amman,Jordan,False,22150,True,22141,25,22
2010-10-01,Iran,Iraq,2,1,WAFF Championship,Amman,Jordan,True,22165,False,22150,21,22
2010-10-07,Iran,Brazil,0,3,Friendly,Abu Dhabi,United Arab Emirates,True,22171,True,22165,21,6
2010-10-08,Japan,Argentina,1,0,Friendly,Saitama,Japan,False,22172,True,22171,24,1
2010-10-08,Colombia,Ecuador,1,0,Friendly,Harrison,United States,True,22172,True,22172,9,14
2010-10-08,Germany,Turkey,3,0,UEFA Euro qualification,Berlin,Germany,False,22172,False,22172,18,44
2010-10-08,Czech Republic,Scotland,1,0,UEFA Euro qualification,Prague,Czech Republic,False,22172,False,22172,12,36
2010-10-09,Saudi Arabia,Uzbekistan,4,0,Friendly,Jeddah,Saudi Arabia,False,22173,True,22172,35,47
2010-10-09,Australia,Paraguay,1,0,Friendly,Sydney,Australia,False,22173,True,22173,2,32
2010-10-12,South Korea,Japan,0,0,Friendly,Seoul,South Korea,False,22176,True,22173,39,24
2010-10-12,Netherlands,Sweden,4,1,UEFA Euro qualification,Amsterdam,Netherlands,False,22176,False,22176,28,41
2010-10-12,New Zealand,Paraguay,0,2,Friendly,Wellington,New Zealand,False,22176,True,22176,29,32
2010-10-12,Scotland,Spain,2,3,UEFA Euro qualification,Glasgow,Scotland,False,22176,False,22176,36,40
2010-10-12,United States,Colombia,0,0,Friendly,Chester,United States,False,22176,True,22176,45,9
2010-10-12,Belgium,Austria,4,4,UEFA Euro qualification,Brussels,Belgium,False,22176,False,22176,4,3
2010-10-12,Qatar,Iraq,1,2,Friendly,Doha,Qatar,False,22176,True,22176,34,22
2010-10-12,Croatia,Norway,2,1,Friendly,Zagreb,Croatia,False,22176,True,22176,10,30
2010-11-17,Netherlands,Turkey,1,0,Friendly,Amsterdam,Netherlands,False,22212,True,22176,28,44
2010-11-17,South Africa,United States,0,1,Friendly,Cape Town,South Africa,False,22212,True,22212,38,45
2010-11-17,Portugal,Spain,4,0,Friendly,Lisbon,Portugal,False,22212,True,22212,33,40
2010-11-17,Saudi Arabia,Ghana,0,0,Friendly,Dubai,United Arab Emirates,True,22212,True,22212,35,19
2010-11-17,Sweden,Germany,0,0,Friendly,Gothenburg,Sweden,False,22212,True,22212,41,18
2010-11-17,Argentina,Brazil,1,0,Friendly,Doha,Qatar,True,22212,True,22212,1,6
2010-11-17,Egypt,Australia,3,0,Friendly,Cairo,Egypt,False,22212,True,22212,15,2
2010-11-17,England,France,1,2,Friendly,London,England,False,22212,True,22212,16,17
2010-11-18,Qatar,Haiti,0,1,Friendly,Doha,Qatar,False,22213,True,22212,34,20
2010-11-28,Qatar,Saudi Arabia,1,1,Gulf Cup,Aden,Yemen,True,22223,False,22213,34,35
2010-12-16,Qatar,Egypt,2,1,Friendly,Doha,Qatar,False,22241,True,22223,34,15
2010-12-28,Saudi Arabia,Iraq,0,1,Friendly,Dammam,Saudi Arabia,False,22253,True,22241,35,22
2011-01-02,Jordan,Uzbekistan,2,2,Friendly,Dubai,United Arab Emirates,True,22258,True,22253,25,47
2011-01-07,Qatar,Uzbekistan,0,2,AFC Asian Cup,Doha,Qatar,False,22263,False,22258,34,47
2011-01-09,Japan,Jordan,1,1,AFC Asian Cup,Doha,Qatar,True,22265,False,22263,24,25
2011-01-11,Iraq,Iran,1,2,AFC Asian Cup,Al Rayyan,Qatar,True,22267,False,22265,22,21
2011-01-13,Jordan,Saudi Arabia,1,0,AFC Asian Cup,Al Rayyan,Qatar,True,22269,False,22267,25,35
2011-01-14,Australia,South Korea,1,1,AFC Asian Cup,Doha,Qatar,True,22270,False,22269,2,39
2011-01-17,Saudi Arabia,Japan,0,5,AFC Asian Cup,Al Rayyan,Qatar,True,22273,False,22270,35,24
2011-01-21,Qatar,Japan,2,3,AFC Asian Cup,Doha,Qatar,False,22277,False,22273,34,24
2011-01-21,Uzbekistan,Jordan,2,1,AFC Asian Cup,Doha,Qatar,True,22277,False,22277,47,25
2011-01-22,Iran,South Korea,0,1,AFC Asian Cup,Doha,Qatar,True,22278,False,22277,21,39
2011-01-22,Australia,Iraq,1,0,AFC Asian Cup,Doha,Qatar,True,22278,False,22278,2,22
2011-01-25,Uzbekistan,Australia,0,6,AFC Asian Cup,Doha,Qatar,True,22281,False,22278,47,2
2011-01-25,Japan,South Korea,2,2,AFC Asian Cup,Doha,Qatar,True,22281,False,22281,24,39
2011-01-28,Uzbekistan,South Korea,2,3,AFC Asian Cup,Doha,Qatar,True,22284,False,22281,47,39
2011-01-29,Australia,Japan,0,1,AFC Asian Cup,Doha,Qatar,True,22285,False,22284,2,24
2011-02-09,Netherlands,Austria,3,1,Friendly,Eindhoven,Netherlands,False,22296,True,22285,28,3
2011-02-09,Mexico,Bosnia and Herzegovina,2,0,Friendly,Atlanta,United States,True,22296,True,22296,26,5
2011-02-09,Spain,Colombia,1,0,Friendly,Madrid,Spain,False,22296,True,22296,40,9
2011-02-09,Turkey,South Korea,0,0,Friendly,Trabzon,Turkey,False,22296,True,22296,44,39
2011-02-09,Argentina,Portugal,2,1,Friendly,Geneva,Switzerland,True,22296,True,22296,1,33
2011-02-09,Croatia,Czech Republic,4,2,Friendly,Pula,Croatia,False,22296,True,22296,10,12
2011-02-09,France,Brazil,1,0,Friendly,Saint-Denis,France,False,22296,True,22296,17,6
2011-03-25,Spain,Czech Republic,2,1,UEFA Euro qualification,Granada,Spain,False,22340,False,22296,40,12
2011-03-25,Austria,Belgium,0,2,UEFA Euro qualification,Vienna,Austria,False,22340,False,22340,3,4
2011-03-26,Mexico,Paraguay,3,1,Friendly,Oakland,United States,True,22341,True,22340,26,32
2011-03-26,South Africa,Egypt,1,0,African Cup of Nations qualification,Johannesburg,South Africa,False,22341,False,22341,38,15
2011-03-26,United States,Argentina,1,1,Friendly,East Rutherford,United States,False,22341,True,22341,45,1
2011-03-26,Colombia,Ecuador,2,0,Friendly,Madrid,Spain,True,22341,True,22341,9,14
2011-03-27,Brazil,Scotland,2,0,Friendly,London,England,True,22342,True,22341,6,36
2011-03-27,Algeria,Morocco,1,0,African Cup of Nations qualification,Annaba,Algeria,False,22342,False,22342,0,27
2011-03-29,United States,Paraguay,0,1,Friendly,Nashville,United States,False,22344,True,22342,45,32
2011-03-29,Turkey,Austria,2,0,UEFA Euro qualification,Istanbul,Turkey,False,22344,False,22344,44,3
2011-03-29,England,Ghana,1,1,Friendly,London,England,False,22344,True,22344,16,19
2011-03-29,France,Croatia,0,0,Friendly,Saint-Denis,France,False,22344,True,22344,17,10
2011-03-29,Germany,Australia,1,2,Friendly,Mönchengladbach,Germany,False,22344,True,22344,18,2
2011-04-20,Argentina,Ecuador,2,2,Friendly,Mar del Plata,Argentina,False,22366,True,22344,1,14
2011-05-25,Argentina,Paraguay,4,2,Friendly,Resistencia,Argentina,False,22401,True,22366,1,32
2011-05-28,Mexico,Ecuador,1,1,Friendly,Seattle,United States,True,22404,True,22401,26,14
2011-05-29,Germany,Uruguay,2,1,Friendly,Sinsheim,Germany,False,22405,True,22404,18,46
2011-06-01,Mexico,New Zealand,3,0,Friendly,Denver,United States,True,22408,True,22405,26,29
2011-06-01,Canada,Ecuador,2,2,Friendly,Toronto,Canada,False,22408,True,22408,7,14
2011-06-03,Belgium,Turkey,1,1,UEFA Euro qualification,Brussels,Belgium,False,22410,False,22408,4,44
2011-06-03,Austria,Germany,1,2,UEFA Euro qualification,Vienna,Austria,False,22410,False,22410,3,18
2011-06-04,Portugal,Norway,1,0,UEFA Euro qualification,Lisbon,Portugal,False,22411,False,22410,33,30
2011-06-04,Morocco,Algeria,4,0,African Cup of Nations qualification,Marrakesh,Morocco,False,22411,False,22411,27,0
2011-06-04,England,Switzerland,2,2,UEFA Euro qualification,London,England,False,22411,False,22411,16,42
2011-06-04,Brazil,Netherlands,0,0,Friendly,Goiânia,Brazil,False,22411,True,22411,6,28
2011-06-04,United States,Spain,0,4,Friendly,Foxborough,United States,False,22411,True,22411,45,40
2011-06-05,Australia,New Zealand,3,0,Friendly,Adelaide,Australia,False,22412,True,22411,2,29
2011-06-05,Egypt,South Africa,0,0,African Cup of Nations qualification,Cairo,Egypt,False,22412,False,22412,15,38
2011-06-07,United States,Canada,2,0,Gold Cup,Detroit,United States,False,22414,False,22412,45,7
2011-06-07,South Korea,Ghana,2,1,Friendly,Jeonju,South Korea,False,22414,True,22414,39,19
2011-06-07,Japan,Czech Republic,0,0,Kirin Cup,Yokohama,Japan,False,22414,False,22414,24,12
2011-06-08,Uruguay,Netherlands,1,1,Copa Confraternidad,Montevideo,Uruguay,False,22415,False,22414,46,28
2011-06-11,United States,Panama,1,2,Gold Cup,Tampa,United States,False,22418,False,22415,45,31
2011-06-14,Canada,Panama,1,1,Gold Cup,Kansas City,United States,True,22421,False,22418,7,31
2011-06-22,United States,Panama,1,0,Gold Cup,Houston,United States,False,22429,False,22421,45,31
2011-06-25,United States,Mexico,2,4,Gold Cup,Pasadena,United States,False,22432,False,22429,45,26
2011-06-25,Colombia,Senegal,2,0,Friendly,Medellín,Colombia,False,22432,True,22432,9,37
2011-07-03,Paraguay,Ecuador,0,0,Copa América,Santa Fe,Argentina,True,22440,False,22432,32,14
2011-07-06,Argentina,Colombia,0,0,Copa América,Santa Fe,Argentina,False,22443,False,22440,1,9
2011-07-09,Brazil,Paraguay,2,2,Copa América,Córdoba,Argentina,True,22446,False,22443,6,32
2011-07-12,Uruguay,Mexico,1,0,Copa América,La Plata,Argentina,True,22449,False,22446,46,26
2011-07-13,Brazil,Ecuador,4,2,Copa América,Córdoba,Argentina,True,22450,False,22449,6,14
2011-07-13,Jordan,Saudi Arabia,1,1,Friendly,Amman,Jordan,False,22450,True,22450,25,35
2011-07-16,Argentina,Uruguay,1,1,Copa América,Santa Fe,Argentina,False,22453,False,22450,1,46
2011-07-16,Jordan,Iraq,1,1,Friendly,Amman,Jordan,False,22453,True,22453,25,22
2011-07-17,Brazil,Paraguay,0,0,Copa América,La Plata,Argentina,True,22454,False,22453,6,32
2011-07-24,Uruguay,Paraguay,3,0,Copa América,Buenos Aires,Argentina,True,22461,False,22454,46,32
2011-08-10,Norway,Czech Republic,3,0,Friendly,Oslo,Norway,False,22478,True,22461,30,12
2011-08-10,Senegal,Morocco,0,2,Friendly,Dakar,Senegal,False,22478,True,22478,37,27
2011-08-10,United States,Mexico,1,1,Friendly,Philadelphia,United States,False,22478,True,22478,45,26
2011-08-10,Japan,South Korea,3,0,Friendly,Sapporo,Japan,False,22478,True,22478,24,39
2011-08-10,Germany,Brazil,3,2,Friendly,Stuttgart,Germany,False,22478,True,22478,18,6
2011-08-19,Qatar,Iraq,0,1,Friendly,Doha,Qatar,False,22487,True,22478,34,22
2011-08-22,Jordan,Tunisia,3,3,Friendly,Amman,Jordan,False,22490,True,22487,25,43
2011-09-02,Panama,Paraguay,0,2,Friendly,Panama City,Panama,False,22501,True,22490,31,32
2011-09-02,Iraq,Jordan,0,2,FIFA World Cup qualification,Erbil,Iraq,False,22501,False,22501,22,25
2011-09-02,Germany,Austria,6,2,UEFA Euro qualification,Gelsenkirchen,Germany,False,22501,False,22501,18,3
2011-09-03,Senegal,DR Congo,2,0,African Cup of Nations qualification,Dakar,Senegal,False,22502,False,22501,37,13
2011-09-03,Scotland,Czech Republic,2,2,UEFA Euro qualification,Glasgow,Scotland,False,22502,False,22502,36,12
2011-09-05,Brazil,Ghana,1,0,Friendly,London,England,True,22504,True,22502,6,19
2011-09-06,Qatar,Iran,1,1,FIFA World Cup qualification,Doha,Qatar,False,22505,False,22504,34,21
2011-09-06,Saudi Arabia,Australia,1,3,FIFA World Cup qualification,Riyadh,Saudi Arabia,False,22505,False,22505,35,2
2011-09-06,Uzbekistan,Japan,1,1,FIFA World Cup qualification,Tashkent,Uzbekistan,False,22505,False,22505,47,24
2011-09-06,Austria,Turkey,0,0,UEFA Euro qualification,Vienna,Austria,False,22505,False,22505,3,44
2011-09-06,Belgium,United States,1,0,Friendly,Brussels,Belgium,False,22505,True,22505,4,45
2011-09-06,Curaçao,Haiti,2,4,FIFA World Cup qualification,Willemstad,Curaçao,False,22505,False,22505,11,20
2011-09-14,Argentina,Brazil,0,0,Superclásico de las Américas,Córdoba,Argentina,False,22513,False,22505,1,6
2011-09-28,Brazil,Argentina,2,0,Superclásico de las Américas,Belém,Brazil,False,22527,False,22513,6,1
2011-10-07,Turkey,Germany,1,3,UEFA Euro qualification,Istanbul,Turkey,False,22536,False,22527,44,18
2011-10-07,Czech Republic,Spain,0,2,UEFA Euro qualification,Prague,Czech Republic,False,22536,False,22536,12,40
2011-10-11,Mexico,Brazil,1,2,Friendly,Torreón,Mexico,False,22540,True,22536,26,6
2011-10-11,Paraguay,Uruguay,1,1,FIFA World Cup qualification,Asunción,Paraguay,False,22540,False,22540,32,46
2011-10-11,Spain,Scotland,3,1,UEFA Euro qualification,Alicante,Spain,False,22540,False,22540,40,36
2011-10-11,Sweden,Netherlands,3,2,UEFA Euro qualification,Solna,Sweden,False,22540,False,22540,41,28
2011-10-11,United States,Ecuador,0,1,Friendly,Harrison,United States,False,22540,True,22540,45,14
2011-10-11,France,Bosnia and Herzegovina,1,1,UEFA Euro qualification,Saint-Denis,France,False,22540,False,22540,17,5
2011-10-11,Germany,Belgium,3,1,UEFA Euro qualification,Düsseldorf,Germany,False,22540,False,22540,18,4
2011-10-11,Haiti,Curaçao,2,2,FIFA World Cup qualification,Port-au-Prince,Haiti,False,22540,False,22540,20,11
2011-11-11,Netherlands,Switzerland,0,0,Friendly,Amsterdam,Netherlands,False,22571,True,22540,28,42
2011-11-11,Paraguay,Ecuador,2,1,FIFA World Cup qualification,Asunción,Paraguay,False,22571,False,22571,32,14
2011-11-11,Turkey,Croatia,0,3,UEFA Euro qualification,Istanbul,Turkey,False,22571,False,22571,44,10
2011-11-11,Bosnia and Herzegovina,Portugal,0,0,UEFA Euro qualification,Zenica,Bosnia and Herzegovina,False,22571,False,22571,5,33
2011-11-11,France,United States,1,0,Friendly,Saint-Denis,France,False,22571,True,22571,17,45
2011-11-12,Algeria,Tunisia,1,0,Friendly,Algiers,Algeria,False,22572,True,22571,0,43
2011-11-12,England,Spain,1,0,Friendly,London,England,False,22572,True,22572,16,40
2011-11-12,South Africa,Ivory Coast,1,1,Friendly,Port Elizabeth,South Africa,False,22572,True,22572,38,23
2011-11-14,Brazil,Egypt,2,0,Friendly,Al Rayyan,Qatar,True,22574,True,22572,6,15
2011-11-15,Portugal,Bosnia and Herzegovina,6,2,UEFA Euro qualification,Lisbon,Portugal,False,22575,False,22574,33,5
2011-11-15,Jordan,Iraq,1,3,FIFA World Cup qualification,Amman,Jordan,False,22575,False,22575,25,22
2011-11-15,Colombia,Argentina,1,2,FIFA World Cup qualification,Barranquilla,Colombia,False,22575,False,22575,9,1
2011-11-15,Croatia,Turkey,0,0,UEFA Euro qualification,Zagreb,Croatia,False,22575,False,22575,10,44
2011-11-15,Germany,Netherlands,3,0,Friendly,Hamburg,Germany,False,22575,True,22575,18,28
2011-11-15,England,Sweden,1,0,Friendly,London,England,False,22575,True,22575,16,41
2011-11-15,France,Belgium,0,0,Friendly,Saint-Denis,France,False,22575,True,22575,17,4
2012-01-13,Tunisia,Ivory Coast,0,2,Friendly,Abu Dhabi,United Arab Emirates,True,22634,True,22575,43,23
2012-01-23,Morocco,Tunisia,1,2,African Cup of Nations,Libreville,Gabon,True,22644,False,22634,27,43
2012-01-25,Panama,United States,0,1,Friendly,Panama City,Panama,False,22646,True,22644,31,45
2012-02-05,Ghana,Tunisia,2,1,African Cup of Nations,Franceville,Gabon,True,22657,False,22646,19,43
2012-02-23,Iran,Jordan,2,2,Friendly,Dubai,United Arab Emirates,True,22675,True,22657,21,25
2012-02-25,South Korea,Uzbekistan,4,2,Friendly,Jeonju,South Korea,False,22677,True,22675,39,47
2012-02-28,Bosnia and Herzegovina,Brazil,1,2,Friendly,St. Gallen,Switzerland,True,22680,True,22677,5,6
2012-02-29,Switzerland,Argentina,1,3,Friendly,Bern,Switzerland,False,22681,True,22680,42,1
2012-02-29,South Africa,Senegal,0,0,Friendly,Durban,South Africa,False,22681,True,22681,38,37
2012-02-29,Paraguay,Panama,1,0,Friendly,Asunción,Paraguay,False,22681,True,22681,32,31
2012-02-29,Mexico,Colombia,0,2,Friendly,Miami Gardens,United States,True,22681,True,22681,26,9
2012-02-29,Australia,Saudi Arabia,4,2,FIFA World Cup qualification,Melbourne,Australia,False,22681,False,22681,2,35
2012-02-29,Croatia,Sweden,1,3,Friendly,Zagreb,Croatia,False,22681,True,22681,10,41
2012-02-29,Japan,Uzbekistan,0,1,FIFA World Cup qualification,Toyota,Japan,False,22681,False,22681,24,47
2012-02-29,Iran,Qatar,2,2,FIFA World Cup qualification,Tehran,Iran,False,22681,False,22681,21,34
2012-02-29,Germany,France,1,2,Friendly,Bremen,Germany,False,22681,True,22681,18,17
2012-02-29,England,Netherlands,2,3,Friendly,London,England,False,22681,True,22681,16,28
2012-03-02,Egypt,DR Congo,0,0,Friendly,Doha,Qatar,True,22683,True,22681,15,13
2012-04-17,Egypt,Iraq,0,0,Friendly,Dubai,United Arab Emirates,True,22729,True,22683,15,22
2012-05-25,Morocco,Senegal,0,1,Friendly,Marrakesh,Morocco,False,22767,True,22729,27,37
2012-05-26,United States,Scotland,5,1,Friendly,Jacksonville,United States,False,22768,True,22767,45,36
2012-05-26,Switzerland,Germany,5,3,Friendly,Basel,Switzerland,False,22768,True,22768,42,18
2012-05-26,Norway,England,0,1,Friendly,Oslo,Norway,False,22768,True,22768,30,16
2012-05-30,Spain,South Korea,4,1,Friendly,Bern,Switzerland,True,22772,True,22768,40,39
2012-05-30,United States,Brazil,1,4,Friendly,"Washington, D.C.",United States,False,22772,True,22772,45,6
2012-05-31,Mexico,Bosnia and Herzegovina,2,1,Friendly,Chicago,United States,True,22773,True,22772,26,5
2012-06-02,Norway,Croatia,1,1,Friendly,Oslo,Norway,False,22775,True,22773,30,10
2012-06-02,Portugal,Turkey,1,3,Friendly,Lisbon,Portugal,False,22775,True,22775,33,44
2012-06-02,Argentina,Ecuador,4,0,FIFA World Cup qualification,Buenos Aires,Argentina,False,22775,False,22775,1,14
2012-06-02,England,Belgium,1,0,Friendly,London,England,False,22775,True,22775,16,4
2012-06-03,Uzbekistan,Iran,0,1,FIFA World Cup qualification,Tashkent,Uzbekistan,False,22776,False,22775,47,21
2012-06-03,Mexico,Brazil,2,0,Friendly,Arlington,United States,True,22776,True,22776,26,6
2012-06-03,Jordan,Iraq,1,1,FIFA World Cup qualification,Amman,Jordan,False,22776,False,22776,25,22
2012-06-03,Canada,United States,0,0,Friendly,Toronto,Canada,False,22776,True,22776,7,45
2012-06-08,Qatar,South Korea,1,4,FIFA World Cup qualification,Doha,Qatar,False,22781,False,22776,34,39
2012-06-08,Japan,Jordan,6,0,FIFA World Cup qualification,Saitama,Japan,False,22781,False,22781,24,25
2012-06-09,Morocco,Ivory Coast,2,2,FIFA World Cup qualification,Marrakesh,Morocco,False,22782,False,22781,27,23
2012-06-09,Germany,Portugal,1,0,UEFA Euro,Lviv,Ukraine,True,22782,False,22782,18,33
2012-06-09,Brazil,Argentina,3,4,Friendly,East Rutherford,United States,True,22782,True,22782,6,1
2012-06-09,Cape Verde,Tunisia,1,2,FIFA World Cup qualification,Praia,Cape Verde,False,22782,False,22782,8,43
2012-06-10,Ecuador,Colombia,1,0,FIFA World Cup qualification,Quito,Ecuador,False,22783,False,22782,14,9
2012-06-11,France,England,1,1,UEFA Euro,Donetsk,Ukraine,True,22784,False,22783,17,16
2012-06-12,Iran,Qatar,0,0,FIFA World Cup qualification,Tehran,Iran,False,22785,False,22784,21,34
2012-06-12,Australia,Japan,1,1,FIFA World Cup qualification,Brisbane,Australia,False,22785,False,22785,2,24
2012-06-13,Netherlands,Germany,1,2,UEFA Euro,Kharkiv,Ukraine,True,22786,False,22785,28,18
2012-06-15,Sweden,England,2,3,UEFA Euro,Kyiv,Ukraine,True,22788,False,22786,41,16
2012-06-17,Portugal,Netherlands,2,1,UEFA Euro,Kharkiv,Ukraine,True,22790,False,22788,33,28
2012-06-18,Croatia,Spain,0,1,UEFA Euro,Gdańsk,Poland,True,22791,False,22790,10,40
2012-06-18,Saudi Arabia,Morocco,4,0,Friendly,Taif,Saudi Arabia,False,22791,True,22791,35,27
2012-06-19,Sweden,France,2,0,UEFA Euro,Kyiv,Ukraine,True,22792,False,22791,41,17
2012-06-21,Czech Republic,Portugal,0,1,UEFA Euro,Warsaw,Poland,True,22794,False,22792,12,33
2012-06-23,Spain,France,2,0,UEFA Euro,Donetsk,Ukraine,True,22796,False,22794,40,17
2012-06-27,Portugal,Spain,0,0,UEFA Euro,Donetsk,Ukraine,True,22800,False,22796,33,40
2012-07-05,Saudi Arabia,Iraq,0,1,Arab Cup,Jeddah,Saudi Arabia,False,22808,False,22800,35,22
2012-08-13,Jordan,Uzbekistan,0,1,Friendly,Amman,Jordan,False,22847,True,22808,25,47
2012-08-15,Jordan,Uzbekistan,2,0,Friendly,Amman,Jordan,False,22849,True,22847,25,47
2012-08-15,Mexico,United States,0,1,Friendly,Mexico City,Mexico,False,22849,True,22849,26,45
2012-08-15,Sweden,Brazil,0,3,Friendly,Solna,Sweden,False,22849,True,22849,41,6
2012-08-15,Portugal,Panama,2,0,Friendly,Faro,Portugal,False,22849,True,22849,33,31
2012-08-15,Scotland,Australia,3,1,Friendly,Edinburgh,Scotland,False,22849,True,22849,36,2
2012-08-15,Iran,Tunisia,2,2,Friendly,Kecskemét,Hungary,True,22849,True,22849,21,43
2012-08-15,Austria,Turkey,2,0,Friendly,Vienna,Austria,False,22849,True,22849,3,44
2012-08-15,Belgium,Netherlands,4,2,Friendly,Brussels,Belgium,False,22849,True,22849,4,28
2012-08-15,France,Uruguay,0,0,Friendly,Le Havre,France,False,22849,True,22849,17,46
2012-08-15,Germany,Argentina,1,3,Friendly,Frankfurt,Germany,False,22849,True,22849,18,1
2012-08-15,Croatia,Switzerland,2,4,Friendly,Split,Croatia,False,22849,True,22849,10,42
2012-09-05,Jordan,Iran,0,0,Friendly,Amman,Jordan,False,22870,True,22849,25,21
2012-09-07,Spain,Saudi Arabia,5,0,Friendly,Pontevedra,Spain,False,22872,True,22870,40,35
2012-09-07,Netherlands,Turkey,2,0,FIFA World Cup qualification,Amsterdam,Netherlands,False,22872,False,22872,28,44
2012-09-07,Argentina,Paraguay,3,1,FIFA World Cup qualification,Córdoba,Argentina,False,22872,False,22872,1,32
2012-09-07,Brazil,South Africa,1,0,Friendly,São Paulo,Brazil,False,22872,True,22872,6,38
2012-09-07,Canada,Panama,1,0,FIFA World Cup qualification,Toronto,Canada,False,22872,False,22872,7,31
2012-09-07,Colombia,Uruguay,4,0,FIFA World Cup qualification,Barranquilla,Colombia,False,22872,False,22872,9,46
2012-09-08,Ivory Coast,Senegal,4,2,African Cup of Nations qualification,Abidjan,Ivory Coast,False,22873,False,22872,23,37
2012-09-11,Uzbekistan,South Korea,2,2,FIFA World Cup qualification,Tashkent,Uzbekistan,False,22876,False,22873,47,39
2012-09-11,Panama,Canada,2,0,FIFA World Cup qualification,Panama City,Panama,False,22876,False,22876,31,7
2012-09-11,Uruguay,Ecuador,1,1,FIFA World Cup qualification,Montevideo,Uruguay,False,22876,False,22876,46,14
2012-09-11,Austria,Germany,1,2,FIFA World Cup qualification,Vienna,Austria,False,22876,False,22876,3,18
2012-09-11,Belgium,Croatia,1,1,FIFA World Cup qualification,Brussels,Belgium,False,22876,False,22876,4,10
2012-09-11,Jordan,Australia,2,1,FIFA World Cup qualification,Amman,Jordan,False,22876,False,22876,25,2
2012-09-11,Japan,Iraq,1,0,FIFA World Cup qualification,Saitama,Japan,False,22876,False,22876,24,22
2012-09-19,Brazil,Argentina,2,1,Superclásico de las Américas,Goiânia,Brazil,False,22884,False,22876,6,1
2012-10-11,Brazil,Iraq,6,0,Friendly,Malmö,Sweden,True,22906,True,22884,6,22
2012-10-12,Switzerland,Norway,1,1,FIFA World Cup qualification,Bern,Switzerland,False,22907,False,22906,42,30
2012-10-12,Colombia,Paraguay,2,0,FIFA World Cup qualification,Barranquilla,Colombia,False,22907,False,22907,9,32
2012-10-12,Argentina,Uruguay,3,0,FIFA World Cup qualification,Mendoza,Argentina,False,22907,False,22907,1,46
2012-10-12,France,Japan,0,1,Friendly,Saint-Denis,France,False,22907,True,22907,17,24
2012-10-13,Senegal,Ivory Coast,0,2,African Cup of Nations qualification,Dakar,Senegal,False,22908,False,22907,37,23
2012-10-16,Spain,France,1,1,FIFA World Cup qualification,Madrid,Spain,False,22911,False,22908,40,17
2012-10-16,Japan,Brazil,0,4,Friendly,Wrocław,Poland,True,22911,True,22911,24,6
2012-10-16,Qatar,Uzbekistan,0,1,FIFA World Cup qualification,Doha,Qatar,False,22911,False,22911,34,47
2012-10-16,Belgium,Scotland,2,0,FIFA World Cup qualification,Brussels,Belgium,False,22911,False,22911,4,36
2012-10-16,Iraq,Australia,1,2,FIFA World Cup qualification,Doha,Qatar,True,22911,False,22911,22,2
2012-10-16,Iran,South Korea,1,0,FIFA World Cup qualification,Tehran,Iran,False,22911,False,22911,21,39
2012-10-16,Germany,Sweden,4,4,FIFA World Cup qualification,Berlin,Germany,False,22911,False,22911,18,41
2012-10-16,Egypt,Tunisia,0,1,Friendly,Abu Dhabi,United Arab Emirates,True,22911,True,22911,15,43
2012-11-14,Panama,Spain,1,5,Friendly,Panama City,Panama,False,22940,True,22911,31,40
2012-11-14,Netherlands,Germany,0,0,Friendly,Amsterdam,Netherlands,False,22940,True,22940,28,18
2012-11-14,Saudi Arabia,Argentina,0,0,Friendly,Riyadh,Saudi Arabia,False,22940,True,22940,35,1
2012-11-14,Sweden,England,4,2,Friendly,Solna,Sweden,False,22940,True,22940,41,16
2012-11-14,Tunisia,Switzerland,1,2,Friendly,Sousse,Tunisia,False,22940,True,22940,43,42
2012-11-14,Algeria,Bosnia and Herzegovina,0,1,Friendly,Algiers,Algeria,False,22940,True,22940,0,5
2012-11-14,Austria,Ivory Coast,0,3,Friendly,Linz,Austria,False,22940,True,22940,3,23
2012-11-14,Brazil,Colombia,1,1,Friendly,East Rutherford,United States,True,22940,True,22940,6,9
2012-11-14,Cape Verde,Ghana,0,1,Friendly,Lisbon,Portugal,True,22940,True,22940,8,19
2012-11-14,Iraq,Jordan,1,0,FIFA World Cup qualification,Doha,Qatar,True,22940,False,22940,22,25
2012-11-14,Iran,Uzbekistan,0,1,FIFA World Cup qualification,Tehran,Iran,False,22940,False,22940,21,47
2012-11-14,South Korea,Australia,1,2,Friendly,Hwaseong,South Korea,False,22940,True,22940,39,2
2012-11-21,Argentina,Brazil,2,1,Superclásico de las Américas,Buenos Aires,Argentina,False,22947,False,22940,1,6
2012-12-09,Iran,Saudi Arabia,0,0,WAFF Championship,Kuwait City,Kuwait,True,22965,False,22947,21,35
2012-12-10,Iraq,Jordan,1,0,WAFF Championship,Al Farwaniyah,Kuwait,True,22966,False,22965,22,25
2012-12-28,Qatar,Egypt,0,2,Friendly,Doha,Qatar,False,22984,True,22966,34,15
2012-12-30,Iraq,Tunisia,1,2,Friendly,Baghdad,Iraq,False,22986,True,22984,22,43
2013-01-06,Saudi Arabia,Iraq,0,2,Gulf Cup,Isa Town,Bahrain,True,22993,False,22986,35,22
2013-01-08,South Africa,Norway,0,1,Friendly,Cape Town,South Africa,False,22995,True,22993,38,30
2013-01-10,Ghana,Egypt,3,0,Friendly,Abu Dhabi,United Arab Emirates,True,22997,True,22995,19,15
2013-01-12,South Africa,Algeria,0,0,Friendly,Johannesburg,South Africa,False,22999,True,22997,38,0
2013-01-13,Ghana,Tunisia,4,2,Friendly,Abu Dhabi,United Arab Emirates,True,23000,True,22999,19,43
2013-01-14,Ivory Coast,Egypt,4,2,Friendly,Abu Dhabi,United Arab Emirates,True,23001,True,23000,23,15
2013-01-19,South Africa,Cape Verde,0,0,African Cup of Nations,Johannesburg,South Africa,False,23006,False,23001,38,8
2013-01-20,Ghana,DR Congo,2,2,African Cup of Nations,Port Elizabeth,South Africa,True,23007,False,23006,19,13
2013-01-22,Tunisia,Algeria,1,0,African Cup of Nations,Rustenburg,South Africa,True,23009,False,23007,43,0
2013-01-23,Morocco,Cape Verde,1,1,African Cup of Nations,Durban,South Africa,True,23010,False,23009,27,8
2013-01-26,Ivory Coast,Tunisia,3,0,African Cup of Nations,Rustenburg,South Africa,True,23013,False,23010,23,43
2013-01-27,South Africa,Morocco,2,2,African Cup of Nations,Durban,South Africa,False,23014,False,23013,38,27
2013-01-29,United States,Canada,0,0,Friendly,Houston,United States,False,23016,True,23014,45,7
2013-01-30,Algeria,Ivory Coast,2,2,African Cup of Nations,Rustenburg,South Africa,True,23017,False,23016,0,23
2013-02-02,Ghana,Cape Verde,2,0,African Cup of Nations,Port Elizabeth,South Africa,True,23020,False,23017,19,8
2013-02-06,Portugal,Ecuador,2,3,Friendly,Guimarães,Portugal,False,23024,True,23020,33,14
2013-02-06,Spain,Uruguay,3,1,Friendly,Doha,Qatar,True,23024,True,23024,40,46
2013-02-06,Sweden,Argentina,2,3,Friendly,Solna,Sweden,False,23024,True,23024,41,1
2013-02-06,Turkey,Czech Republic,0,2,Friendly,Manisa,Turkey,False,23024,True,23024,44,12
2013-02-06,Croatia,South Korea,4,0,Friendly,London,England,True,23024,True,23024,10,39
2013-02-06,England,Brazil,2,1,Friendly,London,England,False,23024,True,23024,16,6
2013-02-06,France,Germany,1,2,Friendly,Saint-Denis,France,False,23024,True,23024,17,18
2013-03-07,Qatar,Egypt,3,1,Friendly,Doha,Qatar,False,23053,True,23024,34,15
2013-03-22,Uruguay,Paraguay,1,1,FIFA World Cup qualification,Montevideo,Uruguay,False,23068,False,23053,46,32
2013-03-22,Japan,Canada,2,1,Friendly,Doha,Qatar,True,23068,True,23068,24,7
2013-03-26,Mexico,United States,0,0,FIFA World Cup qualification,Mexico City,Mexico,False,23072,False,23068,26,45
2013-03-26,South Korea,Qatar,2,1,FIFA World Cup qualification,Seoul,South Korea,False,23072,False,23072,39,34
2013-03-26,Ecuador,Paraguay,4,1,FIFA World Cup qualification,Quito,Ecuador,False,23072,False,23072,14,32
2013-03-26,Jordan,Japan,2,1,FIFA World Cup qualification,Amman,Jordan,False,23072,False,23072,25,24
2013-03-26,France,Spain,0,1,FIFA World Cup qualification,Saint-Denis,France,False,23072,False,23072,17,40
2013-05-29,Ecuador,Germany,2,4,Friendly,Boca Raton,United States,True,23136,True,23072,14,18
2013-05-29,United States,Belgium,2,4,Friendly,Cleveland,United States,False,23136,True,23136,45,4
2013-06-02,Brazil,England,2,2,Friendly,Rio de Janeiro,Brazil,False,23140,True,23136,6,16
2013-06-02,United States,Germany,4,3,Friendly,"Washington, D.C.",United States,False,23140,True,23140,45,18
2013-06-04,Qatar,Iran,0,1,FIFA World Cup qualification,Doha,Qatar,False,23142,False,23140,34,21
2013-06-04,Japan,Australia,1,1,FIFA World Cup qualification,Saitama,Japan,False,23142,False,23142,24,2
2013-06-05,Uruguay,France,1,0,Friendly,Montevideo,Uruguay,False,23143,True,23142,46,17
2013-06-07,Panama,Mexico,0,0,FIFA World Cup qualification,Panama City,Panama,False,23145,False,23143,31,26
2013-06-07,Argentina,Colombia,0,0,FIFA World Cup qualification,Buenos Aires,Argentina,False,23145,False,23145,1,9
2013-06-07,Austria,Sweden,2,1,FIFA World Cup qualification,Vienna,Austria,False,23145,False,23145,3,41
2013-06-07,Croatia,Scotland,0,1,FIFA World Cup qualification,Zagreb,Croatia,False,23145,False,23145,10,36
2013-06-08,Haiti,Spain,1,2,Friendly,Miami Gardens,United States,True,23146,True,23145,20,40
2013-06-09,Brazil,France,3,0,Friendly,Porto Alegre,Brazil,False,23147,True,23146,6,17
2013-06-10,Croatia,Portugal,0,1,Friendly,Geneva,Switzerland,True,23148,True,23147,10,33
2013-06-11,United States,Panama,2,0,FIFA World Cup qualification,Seattle,United States,False,23149,False,23148,45,31
2013-06-11,South Korea,Uzbekistan,1,0,FIFA World Cup qualification,Seoul,South Korea,False,23149,False,23149,39,47
2013-06-11,Iraq,Japan,0,1,FIFA World Cup qualification,Doha,Qatar,True,23149,False,23149,22,24
2013-06-11,Ecuador,Argentina,1,1,FIFA World Cup qualification,Quito,Ecuador,False,23149,False,23149,14,1
2013-06-11,Australia,Jordan,4,0,FIFA World Cup qualification,Melbourne,Australia,False,23149,False,23149,2,25
2013-06-12,Ghana,Ivory Coast,2,1,Friendly,Kumasi,Ghana,False,23150,True,23149,19,23
2013-06-14,Ghana,Ivory Coast,1,1,Friendly,Obuasi,Ghana,False,23152,True,23150,19,23
2013-06-15,Brazil,Japan,3,0,Confederations Cup,Brasília,Brazil,False,23153,False,23152,6,24
2013-06-16,Spain,Uruguay,2,1,Confederations Cup,Recife,Brazil,True,23154,False,23153,40,46
2013-06-18,Uzbekistan,Qatar,5,1,FIFA World Cup qualification,Tashkent,Uzbekistan,False,23156,False,23154,47,34
2013-06-18,South Korea,Iran,0,1,FIFA World Cup qualification,Ulsan,South Korea,False,23156,False,23156,39,21
2013-06-18,Australia,Iraq,1,0,FIFA World Cup qualification,Sydney,Australia,False,23156,False,23156,2,22
2013-06-19,Brazil,Mexico,2,0,Confederations Cup,Fortaleza,Brazil,False,23157,False,23156,6,26
2013-06-22,Japan,Mexico,1,2,Confederations Cup,Belo Horizonte,Brazil,True,23160,False,23157,24,26
2013-06-26,Brazil,Uruguay,2,1,Confederations Cup,Belo Horizonte,Brazil,False,23164,False,23160,6,46
2013-06-30,Brazil,Spain,3,0,Confederations Cup,Rio de Janeiro,Brazil,False,23168,False,23164,6,40
2013-07-07,Mexico,Panama,1,2,Gold Cup,Pasadena,United States,True,23175,False,23168,26,31
2013-07-11,Mexico,Canada,2,0,Gold Cup,Seattle,United States,True,23179,False,23175,26,7
2013-07-14,Panama,Canada,0,0,Gold Cup,Denver,United States,True,23182,False,23179,31,7
2013-07-20,South Korea,Australia,0,0,EAFF Championship,Seoul,South Korea,False,23188,False,23182,39,2
2013-07-24,Panama,Mexico,2,1,Gold Cup,Arlington,United States,True,23192,False,23188,31,26
2013-07-25,Japan,Australia,3,2,EAFF Championship,Hwaseong,South Korea,True,23193,False,23192,24,2
2013-07-28,South Korea,Japan,1,2,EAFF Championship,Seoul,South Korea,False,23196,False,23193,39,24
2013-07-28,United States,Panama,1,0,Gold Cup,Chicago,United States,False,23196,False,23196,45,31
2013-08-14,Mexico,Ivory Coast,4,1,Friendly,East Rutherford,United States,True,23213,True,23196,26,23
2013-08-14,Portugal,Netherlands,1,1,Friendly,Faro,Portugal,False,23213,True,23213,33,28
2013-08-14,Sweden,Norway,4,2,Friendly,Solna,Sweden,False,23213,True,23213,41,30
2013-08-14,Switzerland,Brazil,1,0,Friendly,Basel,Switzerland,False,23213,True,23213,42,6
2013-08-14,Turkey,Ghana,2,2,Friendly,Istanbul,Turkey,False,23213,True,23213,44,19
2013-08-14,Belgium,France,0,0,Friendly,Brussels,Belgium,False,23213,True,23213,4,17
2013-08-14,Bosnia and Herzegovina,United States,3,4,Friendly,Sarajevo,Bosnia and Herzegovina,False,23213,True,23213,5,45
2013-08-14,England,Scotland,3,2,Friendly,London,England,False,23213,True,23213,16,36
2013-08-14,Germany,Paraguay,3,3,Friendly,Kaiserslautern,Germany,False,23213,True,23213,18,32
2013-08-14,Japan,Uruguay,2,4,Friendly,Rifu,Japan,False,23213,True,23213,24,46
2013-08-14,Ecuador,Spain,0,2,Friendly,Guayaquil,Ecuador,False,23213,True,23213,14,40
2013-09-05,Saudi Arabia,New Zealand,0,1,OSN Cup,Riyadh,Saudi Arabia,False,23235,False,23213,35,29
2013-09-06,Scotland,Belgium,0,2,FIFA World Cup qualification,Glasgow,Scotland,False,23236,False,23235,36,4
2013-09-06,Colombia,Ecuador,1,0,FIFA World Cup qualification,Barranquilla,Colombia,False,23236,False,23236,9,14
2013-09-06,South Korea,Haiti,4,1,Friendly,Incheon,South Korea,False,23236,True,23236,39,20
2013-09-06,Germany,Austria,3,0,FIFA World Cup qualification,Munich,Germany,False,23236,False,23236,18,3
2013-09-06,Jordan,Uzbekistan,1,1,FIFA World Cup qualification,Amman,Jordan,False,23236,False,23236,25,47
2013-09-07,Tunisia,Cape Verde,3,0,FIFA World Cup qualification,Radès,Tunisia,False,23237,False,23236,43,8
2013-09-07,Brazil,Australia,6,0,Friendly,Brasília,Brazil,False,23237,True,23237,6,2
2013-09-07,Ivory Coast,Morocco,1,1,FIFA World Cup qualification,Abidjan,Ivory Coast,False,23237,False,23237,23,27
2013-09-10,Paraguay,Argentina,2,5,FIFA World Cup qualification,Asunción,Paraguay,False,23240,False,23237,32,1
2013-09-10,Norway,Switzerland,0,2,FIFA World Cup qualification,Oslo,Norway,False,23240,False,23240,30,42
2013-09-10,Uruguay,Colombia,2,0,FIFA World Cup qualification,Montevideo,Uruguay,False,23240,False,23240,46,9
2013-09-10,United States,Mexico,2,0,FIFA World Cup qualification,Columbus,United States,False,23240,False,23240,45,26
2013-09-10,Uzbekistan,Jordan,1,1,FIFA World Cup qualification,Tashkent,Uzbekistan,False,23240,False,23240,47,25
2013-09-10,South Korea,Croatia,1,2,Friendly,Jeonju,South Korea,False,23240,True,23240,39,10
2013-09-10,Brazil,Portugal,3,1,Friendly,Foxborough,United States,True,23240,True,23240,6,33
2013-09-10,Japan,Ghana,3,1,Friendly,Saitama,Japan,False,23240,True,23240,24,19
2013-10-11,Mexico,Panama,2,1,FIFA World Cup qualification,Mexico City,Mexico,False,23271,False,23240,26,31
2013-10-11,Sweden,Austria,2,1,FIFA World Cup qualification,Solna,Sweden,False,23271,False,23271,41,3
2013-10-11,Morocco,South Africa,1,1,Friendly,Agadir,Morocco,False,23271,True,23271,27,38
2013-10-11,Croatia,Belgium,1,2,FIFA World Cup qualification,Zagreb,Croatia,False,23271,False,23271,10,4
2013-10-11,Ecuador,Uruguay,1,0,FIFA World Cup qualification,Quito,Ecuador,False,23271,False,23271,14,46
2013-10-11,France,Australia,6,0,Friendly,Saint-Denis,France,False,23271,True,23271,17,2
2013-10-12,South Korea,Brazil,0,2,Friendly,Seoul,South Korea,False,23272,True,23271,39,6
2013-10-12,Ivory Coast,Senegal,3,1,FIFA World Cup qualification,Abidjan,Ivory Coast,False,23272,False,23272,23,37
2013-10-15,Paraguay,Colombia,1,2,FIFA World Cup qualification,Asunción,Paraguay,False,23275,False,23272,32,9
2013-10-15,Panama,United States,2,3,FIFA World Cup qualification,Panama City,Panama,False,23275,False,23275,31,45
2013-10-15,Uruguay,Argentina,3,2,FIFA World Cup qualification,Montevideo,Uruguay,False,23275,False,23275,46,1
2013-10-15,Scotland,Croatia,2,0,FIFA World Cup qualification,Glasgow,Scotland,False,23275,False,23275,36,10
2013-10-15,Sweden,Germany,3,5,FIFA World Cup qualification,Solna,Sweden,False,23275,False,23275,41,18
2013-10-15,Turkey,Netherlands,0,2,FIFA World Cup qualification,Istanbul,Turkey,False,23275,False,23275,44,28
2013-10-15,Australia,Canada,3,0,Friendly,London,England,True,23275,True,23275,2,7
2013-10-15,Iraq,Saudi Arabia,0,2,AFC Asian Cup qualification,Amman,Jordan,True,23275,False,23275,22,35
2013-10-15,Ghana,Egypt,6,1,FIFA World Cup qualification,Kumasi,Ghana,False,23275,False,23275,19,15
2013-11-13,Mexico,New Zealand,5,1,FIFA World Cup qualification,Mexico City,Mexico,False,23304,False,23275,26,29
2013-11-13,Jordan,Uruguay,0,5,FIFA World Cup qualification,Amman,Jordan,False,23304,False,23304,25,46
2013-11-14,Belgium,Colombia,0,2,Friendly,Brussels,Belgium,False,23305,True,23304,4,9
2013-11-15,Portugal,Sweden,1,0,FIFA World Cup qualification,Lisbon,Portugal,False,23306,False,23305,33,41
2013-11-15,Saudi Arabia,Iraq,2,1,AFC Asian Cup qualification,Dammam,Saudi Arabia,False,23306,False,23306,35,22
2013-11-15,Scotland,United States,0,0,Friendly,Glasgow,Scotland,False,23306,True,23306,36,45
2013-11-15,South Korea,Switzerland,2,1,Friendly,Seoul,South Korea,False,23306,True,23306,39,42
2013-11-15,Argentina,Ecuador,0,0,Friendly,East Rutherford,United States,True,23306,True,23306,1,14
2013-11-15,Czech Republic,Canada,2,0,Friendly,Olomouc,Czech Republic,False,23306,True,23306,12,7
2013-11-16,Senegal,Ivory Coast,1,1,FIFA World Cup qualification,Casablanca,Morocco,True,23307,False,23306,37,23
2013-11-16,Netherlands,Japan,2,2,Friendly,Genk,Belgium,True,23307,True,23307,28,24
2013-11-18,Argentina,Bosnia and Herzegovina,2,0,Friendly,St. Louis,United States,True,23309,True,23307,1,5
2013-11-19,Netherlands,Colombia,0,0,Friendly,Amsterdam,Netherlands,False,23310,True,23309,28,9
2013-11-19,Norway,Scotland,0,1,Friendly,Molde,Norway,False,23310,True,23310,30,36
2013-11-19,South Africa,Spain,1,0,Friendly,Johannesburg,South Africa,False,23310,True,23310,38,40
2013-11-19,Sweden,Portugal,2,3,FIFA World Cup qualification,Solna,Sweden,False,23310,False,23310,41,33
2013-11-19,Austria,United States,1,0,Friendly,Vienna,Austria,False,23310,True,23310,3,45
2013-11-19,Belgium,Japan,2,3,Friendly,Brussels,Belgium,False,23310,True,23310,4,24
2013-11-19,Egypt,Ghana,2,1,FIFA World Cup qualification,Cairo,Egypt,False,23310,False,23310,15,19
2013-11-19,England,Germany,0,1,Friendly,London,England,False,23310,True,23310,16,18
2013-11-20,New Zealand,Mexico,2,4,FIFA World Cup qualification,Wellington,New Zealand,False,23311,False,23310,29,26
2013-11-20,Uruguay,Jordan,0,0,FIFA World Cup qualification,Montevideo,Uruguay,False,23311,False,23311,46,25
2013-12-31,Qatar,Saudi Arabia,4,1,WAFF Championship,Doha,Qatar,False,23352,False,23311,34,35
2014-01-07,Qatar,Jordan,2,0,WAFF Championship,Doha,Qatar,False,23359,False,23352,34,25
2014-01-29,Mexico,South Korea,4,0,Friendly,San Antonio,United States,True,23381,True,23359,26,39
2014-02-01,United States,South Korea,2,0,Friendly,Carson,United States,False,23384,True,23381,45,39
2014-03-05,South Africa,Brazil,0,5,Friendly,Johannesburg,South Africa,False,23416,True,23384,38,6
2014-03-05,Switzerland,Croatia,2,2,Friendly,St. Gallen,Switzerland,False,23416,True,23416,42,10
2014-03-05,Turkey,Sweden,2,1,Friendly,Ankara,Turkey,False,23416,True,23416,44,41
2014-03-05,Australia,Ecuador,3,4,Friendly,London,England,True,23416,True,23416,2,14
2014-03-05,Austria,Uruguay,1,1,Friendly,Klagenfurt,Austria,False,23416,True,23416,3,46
2014-03-05,Belgium,Ivory Coast,2,2,Friendly,Brussels,Belgium,False,23416,True,23416,4,23
2014-03-05,Bosnia and Herzegovina,Egypt,0,2,Friendly,Innsbruck,Austria,True,23416,True,23416,5,15
2014-03-05,Colombia,Tunisia,1,1,Friendly,Barcelona,Spain,True,23416,True,23416,9,43
2014-03-05,Japan,New Zealand,4,2,Friendly,Tokyo,Japan,False,23416,True,23416,24,29
2014-03-05,Czech Republic,Norway,2,2,Friendly,Prague,Czech Republic,False,23416,True,23416,12,30
2014-03-05,France,Netherlands,2,0,Friendly,Saint-Denis,France,False,23416,True,23416,17,28
2014-05-17,Netherlands,Ecuador,1,1,Friendly,Amsterdam,Netherlands,False,23489,True,23416,28,14
2014-05-26,Australia,South Africa,1,1,Friendly,Sydney,Australia,False,23498,True,23489,2,38
2014-05-27,France,Norway,4,0,Friendly,Saint-Denis,France,False,23499,True,23498,17,30
2014-05-28,South Korea,Tunisia,0,1,Friendly,Seoul,South Korea,False,23500,True,23499,39,43
2014-05-30,New Zealand,South Africa,0,0,Friendly,Auckland,New Zealand,False,23502,True,23500,29,38
2014-05-30,Bosnia and Herzegovina,Ivory Coast,2,1,Friendly,St. Louis,United States,True,23502,True,23502,5,23
2014-05-31,Mexico,Ecuador,3,1,Friendly,Arlington,United States,True,23503,True,23502,26,14
2014-05-31,Netherlands,Ghana,1,0,Friendly,Rotterdam,Netherlands,False,23503,True,23503,28,19
2014-05-31,Colombia,Senegal,2,2,Friendly,Buenos Aires,Argentina,True,23503,True,23503,9,37
2014-06-01,United States,Turkey,2,1,Friendly,Harrison,United States,False,23504,True,23503,45,44
2014-06-01,Sweden,Belgium,0,2,Friendly,Solna,Sweden,False,23504,True,23504,41,4
2014-06-01,France,Paraguay,1,1,Friendly,Nice,France,False,23504,True,23504,17,32
2014-06-03,Mexico,Bosnia and Herzegovina,0,1,Friendly,Chicago,United States,True,23506,True,23504,26,5
2014-06-03,Czech Republic,Austria,1,2,Friendly,Olomouc,Czech Republic,False,23506,True,23506,12,3
2014-06-03,Brazil,Panama,4,0,Friendly,Goiânia,Brazil,False,23506,True,23506,6,31
2014-06-04,Ecuador,England,2,2,Friendly,Miami Gardens,United States,True,23507,True,23506,14,16
2014-06-06,Mexico,Portugal,0,1,Friendly,Foxborough,United States,True,23509,True,23507,26,33
2014-06-06,Colombia,Jordan,3,0,Friendly,Buenos Aires,Argentina,True,23509,True,23509,9,25
2014-06-06,Croatia,Australia,1,0,Friendly,Salvador,Brazil,True,23509,True,23509,10,2
2014-06-07,Belgium,Tunisia,1,0,Friendly,Brussels,Belgium,False,23510,True,23509,4,43
2014-06-09,Ghana,South Korea,4,0,Friendly,Miami Gardens,United States,True,23512,True,23510,19,39
2014-06-12,Brazil,Croatia,3,1,FIFA World Cup,São Paulo,Brazil,False,23515,False,23512,6,10
2014-06-13,Spain,Netherlands,1,5,FIFA World Cup,Salvador,Brazil,True,23516,False,23515,40,28
2014-06-14,Ivory Coast,Japan,2,1,FIFA World Cup,Recife,Brazil,True,23517,False,23516,23,24
2014-06-15,Argentina,Bosnia and Herzegovina,2,1,FIFA World Cup,Rio de Janeiro,Brazil,True,23518,False,23517,1,5
2014-06-15,Switzerland,Ecuador,2,1,FIFA World Cup,Brasília,Brazil,True,23518,False,23518,42,14
2014-06-16,Germany,Portugal,4,0,FIFA World Cup,Salvador,Brazil,True,23519,False,23518,18,33
2014-06-16,Ghana,United States,1,2,FIFA World Cup,Natal,Brazil,True,23519,False,23519,19,45
2014-06-17,Belgium,Algeria,2,1,FIFA World Cup,Belo Horizonte,Brazil,True,23520,False,23519,4,0
2014-06-17,Brazil,Mexico,0,0,FIFA World Cup,Fortaleza,Brazil,False,23520,False,23520,6,26
2014-06-18,Australia,Netherlands,2,3,FIFA World Cup,Curitiba,Brazil,True,23521,False,23520,2,28
2014-06-19,Colombia,Ivory Coast,2,1,FIFA World Cup,Brasília,Brazil,True,23522,False,23521,9,23
2014-06-19,Uruguay,England,2,1,FIFA World Cup,São Paulo,Brazil,True,23522,False,23522,46,16
2014-06-20,Switzerland,France,2,5,FIFA World Cup,Salvador,Brazil,True,23523,False,23522,42,17
2014-06-21,Argentina,Iran,1,0,FIFA World Cup,Belo Horizonte,Brazil,True,23524,False,23523,1,21
2014-06-21,Germany,Ghana,2,2,FIFA World Cup,Fortaleza,Brazil,True,23524,False,23524,18,19
2014-06-22,South Korea,Algeria,2,4,FIFA World Cup,Porto Alegre,Brazil,True,23525,False,23524,39,0
2014-06-22,United States,Portugal,2,2,FIFA World Cup,Manaus,Brazil,True,23525,False,23525,45,33
2014-06-23,Australia,Spain,0,3,FIFA World Cup,Curitiba,Brazil,True,23526,False,23525,2,40
2014-06-23,Croatia,Mexico,1,3,FIFA World Cup,Recife,Brazil,True,23526,False,23526,10,26
2014-06-24,Japan,Colombia,1,4,FIFA World Cup,Cuiabá,Brazil,True,23527,False,23526,24,9
2014-06-25,Bosnia and Herzegovina,Iran,3,1,FIFA World Cup,Salvador,Brazil,True,23528,False,23527,5,21
2014-06-25,Ecuador,France,0,0,FIFA World Cup,Rio de Janeiro,Brazil,True,23528,False,23528,14,17
2014-06-26,Portugal,Ghana,2,1,FIFA World Cup,Brasília,Brazil,True,23529,False,23528,33,19
2014-06-26,United States,Germany,0,1,FIFA World Cup,Recife,Brazil,True,23529,False,23529,45,18
2014-06-26,South Korea,Belgium,0,1,FIFA World Cup,São Paulo,Brazil,True,23529,False,23529,39,4
2014-06-28,Colombia,Uruguay,2,0,FIFA World Cup,Rio de Janeiro,Brazil,True,23531,False,23529,9,46
2014-06-29,Netherlands,Mexico,2,1,FIFA World Cup,Fortaleza,Brazil,True,23532,False,23531,28,26
2014-06-30,Germany,Algeria,2,1,FIFA World Cup,Porto Alegre,Brazil,True,23533,False,23532,18,0
2014-07-01,Belgium,United States,2,1,FIFA World Cup,Salvador,Brazil,True,23534,False,23533,4,45
2014-07-01,Argentina,Switzerland,1,0,FIFA World Cup,São Paulo,Brazil,True,23534,False,23534,1,42
2014-07-04,France,Germany,0,1,FIFA World Cup,Rio de Janeiro,Brazil,True,23537,False,23534,17,18
2014-07-04,Brazil,Colombia,2,1,FIFA World Cup,Fortaleza,Brazil,False,23537,False,23537,6,9
2014-07-05,Argentina,Belgium,1,0,FIFA World Cup,Brasília,Brazil,True,23538,False,23537,1,4
2014-07-08,Brazil,Germany,1,7,FIFA World Cup,Belo Horizonte,Brazil,False,23541,False,23538,6,18
2014-07-09,Netherlands,Argentina,0,0,FIFA World Cup,São Paulo,Brazil,True,23542,False,23541,28,1
2014-07-12,Brazil,Netherlands,0,3,FIFA World Cup,Brasília,Brazil,False,23545,False,23542,6,28
2014-07-13,Germany,Argentina,1,0,FIFA World Cup,Rio de Janeiro,Brazil,True,23546,False,23545,18,1
2014-09-03,Morocco,Qatar,0,0,Friendly,Rabat,Morocco,False,23598,True,23546,27,34
2014-09-03,Germany,Argentina,2,4,Friendly,Düsseldorf,Germany,False,23598,True,23598,18,1
2014-09-03,England,Norway,1,0,Friendly,London,England,False,23598,True,23598,16,30
2014-09-03,Czech Republic,United States,0,1,Friendly,Prague,Czech Republic,False,23598,True,23598,12,45
2014-09-04,France,Spain,1,0,Friendly,Saint-Denis,France,False,23599,True,23598,17,40
2014-09-04,Belgium,Australia,2,0,Friendly,Liège,Belgium,False,23599,True,23599,4,2
2014-09-04,Uzbekistan,Jordan,2,0,Friendly,Tashkent,Uzbekistan,False,23599,True,23599,47,25
2014-09-05,Senegal,Egypt,2,0,African Cup of Nations qualification,Dakar,Senegal,False,23600,False,23599,37,15
2014-09-05,Brazil,Colombia,1,0,Friendly,Miami Gardens,United States,True,23600,True,23600,6,9
2014-09-05,Japan,Uruguay,0,2,Kirin Challenge Cup,Sapporo,Japan,False,23600,False,23600,24,46
2014-09-07,Germany,Scotland,2,1,UEFA Euro qualification,Dortmund,Germany,False,23602,False,23600,18,36
2014-09-08,Uzbekistan,New Zealand,3,1,Friendly,Tashkent,Uzbekistan,False,23603,True,23602,47,29
2014-09-08,Switzerland,England,0,2,UEFA Euro qualification,Basel,Switzerland,False,23603,False,23603,42,16
2014-09-08,South Korea,Uruguay,0,1,Friendly,Goyang,South Korea,False,23603,True,23603,39,46
2014-09-08,Austria,Sweden,1,1,UEFA Euro qualification,Vienna,Austria,False,23603,False,23603,3,41
2014-09-08,Australia,Saudi Arabia,3,2,Friendly,London,England,True,23603,True,23603,2,35
2014-09-09,Czech Republic,Netherlands,2,1,UEFA Euro qualification,Prague,Czech Republic,False,23604,False,23603,12,28
2014-09-10,Egypt,Tunisia,0,1,African Cup of Nations qualification,Cairo,Egypt,False,23605,False,23604,15,43
2014-10-06,Qatar,Uzbekistan,3,0,Friendly,Doha,Qatar,False,23631,True,23605,34,47
2014-10-10,Saudi Arabia,Uruguay,1,1,Friendly,Jeddah,Saudi Arabia,False,23635,True,23631,35,46
2014-10-10,Senegal,Tunisia,0,0,African Cup of Nations qualification,Dakar,Senegal,False,23635,False,23635,37,43
2014-10-10,Turkey,Czech Republic,1,2,UEFA Euro qualification,Istanbul,Turkey,False,23635,False,23635,44,12
2014-10-10,South Korea,Paraguay,2,0,Friendly,Cheonan,South Korea,False,23635,True,23635,39,32
2014-10-11,France,Portugal,2,1,Friendly,Saint-Denis,France,False,23636,True,23635,17,33
2014-10-11,DR Congo,Ivory Coast,1,2,African Cup of Nations qualification,Kinshasa,DR Congo,False,23636,False,23636,13,23
2014-10-11,Argentina,Brazil,0,2,Superclásico de las Américas,Beijing,China,True,23636,False,23636,1,6
2014-10-12,Mexico,Panama,1,0,Friendly,Querétaro,Mexico,False,23637,True,23636,26,31
2014-10-13,Bosnia and Herzegovina,Belgium,1,1,UEFA Euro qualification,Zenica,Bosnia and Herzegovina,False,23638,False,23637,5,4
2014-10-14,Qatar,Australia,1,0,Friendly,Doha,Qatar,False,23639,True,23638,34,2
2014-10-14,Japan,Brazil,0,4,Friendly,Kallang,Singapore,True,23639,True,23639,24,6
2014-10-15,Ivory Coast,DR Congo,3,4,African Cup of Nations qualification,Abidjan,Ivory Coast,False,23640,False,23639,23,13
2014-10-15,Tunisia,Senegal,1,0,African Cup of Nations qualification,Monastir,Tunisia,False,23640,False,23640,43,37
2014-11-12,Turkey,Brazil,0,4,Friendly,Istanbul,Turkey,False,23668,True,23640,44,6
2014-11-12,Netherlands,Mexico,2,3,Friendly,Amsterdam,Netherlands,False,23668,True,23668,28,26
2014-11-12,Argentina,Croatia,2,1,Friendly,London,England,True,23668,True,23668,1,10
2014-11-13,Saudi Arabia,Qatar,1,1,Gulf Cup,Riyadh,Saudi Arabia,False,23669,False,23668,35,34
2014-11-14,United States,Colombia,1,2,Friendly,London,England,True,23670,True,23669,45,9
2014-11-14,Jordan,South Korea,0,1,Friendly,Amman,Jordan,False,23670,True,23670,25,39
2014-11-15,Egypt,Senegal,0,1,African Cup of Nations qualification,Cairo,Egypt,False,23671,False,23670,15,37
2014-11-18,Panama,Canada,0,0,Friendly,Panama City,Panama,False,23674,True,23671,31,7
2014-11-18,Portugal,Argentina,1,0,Friendly,Manchester,England,True,23674,True,23674,33,1
2014-11-18,Scotland,England,1,3,Friendly,Glasgow,Scotland,False,23674,True,23674,36,16
2014-11-18,Spain,Germany,0,1,Friendly,Vigo,Spain,False,23674,True,23674,40,18
2014-11-18,Japan,Australia,2,1,Friendly,Osaka,Japan,False,23674,True,23674,24,2
2014-11-18,Austria,Brazil,1,2,Friendly,Vienna,Austria,False,23674,True,23674,3,6
2014-11-18,France,Sweden,1,0,Friendly,Marseille,France,False,23674,True,23674,17,41
2014-11-18,Iran,South Korea,1,0,Friendly,Tehran,Iran,False,23674,True,23674,21,39
2014-11-19,Tunisia,Egypt,2,1,African Cup of Nations qualification,Monastir,Tunisia,False,23675,False,23674,43,15
2014-11-26,Saudi Arabia,Qatar,1,2,Gulf Cup,Riyadh,Saudi Arabia,False,23682,False,23675,35,34
2014-11-30,South Africa,Ivory Coast,2,0,Friendly,Nelspruit,South Africa,False,23686,True,23682,38,23
2014-12-21,Uzbekistan,Jordan,2,1,Friendly,Dubai,United Arab Emirates,True,23707,True,23686,47,25
2014-12-25,Uzbekistan,Iraq,1,0,Friendly,Sharjah,United Arab Emirates,True,23711,True,23707,47,22
2014-12-28,Uzbekistan,Iraq,0,0,Friendly,Sharjah,United Arab Emirates,True,23714,True,23711,47,22
2015-01-04,Iran,Iraq,1,0,Friendly,Wollongong,Australia,True,23721,True,23714,21,22
2015-01-04,South Korea,Saudi Arabia,2,0,Friendly,Parramatta,Australia,True,23721,True,23721,39,35
2015-01-11,Tunisia,Algeria,1,1,Friendly,Radès,Tunisia,False,23728,True,23721,43,0
2015-01-12,Jordan,Iraq,0,1,AFC Asian Cup,Brisbane,Australia,True,23729,False,23728,25,22
2015-01-15,Qatar,Iran,0,1,AFC Asian Cup,Sydney,Australia,True,23732,False,23729,34,21
2015-01-15,Sweden,Ivory Coast,2,0,Friendly,Abu Dhabi,United Arab Emirates,True,23732,True,23732,41,23
2015-01-16,Iraq,Japan,0,1,AFC Asian Cup,Brisbane,Australia,True,23733,False,23732,22,24
2015-01-17,Australia,South Korea,0,1,AFC Asian Cup,Brisbane,Australia,False,23734,False,23733,2,39
2015-01-18,Uzbekistan,Saudi Arabia,3,1,AFC Asian Cup,Melbourne,Australia,True,23735,False,23734,47,35
2015-01-18,Tunisia,Cape Verde,1,1,African Cup of Nations,Ebebiyín,Equatorial Guinea,True,23735,False,23735,43,8
2015-01-19,Ghana,Senegal,1,2,African Cup of Nations,Mongomo,Equatorial Guinea,True,23736,False,23735,19,37
2015-01-19,Algeria,South Africa,3,1,African Cup of Nations,Mongomo,Equatorial Guinea,True,23736,False,23736,0,38
2015-01-20,Japan,Jordan,2,0,AFC Asian Cup,Melbourne,Australia,True,23737,False,23736,24,25
2015-01-22,South Korea,Uzbekistan,2,0,AFC Asian Cup,Melbourne,Australia,True,23739,False,23737,39,47
2015-01-22,Cape Verde,DR Congo,0,0,African Cup of Nations,Ebebiyín,Equatorial Guinea,True,23739,False,23739,8,13
2015-01-23,Ghana,Algeria,1,0,African Cup of Nations,Mongomo,Equatorial Guinea,True,23740,False,23739,19,0
2015-01-23,Iran,Iraq,3,3,AFC Asian Cup,Canberra,Australia,True,23740,False,23740,21,22
2015-01-23,South Africa,Senegal,1,1,African Cup of Nations,Mongomo,Equatorial Guinea,True,23740,False,23740,38,37
2015-01-26,DR Congo,Tunisia,1,1,African Cup of Nations,Bata,Equatorial Guinea,True,23743,False,23740,13,43
2015-01-26,South Korea,Iraq,2,0,AFC Asian Cup,Sydney,Australia,True,23743,False,23743,39,22
2015-01-27,Senegal,Algeria,0,2,African Cup of Nations,Malabo,Equatorial Guinea,True,23744,False,23743,37,0
2015-01-27,South Africa,Ghana,1,2,African Cup of Nations,Mongomo,Equatorial Guinea,True,23744,False,23744,38,19
2015-01-31,Australia,South Korea,2,1,AFC Asian Cup,Sydney,Australia,False,23748,False,23744,2,39
2015-02-01,Ivory Coast,Algeria,3,1,African Cup of Nations,Malabo,Equatorial Guinea,True,23749,False,23748,23,0
2015-02-04,DR Congo,Ivory Coast,1,3,African Cup of Nations,Bata,Equatorial Guinea,True,23752,False,23749,13,23
2015-02-08,Ivory Coast,Ghana,0,0,African Cup of Nations,Bata,Equatorial Guinea,True,23756,False,23752,23,19
2015-02-08,United States,Panama,2,0,Friendly,Carson,United States,False,23756,True,23756,45,31
2015-03-25,Germany,Australia,2,2,Friendly,Kaiserslautern,Germany,False,23801,True,23756,18,2
2015-03-26,Qatar,Algeria,1,0,Friendly,Doha,Qatar,False,23802,True,23801,34,0
2015-03-26,France,Brazil,1,3,Friendly,Saint-Denis,France,False,23802,True,23802,17,6
2015-03-27,Japan,Tunisia,2,0,Kirin Challenge Cup,Ōita,Japan,False,23803,False,23802,24,43
2015-03-27,South Korea,Uzbekistan,1,1,Friendly,Daejeon,South Korea,False,23803,True,23803,39,47
2015-03-28,Iraq,DR Congo,2,1,Friendly,Sharjah,United Arab Emirates,True,23804,True,23803,22,13
2015-03-28,Netherlands,Turkey,1,1,UEFA Euro qualification,Amsterdam,Netherlands,False,23804,False,23804,28,44
2015-03-28,Morocco,Uruguay,0,1,Friendly,Agadir,Morocco,False,23804,True,23804,27,46
2015-03-28,Croatia,Norway,5,1,UEFA Euro qualification,Zagreb,Croatia,False,23804,False,23804,10,30
2015-03-28,Ghana,Senegal,1,2,Friendly,Le Havre,France,True,23804,True,23804,19,37
2015-03-30,Saudi Arabia,Jordan,2,1,Friendly,Dammam,Saudi Arabia,False,23806,True,23804,35,25
2015-03-31,Netherlands,Spain,2,0,Friendly,Amsterdam,Netherlands,False,23807,True,23806,28,40
2015-03-31,Portugal,Cape Verde,0,2,Friendly,Estoril,Portugal,False,23807,True,23807,33,8
2015-03-31,Sweden,Iran,3,1,Friendly,Solna,Sweden,False,23807,True,23807,41,21
2015-03-31,Switzerland,United States,1,1,Friendly,Zürich,Switzerland,False,23807,True,23807,42,45
2015-03-31,Argentina,Ecuador,2,1,Friendly,East Rutherford,United States,True,23807,True,23807,1,14
2015-03-31,Austria,Bosnia and Herzegovina,1,1,Friendly,Vienna,Austria,False,23807,True,23807,3,5
2015-03-31,Japan,Uzbekistan,5,1,Friendly,Chōfu,Japan,False,23807,True,23807,24,47
2015-03-31,South Korea,New Zealand,1,0,Friendly,Seoul,South Korea,False,23807,True,23807,39,29
2015-03-31,Iraq,DR Congo,1,0,Friendly,Sharjah,United Arab Emirates,True,23807,True,23807,22,13
2015-04-15,United States,Mexico,2,0,Friendly,San Antonio,United States,False,23822,True,23807,45,26
2015-06-03,Panama,Ecuador,1,1,Friendly,Panama City,Panama,False,23871,True,23822,31,14
2015-06-05,Scotland,Qatar,1,0,Friendly,Edinburgh,Scotland,False,23873,True,23871,36,34
2015-06-05,Netherlands,United States,3,4,Friendly,Amsterdam,Netherlands,False,23873,True,23873,28,45
2015-06-06,Ecuador,Panama,4,0,Friendly,Portoviejo,Ecuador,False,23874,True,23873,14,31
2015-06-07,France,Belgium,3,4,Friendly,Saint-Denis,France,False,23875,True,23874,17,4
2015-06-07,Brazil,Mexico,2,0,Friendly,São Paulo,Brazil,False,23875,True,23875,6,26
2015-06-08,Norway,Sweden,0,0,Friendly,Oslo,Norway,False,23876,True,23875,30,41
2015-06-10,Germany,United States,1,2,Friendly,Cologne,Germany,False,23878,True,23876,18,45
2015-06-11,Uzbekistan,Iran,0,1,Friendly,Tashkent,Uzbekistan,False,23879,True,23878,47,21
2015-06-11,Japan,Iraq,4,0,Kirin Challenge Cup,Yokohama,Japan,False,23879,False,23879,24,22
2015-06-13,Argentina,Paraguay,2,2,Copa América,La Serena,Chile,True,23881,False,23879,1,32
2015-06-16,Argentina,Uruguay,1,0,Copa América,La Serena,Chile,True,23884,False,23881,1,46
2015-06-17,Brazil,Colombia,0,1,Copa América,Santiago,Chile,True,23885,False,23884,6,9
2015-06-19,Mexico,Ecuador,1,2,Copa América,Rancagua,Chile,True,23887,False,23885,26,14
2015-06-20,Uruguay,Paraguay,1,1,Copa América,La Serena,Chile,True,23888,False,23887,46,32
2015-06-26,Argentina,Colombia,0,0,Copa América,Viña del Mar,Chile,True,23894,False,23888,1,9
2015-06-27,Brazil,Paraguay,1,1,Copa América,Concepción,Chile,True,23895,False,23894,6,32
2015-06-30,Argentina,Paraguay,6,1,Copa América,Concepción,Chile,True,23898,False,23895,1,32
2015-07-07,Panama,Haiti,1,1,Gold Cup,Frisco,United States,True,23905,False,23898,31,20
2015-07-10,United States,Haiti,1,0,Gold Cup,Foxborough,United States,False,23908,False,23905,45,20
2015-07-13,United States,Panama,1,1,Gold Cup,Kansas City,United States,False,23911,False,23908,45,31
2015-07-22,Panama,Mexico,1,2,Gold Cup,Atlanta,United States,True,23920,False,23911,31,26
2015-07-25,United States,Panama,1,1,Gold Cup,Chester,United States,False,23923,False,23920,45,31
2015-08-05,Japan,South Korea,1,1,EAFF Championship,Wuhan,China,True,23934,False,23923,24,39
2015-09-03,Belgium,Bosnia and Herzegovina,3,1,UEFA Euro qualification,Brussels,Belgium,False,23963,False,23934,4,5
2015-09-04,Portugal,France,0,1,Friendly,Lisbon,Portugal,False,23964,True,23963,33,17
2015-09-06,Turkey,Netherlands,3,0,UEFA Euro qualification,Konya,Turkey,False,23966,False,23964,44,28
2015-09-06,Norway,Croatia,2,0,UEFA Euro qualification,Oslo,Norway,False,23966,False,23966,30,10
2015-09-07,Scotland,Germany,2,3,UEFA Euro qualification,Glasgow,Scotland,False,23967,False,23966,36,18
2015-09-08,South Africa,Senegal,1,0,Friendly,Johannesburg,South Africa,False,23968,True,23967,38,37
2015-09-08,Sweden,Austria,1,4,UEFA Euro qualification,Solna,Sweden,False,23968,False,23968,41,3
2015-09-08,United States,Brazil,1,4,Friendly,Foxborough,United States,False,23968,True,23968,45,6
2015-09-08,England,Switzerland,2,0,UEFA Euro qualification,London,England,False,23968,False,23968,16,42
2015-09-08,Mexico,Argentina,2,2,Friendly,Arlington,United States,True,23968,True,23968,26,1
2015-10-03,Jordan,Iraq,3,0,Friendly,Amman,Jordan,False,23993,True,23968,25,22
2015-10-08,Argentina,Ecuador,0,2,FIFA World Cup qualification,Buenos Aires,Argentina,False,23998,False,23993,1,14
2015-10-08,Jordan,Australia,2,0,FIFA World Cup qualification,Amman,Jordan,False,23998,False,23998,25,2
2015-10-09,Morocco,Ivory Coast,0,1,Friendly,Agadir,Morocco,False,23999,True,23998,27,23
2015-10-10,United States,Mexico,2,3,Friendly,Pasadena,United States,False,24000,True,23999,45,26
2015-10-10,Czech Republic,Turkey,0,2,UEFA Euro qualification,Prague,Czech Republic,False,24000,False,24000,12,44
2015-10-13,Netherlands,Czech Republic,2,3,UEFA Euro qualification,Amsterdam,Netherlands,False,24003,False,24000,28,12
2015-10-13,Paraguay,Argentina,0,0,FIFA World Cup qualification,Asunción,Paraguay,False,24003,False,24003,32,1
2015-10-13,Uruguay,Colombia,3,0,FIFA World Cup qualification,Montevideo,Uruguay,False,24003,False,24003,46,9
2015-10-13,Algeria,Senegal,1,0,Friendly,Algiers,Algeria,False,24003,True,24003,0,37
2015-10-13,Iran,Japan,1,1,Friendly,Tehran,Iran,False,24003,True,24003,21,24
2015-11-12,Ecuador,Uruguay,2,1,FIFA World Cup qualification,Quito,Ecuador,False,24033,False,24003,14,46
2015-11-13,Qatar,Turkey,1,2,Friendly,Doha,Qatar,False,24034,True,24033,34,44
2015-11-13,Spain,England,2,0,Friendly,Alicante,Spain,False,24034,True,24034,40,16
2015-11-13,Argentina,Brazil,1,1,FIFA World Cup qualification,Buenos Aires,Argentina,False,24034,False,24034,1,6
2015-11-13,France,Germany,2,0,Friendly,Saint-Denis,France,False,24034,True,24034,17,18
2015-11-17,Austria,Switzerland,1,2,Friendly,Vienna,Austria,False,24038,True,24034,3,42
2015-11-17,Colombia,Argentina,0,1,FIFA World Cup qualification,Barranquilla,Colombia,False,24038,False,24038,9,1
2015-11-17,England,France,2,0,Friendly,London,England,False,24038,True,24038,16,17
2016-01-27,Egypt,Jordan,0,1,Friendly,Aswan,Egypt,False,24109,True,24038,15,25
2016-03-24,Turkey,Sweden,2,1,Friendly,Antalya,Turkey,False,24166,True,24109,44,41
2016-03-24,Czech Republic,Scotland,0,1,Friendly,Prague,Czech Republic,False,24166,True,24166,12,36
2016-03-24,Ecuador,Paraguay,2,2,FIFA World Cup qualification,Quito,Ecuador,False,24166,False,24166,14,32
2016-03-25,Netherlands,France,2,3,Friendly,Amsterdam,Netherlands,False,24167,True,24166,28,17
2016-03-25,Brazil,Uruguay,2,2,FIFA World Cup qualification,Recife,Brazil,False,24167,False,24167,6,46
2016-03-25,Canada,Mexico,0,3,FIFA World Cup qualification,Vancouver,Canada,False,24167,False,24167,7,26
2016-03-25,Haiti,Panama,0,0,FIFA World Cup qualification,Port-au-Prince,Haiti,False,24167,False,24167,20,31
2016-03-26,Germany,England,2,3,Friendly,Berlin,Germany,False,24168,True,24167,18,16
2016-03-26,Cape Verde,Morocco,0,1,African Cup of Nations qualification,Praia,Cape Verde,False,24168,False,24168,8,27
2016-03-29,Mexico,Canada,2,0,FIFA World Cup qualification,Mexico City,Mexico,False,24171,False,24168,26,7
2016-03-29,Morocco,Cape Verde,2,0,African Cup of Nations qualification,Marrakesh,Morocco,False,24171,False,24171,27,8
2016-03-29,Panama,Haiti,1,0,FIFA World Cup qualification,Panama City,Panama,False,24171,False,24171,31,20
2016-03-29,Paraguay,Brazil,2,2,FIFA World Cup qualification,Asunción,Paraguay,False,24171,False,24171,32,6
2016-03-29,Portugal,Belgium,2,1,Friendly,Leiria,Portugal,False,24171,True,24171,33,4
2016-03-29,Sweden,Czech Republic,1,1,Friendly,Solna,Sweden,False,24171,True,24171,41,12
2016-03-29,Switzerland,Bosnia and Herzegovina,0,2,Friendly,Zürich,Switzerland,False,24171,True,24171,42,5
2016-03-29,Australia,Jordan,5,1,FIFA World Cup qualification,Sydney,Australia,False,24171,False,24171,2,25
2016-03-29,Austria,Turkey,1,2,Friendly,Vienna,Austria,False,24171,True,24171,3,44
2016-03-29,England,Netherlands,1,2,Friendly,London,England,False,24171,True,24171,16,28
2016-03-29,Colombia,Ecuador,3,1,FIFA World Cup qualification,Barranquilla,Colombia,False,24171,False,24171,9,14
2016-05-22,England,Turkey,2,1,Friendly,Manchester,England,False,24225,True,24171,16,44
2016-05-27,England,Australia,2,1,Friendly,Sunderland,England,False,24230,True,24225,16,2
2016-05-28,Switzerland,Belgium,1,2,Friendly,Geneva,Switzerland,False,24231,True,24230,42,4
2016-05-28,Mexico,Paraguay,1,0,Friendly,Atlanta,United States,True,24231,True,24231,26,32
2016-05-29,Portugal,Norway,3,0,Friendly,Porto,Portugal,False,24232,True,24231,33,30
2016-05-29,Bosnia and Herzegovina,Spain,1,3,Friendly,St. Gallen,Switzerland,True,24232,True,24232,5,40
2016-06-01,Spain,South Korea,6,1,Friendly,Salzburg,Austria,True,24235,True,24232,40,39
2016-06-02,England,Portugal,1,0,Friendly,London,England,False,24236,True,24235,16,33
2016-06-03,United States,Colombia,0,2,Copa América,Santa Clara,United States,False,24237,False,24236,45,9
2016-06-04,Austria,Netherlands,0,2,Friendly,Vienna,Austria,False,24238,True,24237,3,28
2016-06-04,Brazil,Ecuador,0,0,Copa América,Pasadena,United States,True,24238,False,24238,6,14
2016-06-04,France,Scotland,3,0,Friendly,Metz,France,False,24238,True,24238,17,36
2016-06-05,Belgium,Norway,3,2,Friendly,Brussels,Belgium,False,24239,True,24238,4,30
2016-06-05,Czech Republic,South Korea,1,2,Friendly,Prague,Czech Republic,False,24239,True,24239,12,39
2016-06-05,Mexico,Uruguay,3,1,Copa América,Glendale,United States,True,24239,False,24239,26,46
2016-06-07,Japan,Bosnia and Herzegovina,1,2,Kirin Cup,Suita,Japan,False,24241,False,24239,24,5
2016-06-07,Colombia,Paraguay,2,1,Copa América,Pasadena,United States,True,24241,False,24241,9,32
2016-06-07,Canada,Uzbekistan,2,1,Friendly,Bad Waltersdorf,Austria,True,24241,True,24241,7,47
2016-06-08,Brazil,Haiti,7,1,Copa América,Orlando,United States,True,24242,False,24241,6,20
2016-06-10,Argentina,Panama,5,0,Copa América,Chicago,United States,True,24244,False,24242,1,31
2016-06-11,United States,Paraguay,1,0,Copa América,Philadelphia,United States,False,24245,False,24244,45,32
2016-06-12,Turkey,Croatia,0,1,UEFA Euro,Paris,France,True,24246,False,24245,44,10
2016-06-12,Ecuador,Haiti,4,0,Copa América,East Rutherford,United States,True,24246,False,24246,14,20
2016-06-13,Spain,Czech Republic,1,0,UEFA Euro,Toulouse,France,True,24247,False,24246,40,12
2016-06-16,United States,Ecuador,2,1,Copa América,Seattle,United States,False,24250,False,24247,45,14
2016-06-17,Czech Republic,Croatia,2,2,UEFA Euro,Saint-Étienne,France,True,24251,False,24250,12,10
2016-06-17,Spain,Turkey,3,0,UEFA Euro,Nice,France,True,24251,False,24251,40,44
2016-06-18,Portugal,Austria,0,0,UEFA Euro,Lyon,France,True,24252,False,24251,33,3
2016-06-19,France,Switzerland,0,0,UEFA Euro,Villeneuve-d'Ascq,France,False,24253,False,24252,17,42
2016-06-21,Croatia,Spain,2,1,UEFA Euro,Bordeaux,France,True,24255,False,24253,10,40
2016-06-21,Czech Republic,Turkey,0,2,UEFA Euro,Lens,France,True,24255,False,24255,12,44
2016-06-21,United States,Argentina,0,4,Copa América,Houston,United States,False,24255,False,24255,45,1
2016-06-22,Sweden,Belgium,0,1,UEFA Euro,Nice,France,True,24256,False,24255,41,4
2016-06-25,Croatia,Portugal,0,1,UEFA Euro,Lens,France,True,24259,False,24256,10,33
2016-06-25,United States,Colombia,0,1,Copa América,Glendale,United States,False,24259,False,24259,45,9
2016-07-07,France,Germany,2,0,UEFA Euro,Marseille,France,False,24271,False,24259,17,18
2016-07-10,France,Portugal,0,1,UEFA Euro,Saint-Denis,France,False,24274,False,24271,17,33
2016-07-24,Uzbekistan,Iraq,2,1,Friendly,Tashkent,Uzbekistan,False,24288,True,24274,47,22
2016-08-08,Qatar,Iraq,2,1,Friendly,Doha,Qatar,False,24303,True,24288,34,22
2016-08-18,Jordan,Qatar,2,3,Friendly,Lucerne,Switzerland,True,24313,True,24303,25,34
2016-09-01,Ecuador,Brazil,0,3,FIFA World Cup qualification,Quito,Ecuador,False,24327,False,24313,14,6
2016-09-01,Belgium,Spain,0,2,Friendly,Brussels,Belgium,False,24327,True,24327,4,40
2016-09-01,Iran,Qatar,2,0,FIFA World Cup qualification,Tehran,Iran,False,24327,False,24327,21,34
2016-09-01,Australia,Iraq,2,0,FIFA World Cup qualification,Perth,Australia,False,24327,False,24327,2,22
2016-09-01,Argentina,Uruguay,1,0,FIFA World Cup qualification,Mendoza,Argentina,False,24327,False,24327,1,46
2016-09-04,Norway,Germany,0,3,FIFA World Cup qualification,Oslo,Norway,False,24330,False,24327,30,18
2016-09-05,Croatia,Turkey,1,1,FIFA World Cup qualification,Zagreb,Croatia,False,24331,False,24330,10,44
2016-09-06,Qatar,Uzbekistan,0,1,FIFA World Cup qualification,Doha,Qatar,False,24332,False,24331,34,47
2016-09-06,South Africa,Egypt,1,0,Friendly,Johannesburg,South Africa,False,24332,True,24332,38,15
2016-09-06,Sweden,Netherlands,1,1,FIFA World Cup qualification,Solna,Sweden,False,24332,False,24332,41,28
2016-09-06,Uruguay,Paraguay,4,0,FIFA World Cup qualification,Montevideo,Uruguay,False,24332,False,24332,46,32
2016-09-06,Switzerland,Portugal,2,0,FIFA World Cup qualification,Basel,Switzerland,False,24332,False,24332,42,33
2016-09-06,Iraq,Saudi Arabia,1,2,FIFA World Cup qualification,Shah Alam,Malaysia,True,24332,False,24332,22,35
2016-09-06,Brazil,Colombia,2,1,FIFA World Cup qualification,Manaus,Brazil,False,24332,False,24332,6,9
2016-10-06,Paraguay,Colombia,0,1,FIFA World Cup qualification,Asunción,Paraguay,False,24362,False,24332,32,9
2016-10-06,Uzbekistan,Iran,0,1,FIFA World Cup qualification,Tashkent,Uzbekistan,False,24362,False,24362,47,21
2016-10-06,Saudi Arabia,Australia,2,2,FIFA World Cup qualification,Jeddah,Saudi Arabia,False,24362,False,24362,35,2
2016-10-06,Japan,Iraq,2,1,FIFA World Cup qualification,Saitama,Japan,False,24362,False,24362,24,22
2016-10-06,South Korea,Qatar,3,2,FIFA World Cup qualification,Suwon,South Korea,False,24362,False,24362,39,34
2016-10-07,Belgium,Bosnia and Herzegovina,4,0,FIFA World Cup qualification,Brussels,Belgium,False,24363,False,24362,4,5
2016-10-08,Senegal,Cape Verde,2,0,FIFA World Cup qualification,Dakar,Senegal,False,24364,False,24363,37,8
2016-10-08,Mexico,New Zealand,2,1,Friendly,Nashville,United States,True,24364,True,24364,26,29
2016-10-08,Germany,Czech Republic,3,0,FIFA World Cup qualification,Hamburg,Germany,False,24364,False,24364,18,12
2016-10-10,Netherlands,France,0,1,FIFA World Cup qualification,Amsterdam,Netherlands,False,24366,False,24364,28,17
2016-10-11,Mexico,Panama,1,0,Friendly,Bridgeview,United States,True,24367,True,24366,26,31
2016-10-11,South Africa,Ghana,1,1,Friendly,Durban,South Africa,False,24367,True,24367,38,19
2016-10-11,Morocco,Canada,4,0,Friendly,Marrakesh,Morocco,False,24367,True,24367,27,7
2016-10-11,Argentina,Paraguay,0,1,FIFA World Cup qualification,Córdoba,Argentina,False,24367,False,24367,1,32
2016-10-11,Australia,Japan,1,1,FIFA World Cup qualification,Melbourne,Australia,False,24367,False,24367,2,24
2016-10-11,Colombia,Uruguay,2,2,FIFA World Cup qualification,Barranquilla,Colombia,False,24367,False,24367,9,46
2016-10-11,Iran,South Korea,1,0,FIFA World Cup qualification,Tehran,Iran,False,24367,False,24367,21,39
2016-11-06,Jordan,Iraq,0,0,Friendly,Amman,Jordan,False,24393,True,24367,25,22
2016-11-09,Netherlands,Belgium,1,1,Friendly,Amsterdam,Netherlands,False,24396,True,24393,28,4
2016-11-10,Uzbekistan,Jordan,1,0,Friendly,Tashkent,Uzbekistan,False,24397,True,24396,47,25
2016-11-10,Uruguay,Ecuador,2,1,FIFA World Cup qualification,Montevideo,Uruguay,False,24397,False,24397,46,14
2016-11-10,Brazil,Argentina,3,0,FIFA World Cup qualification,Belo Horizonte,Brazil,False,24397,False,24397,6,1
2016-11-11,United States,Mexico,1,2,FIFA World Cup qualification,Columbus,United States,False,24398,False,24397,45,26
2016-11-11,South Korea,Canada,2,0,Friendly,Cheonan,South Korea,False,24398,True,24398,39,7
2016-11-11,France,Sweden,2,1,FIFA World Cup qualification,Saint-Denis,France,False,24398,False,24398,17,41
2016-11-11,England,Scotland,3,0,FIFA World Cup qualification,London,England,False,24398,False,24398,16,36
2016-11-11,Czech Republic,Norway,2,1,FIFA World Cup qualification,Prague,Czech Republic,False,24398,False,24398,12,30
2016-11-12,Morocco,Ivory Coast,0,0,FIFA World Cup qualification,Marrakesh,Morocco,False,24399,False,24398,27,23
2016-11-13,Egypt,Ghana,2,0,FIFA World Cup qualification,Alexandria,Egypt,False,24400,False,24399,15,19
2016-11-15,South Korea,Uzbekistan,2,1,FIFA World Cup qualification,Seoul,South Korea,False,24402,False,24400,39,47
2016-11-15,Panama,Mexico,0,0,FIFA World Cup qualification,Panama City,Panama,False,24402,False,24402,31,26
2016-11-15,Japan,Saudi Arabia,2,1,FIFA World Cup qualification,Saitama,Japan,False,24402,False,24402,24,35
2016-11-15,Argentina,Colombia,3,0,FIFA World Cup qualification,San Juan,Argentina,False,24402,False,24402,1,9
2016-11-15,England,Spain,2,2,Friendly,London,England,False,24402,True,24402,16,40
2016-11-15,France,Ivory Coast,0,0,Friendly,Lens,France,False,24402,True,24402,17,23
2017-01-08,Egypt,Tunisia,1,0,Friendly,Cairo,Egypt,False,24456,True,24402,15,43
2017-01-08,Ivory Coast,Sweden,2,1,Friendly,Abu Dhabi,United Arab Emirates,True,24456,True,24456,23,41
2017-01-15,Tunisia,Senegal,0,2,African Cup of Nations,Franceville,Gabon,True,24463,False,24456,43,37
2017-01-16,DR Congo,Morocco,1,0,African Cup of Nations,Oyem,Gabon,True,24464,False,24463,13,27
2017-01-19,Algeria,Tunisia,1,2,African Cup of Nations,Franceville,Gabon,True,24467,False,24464,0,43
2017-01-20,Ivory Coast,DR Congo,2,2,African Cup of Nations,Oyem,Gabon,True,24468,False,24467,23,13
2017-01-23,Senegal,Algeria,2,2,African Cup of Nations,Franceville,Gabon,True,24471,False,24468,37,0
2017-01-24,Morocco,Ivory Coast,1,0,African Cup of Nations,Oyem,Gabon,True,24472,False,24471,27,23
2017-01-25,Egypt,Ghana,1,0,African Cup of Nations,Port-Gentil,Gabon,True,24473,False,24472,15,19
2017-01-26,Brazil,Colombia,1,0,Friendly,Rio de Janeiro,Brazil,False,24474,True,24473,6,9
2017-01-29,Egypt,Morocco,1,0,African Cup of Nations,Port-Gentil,Gabon,True,24477,False,24474,15,27
2017-01-29,DR Congo,Ghana,1,2,African Cup of Nations,Oyem,Gabon,True,24477,False,24477,13,19
2017-03-18,Iran,Iraq,0,1,Friendly,Tehran,Iran,False,24525,True,24477,21,22
2017-03-22,Germany,England,1,0,Friendly,Dortmund,Germany,False,24529,True,24525,18,16
2017-03-22,Scotland,Canada,1,1,Friendly,Edinburgh,Scotland,False,24529,True,24529,36,7
2017-03-23,Uruguay,Brazil,1,4,FIFA World Cup qualification,Montevideo,Uruguay,False,24530,False,24529,46,6
2017-03-23,Qatar,Iran,0,1,FIFA World Cup qualification,Doha,Qatar,False,24530,False,24530,34,21
2017-03-23,Paraguay,Ecuador,2,1,FIFA World Cup qualification,Asunción,Paraguay,False,24530,False,24530,32,14
2017-03-23,Iraq,Australia,1,1,FIFA World Cup qualification,Tehran,Iran,True,24530,False,24530,22,2
2017-03-27,Ivory Coast,Senegal,1,1,Friendly,Paris,France,True,24534,True,24530,23,37
2017-03-28,Morocco,Tunisia,1,0,Friendly,Marrakesh,Morocco,False,24535,True,24534,27,43
2017-03-28,Panama,United States,1,1,FIFA World Cup qualification,Panama City,Panama,False,24535,False,24535,31,45
2017-03-28,Saudi Arabia,Iraq,1,0,FIFA World Cup qualification,Jeddah,Saudi Arabia,False,24535,False,24535,35,22
2017-03-28,Uzbekistan,Qatar,1,0,FIFA World Cup qualification,Tashkent,Uzbekistan,False,24535,False,24535,47,34
2017-03-28,Portugal,Sweden,2,3,Friendly,Funchal,Portugal,False,24535,True,24535,33,41
2017-03-28,Brazil,Paraguay,3,0,FIFA World Cup qualification,São Paulo,Brazil,False,24535,False,24535,6,32
2017-03-28,Ecuador,Colombia,0,2,FIFA World Cup qualification,Quito,Ecuador,False,24535,False,24535,14,9
2017-03-28,France,Spain,0,2,Friendly,Saint-Denis,France,False,24535,True,24535,17,40
2017-05-28,Mexico,Croatia,1,2,Friendly,Los Angeles,United States,True,24596,True,24535,26,10
2017-05-31,Morocco,Netherlands,1,2,Friendly,Agadir,Morocco,False,24599,True,24596,27,28
2017-06-01,Iraq,Jordan,1,0,Friendly,Basra,Iraq,False,24600,True,24599,22,25
2017-06-02,France,Paraguay,5,0,Friendly,Rennes,France,False,24601,True,24600,17,32
2017-06-04,Netherlands,Ivory Coast,5,0,Friendly,Rotterdam,Netherlands,False,24603,True,24601,28,23
2017-06-05,Belgium,Czech Republic,2,1,Friendly,Brussels,Belgium,False,24604,True,24603,4,12
2017-06-07,Spain,Colombia,2,2,Friendly,Murcia,Spain,False,24606,True,24604,40,9
2017-06-07,Iraq,South Korea,0,0,Friendly,Ras al-Khaimah,United Arab Emirates,True,24606,True,24606,22,39
2017-06-08,Australia,Saudi Arabia,3,2,FIFA World Cup qualification,Adelaide,Australia,False,24607,False,24606,2,35
2017-06-09,Sweden,France,2,1,FIFA World Cup qualification,Solna,Sweden,False,24608,False,24607,41,17
2017-06-09,Argentina,Brazil,1,0,Superclásico de las Américas,Melbourne,Australia,True,24608,False,24608,1,6
2017-06-10,Norway,Czech Republic,1,1,FIFA World Cup qualification,Oslo,Norway,False,24609,False,24608,30,12
2017-06-10,Scotland,England,2,2,FIFA World Cup qualification,Glasgow,Scotland,False,24609,False,24609,36,16
2017-06-11,Tunisia,Egypt,1,0,African Cup of Nations qualification,Radès,Tunisia,False,24610,False,24609,43,15
2017-06-11,Mexico,United States,1,1,FIFA World Cup qualification,Mexico City,Mexico,False,24610,False,24610,26,45
2017-06-12,Iran,Uzbekistan,2,0,FIFA World Cup qualification,Tehran,Iran,False,24611,False,24610,21,47
2017-06-13,Qatar,South Korea,3,2,FIFA World Cup qualification,Doha,Qatar,False,24612,False,24611,34,39
2017-06-13,Norway,Sweden,1,1,Friendly,Oslo,Norway,False,24612,True,24612,30,41
2017-06-13,Australia,Brazil,0,4,Friendly,Melbourne,Australia,False,24612,True,24612,2,6
2017-06-13,Canada,Curaçao,2,1,Friendly,Montreal,Canada,False,24612,True,24612,7,11
2017-06-13,Iraq,Japan,1,1,FIFA World Cup qualification,Tehran,Iran,True,24612,False,24612,22,24
2017-06-13,France,England,3,2,Friendly,Saint-Denis,France,False,24612,True,24612,17,16
2017-06-18,Portugal,Mexico,2,2,Confederations Cup,Kazan,Russia,True,24617,False,24612,33,26
2017-06-19,Australia,Germany,2,3,Confederations Cup,Sochi,Russia,True,24618,False,24617,2,18
2017-06-21,Mexico,New Zealand,2,1,Confederations Cup,Sochi,Russia,True,24620,False,24618,26,29
2017-06-24,New Zealand,Portugal,0,4,Confederations Cup,Saint Petersburg,Russia,True,24623,False,24620,29,33
2017-06-29,Germany,Mexico,4,1,Confederations Cup,Sochi,Russia,True,24628,False,24623,18,26
2017-07-01,Mexico,Paraguay,2,1,Friendly,Seattle,United States,True,24630,True,24628,26,32
2017-07-01,United States,Ghana,2,1,Friendly,East Hartford,United States,False,24630,True,24630,45,19
2017-07-02,Portugal,Mexico,2,1,Confederations Cup,Moscow,Russia,True,24631,False,24630,33,26
2017-07-08,United States,Panama,1,1,Gold Cup,Nashville,United States,False,24637,False,24631,45,31
2017-07-16,Curaçao,Mexico,0,2,Gold Cup,San Antonio,United States,True,24645,False,24637,11,26
2017-08-31,Uruguay,Argentina,0,0,FIFA World Cup qualification,Montevideo,Uruguay,False,24691,False,24645,46,1
2017-08-31,Japan,Australia,2,0,FIFA World Cup qualification,Saitama,Japan,False,24691,False,24691,24,2
2017-08-31,South Korea,Iran,0,0,FIFA World Cup qualification,Seoul,South Korea,False,24691,False,24691,39,21
2017-08-31,Brazil,Ecuador,2,0,FIFA World Cup qualification,Porto Alegre,Brazil,False,24691,False,24691,6,14
2017-08-31,France,Netherlands,4,0,FIFA World Cup qualification,Saint-Denis,France,False,24691,False,24691,17,28
2017-09-01,Tunisia,DR Congo,2,1,FIFA World Cup qualification,Radès,Tunisia,False,24692,False,24691,43,13
2017-09-01,Mexico,Panama,1,0,FIFA World Cup qualification,Mexico City,Mexico,False,24692,False,24692,26,31
2017-09-01,Czech Republic,Germany,1,2,FIFA World Cup qualification,Prague,Czech Republic,False,24692,False,24692,12,18
2017-09-01,Cape Verde,South Africa,2,1,FIFA World Cup qualification,Praia,Cape Verde,False,24692,False,24692,8,38
2017-09-04,Germany,Norway,6,0,FIFA World Cup qualification,Stuttgart,Germany,False,24695,False,24692,18,30
2017-09-05,Paraguay,Uruguay,1,2,FIFA World Cup qualification,Asunción,Paraguay,False,24696,False,24695,32,46
2017-09-05,Saudi Arabia,Japan,1,0,FIFA World Cup qualification,Jeddah,Saudi Arabia,False,24696,False,24696,35,24
2017-09-05,South Africa,Cape Verde,1,2,FIFA World Cup qualification,Durban,South Africa,False,24696,False,24696,38,8
2017-09-05,Uzbekistan,South Korea,0,0,FIFA World Cup qualification,Tashkent,Uzbekistan,False,24696,False,24696,47,39
2017-09-05,Turkey,Croatia,1,0,FIFA World Cup qualification,Eskişehir,Turkey,False,24696,False,24696,44,10
2017-09-05,Colombia,Brazil,1,1,FIFA World Cup qualification,Barranquilla,Colombia,False,24696,False,24696,9,6
2017-09-05,DR Congo,Tunisia,2,2,FIFA World Cup qualification,Kinshasa,DR Congo,False,24696,False,24696,13,43
2017-10-05,Colombia,Paraguay,1,2,FIFA World Cup qualification,Barranquilla,Colombia,False,24726,False,24696,9,32
2017-10-06,United States,Panama,4,0,FIFA World Cup qualification,Orlando,United States,False,24727,False,24726,45,31
2017-10-06,Japan,New Zealand,2,1,Kirin Challenge Cup,Toyota,Japan,False,24727,False,24727,24,29
2017-10-07,Cape Verde,Senegal,0,2,FIFA World Cup qualification,Praia,Cape Verde,False,24728,False,24727,8,37
2017-10-07,Bosnia and Herzegovina,Belgium,3,4,FIFA World Cup qualification,Sarajevo,Bosnia and Herzegovina,False,24728,False,24728,5,4
2017-10-10,Portugal,Switzerland,2,0,FIFA World Cup qualification,Lisbon,Portugal,False,24731,False,24728,33,42
2017-10-10,Qatar,Curaçao,1,2,Friendly,Doha,Qatar,False,24731,True,24731,34,11
2017-10-10,Netherlands,Sweden,2,0,FIFA World Cup qualification,Amsterdam,Netherlands,False,24731,False,24731,28,41
2017-10-10,Saudi Arabia,Ghana,0,3,Friendly,Jeddah,Saudi Arabia,False,24731,True,24731,35,19
2017-10-10,Japan,Haiti,3,3,Kirin Challenge Cup,Yokohama,Japan,False,24731,False,24731,24,20
2017-10-10,Ecuador,Argentina,1,3,FIFA World Cup qualification,Quito,Ecuador,False,24731,False,24731,14,1
2017-10-10,South Korea,Morocco,1,3,Friendly,Biel,Switzerland,True,24731,True,24731,39,27
2017-11-09,Iran,Panama,2,1,Friendly,Graz,Austria,True,24761,True,24731,21,31
2017-11-09,Scotland,Netherlands,0,1,Friendly,Aberdeen,Scotland,False,24761,True,24761,36,28
2017-11-10,Portugal,Saudi Arabia,3,0,Friendly,Viseu,Portugal,False,24762,True,24761,33,35
2017-11-10,South Korea,Colombia,2,1,Friendly,Suwon,South Korea,False,24762,True,24762,39,9
2017-11-10,South Africa,Senegal,0,2,FIFA World Cup qualification,Polokwane,South Africa,False,24762,False,24762,38,37
2017-11-10,England,Germany,0,0,Friendly,London,England,False,24762,True,24762,16,18
2017-11-10,Belgium,Mexico,3,3,Friendly,Brussels,Belgium,False,24762,True,24762,4,26
2017-11-10,Japan,Brazil,1,3,Friendly,Villeneuve-d'Ascq,France,True,24762,True,24762,24,6
2017-11-11,Qatar,Czech Republic,0,1,Friendly,Doha,Qatar,False,24763,True,24762,34,12
2017-11-11,Ivory Coast,Morocco,0,2,FIFA World Cup qualification,Abidjan,Ivory Coast,False,24763,False,24763,23,27
2017-11-12,Ghana,Egypt,1,1,FIFA World Cup qualification,Kumasi,Ghana,False,24764,False,24763,19,15
2017-11-14,Portugal,United States,1,1,Friendly,Leiria,Portugal,False,24766,True,24764,33,45
2017-11-14,Senegal,South Africa,2,1,FIFA World Cup qualification,Dakar,Senegal,False,24766,False,24766,37,38
2017-11-14,Austria,Uruguay,2,1,Friendly,Vienna,Austria,False,24766,True,24766,3,46
2017-11-14,Belgium,Japan,1,0,Friendly,Bruges,Belgium,False,24766,True,24766,4,24
2017-11-14,England,Brazil,0,0,Friendly,London,England,False,24766,True,24766,16,6
2017-11-14,Germany,France,2,2,Friendly,Cologne,Germany,False,24766,True,24766,18,17
2017-12-16,Japan,South Korea,1,4,EAFF Championship,Chōfu,Japan,False,24798,False,24766,24,39
2017-12-26,Iraq,Qatar,2,1,Gulf Cup,Kuwait City,Kuwait,True,24808,False,24798,22,34
2018-01-28,United States,Bosnia and Herzegovina,0,0,Friendly,Carson,United States,False,24841,True,24808,45,5
2018-01-31,Mexico,Bosnia and Herzegovina,1,0,Friendly,San Antonio,United States,True,24844,True,24841,26,5
2018-02-28,Iraq,Saudi Arabia,4,1,Friendly,Basra,Iraq,False,24872,True,24844,22,35
2018-03-21,Iraq,Qatar,2,3,International Friendship Championship,Basra,Iraq,False,24893,False,24872,22,34
2018-03-23,Portugal,Egypt,2,1,Friendly,Zürich,Switzerland,True,24895,True,24893,33,15
2018-03-23,Senegal,Uzbekistan,1,1,Friendly,Casablanca,Morocco,True,24895,True,24895,37,47
2018-03-23,Tunisia,Iran,1,0,Friendly,Radès,Tunisia,False,24895,True,24895,43,21
2018-03-23,Norway,Australia,4,1,Friendly,Oslo,Norway,False,24895,True,24895,30,2
2018-03-23,Uruguay,Czech Republic,2,0,Friendly,Nanning,China,True,24895,True,24895,46,12
2018-03-23,Netherlands,England,0,1,Friendly,Amsterdam,Netherlands,False,24895,True,24895,28,16
2018-03-23,France,Colombia,2,3,Friendly,Saint-Denis,France,False,24895,True,24895,17,9
2018-03-23,Germany,Spain,1,1,Friendly,Düsseldorf,Germany,False,24895,True,24895,18,40
2018-03-24,Canada,New Zealand,1,0,Friendly,San Pedro del Pinatar,Spain,True,24896,True,24895,7,29
2018-03-26,Portugal,Netherlands,0,3,Friendly,Geneva,Switzerland,True,24898,True,24896,33,28
2018-03-27,Morocco,Uzbekistan,2,0,Friendly,Casablanca,Morocco,False,24899,True,24898,27,47
2018-03-27,Spain,Argentina,6,1,Friendly,Madrid,Spain,False,24899,True,24899,40,1
2018-03-27,Switzerland,Panama,6,0,Friendly,Lucerne,Switzerland,False,24899,True,24899,42,31
2018-03-27,United States,Paraguay,1,0,Friendly,Cary,United States,False,24899,True,24899,45,32
2018-03-27,Mexico,Croatia,0,1,Friendly,Arlington,United States,True,24899,True,24899,26,10
2018-03-27,Algeria,Iran,1,2,Friendly,Graz,Austria,True,24899,True,24899,0,21
2018-03-27,Australia,Colombia,0,0,Friendly,London,England,True,24899,True,24899,2,9
2018-03-27,Belgium,Saudi Arabia,4,0,Friendly,Brussels,Belgium,False,24899,True,24899,4,35
2018-03-27,Bosnia and Herzegovina,Senegal,0,0,Friendly,Le Havre,France,True,24899,True,24899,5,37
2018-03-27,Germany,Brazil,0,1,Friendly,Berlin,Germany,False,24899,True,24899,18,6
2018-05-09,Algeria,Saudi Arabia,0,2,Friendly,Cádiz,Spain,True,24942,True,24899,0,35
2018-05-19,Iran,Uzbekistan,1,0,Friendly,Tehran,Iran,False,24952,True,24942,21,47
2018-05-28,Turkey,Iran,2,1,Friendly,Istanbul,Turkey,False,24961,True,24952,44,21
2018-05-28,Portugal,Tunisia,2,2,Friendly,Braga,Portugal,False,24961,True,24961,33,43
2018-05-29,Argentina,Haiti,4,0,Friendly,Buenos Aires,Argentina,False,24962,True,24961,1,20
2018-05-30,Japan,Ghana,0,2,Friendly,Yokohama,Japan,False,24963,True,24962,24,19
2018-06-01,Colombia,Egypt,0,0,Friendly,Bergamo,Italy,True,24965,True,24963,9,15
2018-06-01,Czech Republic,Australia,0,4,Friendly,Sankt Pölten,Austria,True,24965,True,24965,12,2
2018-06-01,South Korea,Bosnia and Herzegovina,1,3,Friendly,Jeonju,South Korea,False,24965,True,24965,39,5
2018-06-01,Turkey,Tunisia,2,2,Friendly,Geneva,Switzerland,True,24965,True,24965,44,43
2018-06-01,Algeria,Cape Verde,2,3,Friendly,Algiers,Algeria,False,24965,True,24965,0,8
2018-06-02,Mexico,Scotland,1,0,Friendly,Mexico City,Mexico,False,24966,True,24965,26,36
2018-06-02,Belgium,Portugal,0,0,Friendly,Brussels,Belgium,False,24966,True,24966,4,33
2018-06-02,Austria,Germany,2,1,Friendly,Klagenfurt,Austria,False,24966,True,24966,3,18
2018-06-03,Croatia,Brazil,0,2,Friendly,Liverpool,England,True,24967,True,24966,10,6
2018-06-03,Spain,Switzerland,1,1,Friendly,Villarreal,Spain,False,24967,True,24967,40,42
2018-06-06,Norway,Panama,1,0,Friendly,Oslo,Norway,False,24970,True,24967,30,31
2018-06-06,Belgium,Egypt,3,0,Friendly,Brussels,Belgium,False,24970,True,24970,4,15
2018-06-07,Portugal,Algeria,3,0,Friendly,Lisbon,Portugal,False,24971,True,24970,33,0
2018-06-07,Uruguay,Uzbekistan,3,0,Friendly,Montevideo,Uruguay,False,24971,True,24971,46,47
2018-06-08,Croatia,Senegal,2,1,Friendly,Osijek,Croatia,False,24972,True,24971,10,37
2018-06-08,Switzerland,Japan,2,0,Friendly,Lugano,Switzerland,False,24972,True,24972,42,24
2018-06-08,Germany,Saudi Arabia,2,1,Friendly,Leverkusen,Germany,False,24972,True,24972,18,35
2018-06-09,France,United States,1,1,Friendly,Lyon,France,False,24973,True,24972,17,45
2018-06-09,Tunisia,Spain,0,1,Friendly,Krasnodar,Russia,True,24973,True,24973,43,40
2018-06-10,Austria,Brazil,0,3,Friendly,Vienna,Austria,False,24974,True,24973,3,6
2018-06-11,South Korea,Senegal,0,2,Friendly,Grödig,Austria,True,24975,True,24974,39,37
2018-06-12,Japan,Paraguay,4,2,Friendly,Innsbruck,Austria,True,24976,True,24975,24,32
2018-06-15,Egypt,Uruguay,0,1,FIFA World Cup,Ekaterinburg,Russia,True,24979,False,24976,15,46
2018-06-15,Morocco,Iran,0,1,FIFA World Cup,Saint Petersburg,Russia,True,24979,False,24979,27,21
2018-06-15,Portugal,Spain,3,3,FIFA World Cup,Sochi,Russia,True,24979,False,24979,33,40
2018-06-16,France,Australia,2,1,FIFA World Cup,Kazan,Russia,True,24980,False,24979,17,2
2018-06-17,Brazil,Switzerland,1,1,FIFA World Cup,Rostov-on-Don,Russia,True,24981,False,24980,6,42
2018-06-17,Germany,Mexico,0,1,FIFA World Cup,Moscow,Russia,True,24981,False,24981,18,26
2018-06-18,Sweden,South Korea,1,0,FIFA World Cup,Nizhny Novgorod,Russia,True,24982,False,24981,41,39
2018-06-18,Belgium,Panama,3,0,FIFA World Cup,Sochi,Russia,True,24982,False,24982,4,31
2018-06-18,Tunisia,England,1,2,FIFA World Cup,Volgograd,Russia,True,24982,False,24982,43,16
2018-06-19,Colombia,Japan,1,2,FIFA World Cup,Saransk,Russia,True,24983,False,24982,9,24
2018-06-20,Portugal,Morocco,1,0,FIFA World Cup,Moscow,Russia,True,24984,False,24983,33,27
2018-06-20,Uruguay,Saudi Arabia,1,0,FIFA World Cup,Rostov-on-Don,Russia,True,24984,False,24984,46,35
2018-06-20,Iran,Spain,0,1,FIFA World Cup,Kazan,Russia,True,24984,False,24984,21,40
2018-06-21,Argentina,Croatia,0,3,FIFA World Cup,Nizhny Novgorod,Russia,True,24985,False,24984,1,10
2018-06-23,Belgium,Tunisia,5,2,FIFA World Cup,Moscow,Russia,True,24987,False,24985,4,43
2018-06-23,South Korea,Mexico,1,2,FIFA World Cup,Rostov-on-Don,Russia,True,24987,False,24987,39,26
2018-06-23,Germany,Sweden,2,1,FIFA World Cup,Sochi,Russia,True,24987,False,24987,18,41
2018-06-24,England,Panama,6,1,FIFA World Cup,Nizhny Novgorod,Russia,True,24988,False,24987,16,31
2018-06-24,Japan,Senegal,2,2,FIFA World Cup,Ekaterinburg,Russia,True,24988,False,24988,24,37
2018-06-25,Iran,Portugal,1,1,FIFA World Cup,Saransk,Russia,True,24989,False,24988,21,33
2018-06-25,Spain,Morocco,2,2,FIFA World Cup,Kaliningrad,Russia,True,24989,False,24989,40,27
2018-06-25,Saudi Arabia,Egypt,2,1,FIFA World Cup,Volgograd,Russia,True,24989,False,24989,35,15
2018-06-27,South Korea,Germany,2,0,FIFA World Cup,Kazan,Russia,True,24991,False,24989,39,18
2018-06-27,Mexico,Sweden,0,3,FIFA World Cup,Ekaterinburg,Russia,True,24991,False,24991,26,41
2018-06-28,England,Belgium,0,1,FIFA World Cup,Kaliningrad,Russia,True,24992,False,24991,16,4
2018-06-28,Panama,Tunisia,1,2,FIFA World Cup,Saransk,Russia,True,24992,False,24992,31,43
2018-06-28,Senegal,Colombia,0,1,FIFA World Cup,Samara,Russia,True,24992,False,24992,37,9
2018-06-30,France,Argentina,4,3,FIFA World Cup,Kazan,Russia,True,24994,False,24992,17,1
2018-06-30,Uruguay,Portugal,2,1,FIFA World Cup,Sochi,Russia,True,24994,False,24994,46,33
2018-07-02,Brazil,Mexico,2,0,FIFA World Cup,Samara,Russia,True,24996,False,24994,6,26
2018-07-02,Belgium,Japan,3,2,FIFA World Cup,Rostov-on-Don,Russia,True,24996,False,24996,4,24
2018-07-03,Sweden,Switzerland,1,0,FIFA World Cup,Saint Petersburg,Russia,True,24997,False,24996,41,42
2018-07-03,Colombia,England,1,1,FIFA World Cup,Moscow,Russia,True,24997,False,24997,9,16
2018-07-06,Uruguay,France,0,2,FIFA World Cup,Nizhny Novgorod,Russia,True,25000,False,24997,46,17
2018-07-06,Brazil,Belgium,1,2,FIFA World Cup,Kazan,Russia,True,25000,False,25000,6,4
2018-07-07,Sweden,England,0,2,FIFA World Cup,Samara,Russia,True,25001,False,25000,41,16
2018-07-10,France,Belgium,1,0,FIFA World Cup,Saint Petersburg,Russia,True,25004,False,25001,17,4
2018-07-11,Croatia,England,2,1,FIFA World Cup,Moscow,Russia,True,25005,False,25004,10,16
2018-07-14,Belgium,England,2,0,FIFA World Cup,Saint Petersburg,Russia,True,25008,False,25005,4,16
2018-07-15,France,Croatia,4,2,FIFA World Cup,Moscow,Russia,True,25009,False,25008,17,10
2018-09-06,Portugal,Croatia,1,1,Friendly,Faro-Loulé,Portugal,False,25062,True,25009,33,10
2018-09-06,Austria,Sweden,2,0,Friendly,Vienna,Austria,False,25062,True,25062,3,41
2018-09-06,Germany,France,0,0,UEFA Nations League,Munich,Germany,False,25062,False,25062,18,17
2018-09-07,Scotland,Belgium,0,4,Friendly,Glasgow,Scotland,False,25063,True,25062,36,4
2018-09-07,United States,Brazil,0,2,Friendly,East Rutherford,United States,False,25063,True,25063,45,6
2018-09-07,Mexico,Uruguay,1,4,Friendly,Houston,United States,True,25063,True,25063,26,46
2018-09-08,England,Spain,1,2,UEFA Nations League,London,England,False,25064,False,25063,16,40
2018-09-09,France,Netherlands,2,1,UEFA Nations League,Paris,France,False,25065,False,25064,17,28
2018-09-10,Sweden,Turkey,2,3,UEFA Nations League,Stockholm,Sweden,False,25066,False,25065,41,44
2018-09-11,United States,Mexico,1,0,Friendly,Nashville,United States,False,25067,True,25066,45,26
2018-09-11,Uzbekistan,Iran,0,1,Friendly,Tashkent,Uzbekistan,False,25067,True,25067,47,21
2018-09-11,England,Switzerland,1,0,Friendly,London,England,False,25067,True,25067,16,42
2018-09-11,Colombia,Argentina,0,0,Friendly,East Rutherford,United States,True,25067,True,25067,9,1
2018-09-11,Bosnia and Herzegovina,Austria,1,0,UEFA Nations League,Zenica,Bosnia and Herzegovina,False,25067,False,25067,5,3
2018-09-11,Spain,Croatia,6,0,UEFA Nations League,Elche,Spain,False,25067,False,25067,40,10
2018-10-11,United States,Colombia,2,4,Friendly,Tampa,United States,False,25097,True,25067,45,9
2018-10-11,Turkey,Bosnia and Herzegovina,0,0,Friendly,Rize,Turkey,False,25097,True,25097,44,5
2018-10-11,Argentina,Iraq,4,0,Friendly,Riyadh,Saudi Arabia,True,25097,True,25097,1,22
2018-10-12,Belgium,Switzerland,2,1,UEFA Nations League,Brussels,Belgium,False,25098,False,25097,4,42
2018-10-12,Croatia,England,0,0,UEFA Nations League,Rijeka,Croatia,False,25098,False,25098,10,16
2018-10-12,Japan,Panama,3,0,Kirin Challenge Cup,Niigata,Japan,False,25098,False,25098,24,31
2018-10-12,South Korea,Uruguay,2,1,Friendly,Seoul,South Korea,False,25098,True,25098,39,46
2018-10-12,Qatar,Ecuador,4,3,Friendly,Doha,Qatar,False,25098,True,25098,34,14
2018-10-12,Saudi Arabia,Brazil,0,2,Friendly,Riyadh,Saudi Arabia,False,25098,True,25098,35,6
2018-10-13,Netherlands,Germany,3,0,UEFA Nations League,Amsterdam,Netherlands,False,25099,False,25098,28,18
2018-10-14,Scotland,Portugal,1,3,Friendly,Glasgow,Scotland,False,25100,True,25099,36,33
2018-10-15,Saudi Arabia,Iraq,1,1,Friendly,Riyadh,Saudi Arabia,False,25101,True,25100,35,22
2018-10-15,Croatia,Jordan,2,1,Friendly,Rijeka,Croatia,False,25101,True,25101,10,25
2018-10-15,Spain,England,2,3,UEFA Nations League,Seville,Spain,False,25101,False,25101,40,16
2018-10-16,Argentina,Brazil,0,1,Superclásico de las Américas,Jeddah,Saudi Arabia,True,25102,False,25101,1,6
2018-10-16,France,Germany,2,1,UEFA Nations League,Paris,France,False,25102,False,25102,17,18
2018-10-16,Belgium,Netherlands,1,1,Friendly,Brussels,Belgium,False,25102,True,25102,4,28
2018-10-16,Uzbekistan,Qatar,2,0,Friendly,Tashkent,Uzbekistan,False,25102,True,25102,47,34
2018-10-16,Japan,Uruguay,4,3,Kirin Challenge Cup,Saitama,Japan,False,25102,False,25102,24,46
2018-10-16,South Korea,Panama,2,2,Friendly,Cheonan,South Korea,False,25102,True,25102,39,31
2018-11-14,Switzerland,Qatar,0,1,Friendly,Lugano,Switzerland,False,25131,True,25102,42,34
2018-11-15,England,United States,3,0,Friendly,London,England,False,25132,True,25131,16,45
2018-11-15,Austria,Bosnia and Herzegovina,0,0,UEFA Nations League,Vienna,Austria,False,25132,False,25132,3,5
2018-11-15,Croatia,Spain,3,2,UEFA Nations League,Zagreb,Croatia,False,25132,False,25132,10,40
2018-11-16,Egypt,Tunisia,3,2,African Cup of Nations qualification,Alexandria,Egypt,False,25133,False,25132,15,43
2018-11-16,Netherlands,France,2,0,UEFA Nations League,Rotterdam,Netherlands,False,25133,False,25133,28,17
2018-11-16,Argentina,Mexico,2,0,Friendly,Córdoba,Argentina,False,25133,True,25133,1,26
2018-11-16,Brazil,Uruguay,1,0,Friendly,London,England,True,25133,True,25133,6,46
2018-11-17,Australia,South Korea,1,1,Friendly,Brisbane,Australia,False,25134,True,25133,2,39
2018-11-17,Turkey,Sweden,0,1,UEFA Nations League,Konya,Turkey,False,25134,False,25134,44,41
2018-11-18,Switzerland,Belgium,5,2,UEFA Nations League,Lucerne,Switzerland,False,25135,False,25134,42,4
2018-11-18,England,Croatia,2,1,UEFA Nations League,London,England,False,25135,False,25135,16,10
2018-11-18,Spain,Bosnia and Herzegovina,1,0,Friendly,Las Palmas,Spain,False,25135,True,25135,40,5
2018-11-19,Germany,Netherlands,2,2,UEFA Nations League,Gelsenkirchen,Germany,False,25136,False,25135,18,28
2018-11-20,Jordan,Saudi Arabia,1,1,Friendly,Amman,Jordan,False,25137,True,25136,25,35
2018-11-20,South Korea,Uzbekistan,4,0,Friendly,Brisbane,Australia,True,25137,True,25137,39,47
2018-11-20,Panama,Ecuador,1,2,Friendly,Panama City,Panama,False,25137,True,25137,31,14
2018-11-20,South Africa,Paraguay,1,1,Friendly,Durban,South Africa,False,25137,True,25137,38,32
2018-11-20,Tunisia,Morocco,0,1,Friendly,Radès,Tunisia,False,25137,True,25137,43,27
2018-11-20,France,Uruguay,1,0,Friendly,Paris,France,False,25137,True,25137,17,46
2018-11-20,Argentina,Mexico,2,0,Friendly,Mendoza,Argentina,False,25137,True,25137,1,26
2018-12-23,Qatar,Jordan,2,0,Friendly,Doha,Qatar,False,25170,True,25137,34,25
2018-12-27,Qatar,Algeria,0,1,Friendly,Doha,Qatar,False,25174,True,25170,34,0
2018-12-31,South Korea,Saudi Arabia,0,0,Friendly,Abu Dhabi,United Arab Emirates,True,25178,True,25174,39,35
2018-12-31,Qatar,Iran,1,2,Friendly,Doha,Qatar,False,25178,True,25178,34,21
2019-01-06,Australia,Jordan,0,1,AFC Asian Cup,Al Ain,United Arab Emirates,True,25184,False,25178,2,25
2019-01-16,Iran,Iraq,0,0,AFC Asian Cup,Dubai,United Arab Emirates,True,25194,False,25184,21,22
2019-01-17,Saudi Arabia,Qatar,0,2,AFC Asian Cup,Abu Dhabi,United Arab Emirates,True,25195,False,25194,35,34
2019-01-17,Japan,Uzbekistan,2,1,AFC Asian Cup,Al Ain,United Arab Emirates,True,25195,False,25195,24,47
2019-01-21,Japan,Saudi Arabia,1,0,AFC Asian Cup,Sharjah,United Arab Emirates,True,25199,False,25195,24,35
2019-01-21,Australia,Uzbekistan,0,0,AFC Asian Cup,Al Ain,United Arab Emirates,True,25199,False,25199,2,47
2019-01-22,Qatar,Iraq,1,0,AFC Asian Cup,Abu Dhabi,United Arab Emirates,True,25200,False,25199,34,22
2019-01-25,South Korea,Qatar,0,1,AFC Asian Cup,Abu Dhabi,United Arab Emirates,True,25203,False,25200,39,34
2019-01-27,United States,Panama,3,0,Friendly,Glendale,United States,False,25205,True,25203,45,31
2019-01-28,Iran,Japan,0,3,AFC Asian Cup,Al Ain,United Arab Emirates,True,25206,False,25205,21,24
2019-02-01,Japan,Qatar,1,3,AFC Asian Cup,Abu Dhabi,United Arab Emirates,True,25210,False,25206,24,34
2019-03-21,United States,Ecuador,1,0,Friendly,Orlando,United States,False,25258,True,25210,45,14
2019-03-22,Japan,Colombia,0,1,Kirin Challenge Cup,Yokohama,Japan,False,25259,False,25258,24,9
2019-03-22,England,Czech Republic,5,0,UEFA Euro qualification,London,England,False,25259,False,25259,16,12
2019-03-23,Brazil,Panama,1,1,Friendly,Porto,Portugal,True,25260,True,25259,6,31
2019-03-23,Spain,Norway,2,1,UEFA Euro qualification,Valencia,Spain,False,25260,False,25260,40,30
2019-03-24,Netherlands,Germany,2,3,UEFA Euro qualification,Amsterdam,Netherlands,False,25261,False,25260,28,18
2019-03-26,Norway,Sweden,3,3,UEFA Euro qualification,Oslo,Norway,False,25263,False,25261,30,41
2019-03-26,Paraguay,Mexico,2,4,Friendly,Santa Clara,United States,True,25263,True,25263,32,26
2019-03-26,Algeria,Tunisia,1,0,Friendly,Blida,Algeria,False,25263,True,25263,0,43
2019-03-26,Czech Republic,Brazil,1,3,Friendly,Prague,Czech Republic,False,25263,True,25263,12,6
2019-03-26,South Korea,Colombia,2,1,Friendly,Seoul,South Korea,False,25263,True,25263,39,9
2019-03-26,Morocco,Argentina,0,1,Friendly,Tangier,Morocco,False,25263,True,25263,27,1
2019-06-02,Turkey,Uzbekistan,2,0,Friendly,Alanya,Turkey,False,25331,True,25263,44,47
2019-06-03,Colombia,Panama,3,0,Friendly,Bogotá,Colombia,False,25332,True,25331,9,31
2019-06-05,Portugal,Switzerland,3,1,UEFA Nations League,Porto,Portugal,False,25334,False,25332,33,42
2019-06-05,Brazil,Qatar,2,0,Friendly,Brasília,Brazil,False,25334,True,25334,6,34
2019-06-06,England,Netherlands,1,3,UEFA Nations League,Guimarães,Portugal,True,25335,False,25334,16,28
2019-06-07,South Korea,Australia,1,0,Friendly,Busan,South Korea,False,25336,True,25335,39,2
2019-06-07,Uruguay,Panama,3,0,Friendly,Montevideo,Uruguay,False,25336,True,25336,46,31
2019-06-07,Tunisia,Iraq,2,0,Friendly,Radès,Tunisia,False,25336,True,25336,43,22
2019-06-08,Turkey,France,2,0,UEFA Euro qualification,Konya,Turkey,False,25337,False,25336,44,17
2019-06-09,Portugal,Netherlands,1,0,UEFA Nations League,Porto,Portugal,False,25338,False,25337,33,28
2019-06-09,Switzerland,England,0,0,UEFA Nations League,Guimarães,Portugal,True,25338,False,25338,42,16
2019-06-09,Mexico,Ecuador,3,2,Friendly,Arlington,United States,True,25338,True,25338,26,14
2019-06-10,Spain,Sweden,3,0,UEFA Euro qualification,Madrid,Spain,False,25339,False,25338,40,41
2019-06-11,South Korea,Iran,1,1,Friendly,Seoul,South Korea,False,25340,True,25339,39,21
2019-06-11,Croatia,Tunisia,1,2,Friendly,Varaždin,Croatia,False,25340,True,25340,10,43
2019-06-11,Belgium,Scotland,3,0,UEFA Euro qualification,Brussels,Belgium,False,25340,False,25340,4,36
2019-06-15,Ghana,South Africa,0,0,Friendly,Dubai,United Arab Emirates,True,25344,True,25340,19,38
2019-06-15,Argentina,Colombia,0,2,Copa América,Salvador,Brazil,True,25344,False,25344,1,9
2019-06-16,Uruguay,Ecuador,4,0,Copa América,Belo Horizonte,Brazil,True,25345,False,25344,46,14
2019-06-16,Paraguay,Qatar,2,2,Copa América,Rio de Janeiro,Brazil,True,25345,False,25345,32,34
2019-06-19,Mexico,Canada,3,1,Gold Cup,Denver,United States,True,25348,False,25345,26,7
2019-06-19,Colombia,Qatar,1,0,Copa América,São Paulo,Brazil,True,25348,False,25348,9,34
2019-06-19,Argentina,Paraguay,1,1,Copa América,Belo Horizonte,Brazil,True,25348,False,25348,1,32
2019-06-20,Uruguay,Japan,2,2,Copa América,Porto Alegre,Brazil,True,25349,False,25348,46,24
2019-06-23,Colombia,Paraguay,1,0,Copa América,Salvador,Brazil,True,25352,False,25349,9,32
2019-06-23,Qatar,Argentina,0,2,Copa América,Porto Alegre,Brazil,True,25352,False,25352,34,1
2019-06-24,Ecuador,Japan,1,1,Copa América,Belo Horizonte,Brazil,True,25353,False,25352,14,24
2019-06-24,Ivory Coast,South Africa,1,0,African Cup of Nations,Cairo,Egypt,True,25353,False,25353,23,38
2019-06-26,United States,Panama,1,0,Gold Cup,Kansas City,United States,False,25355,False,25353,45,31
2019-06-26,Egypt,DR Congo,2,0,African Cup of Nations,Cairo,Egypt,False,25355,False,25355,15,13
2019-06-27,Senegal,Algeria,0,1,African Cup of Nations,Cairo,Egypt,True,25356,False,25355,37,0
2019-06-27,Brazil,Paraguay,0,0,Copa América,Porto Alegre,Brazil,False,25356,False,25356,6,32
2019-06-28,Morocco,Ivory Coast,1,0,African Cup of Nations,Cairo,Egypt,True,25357,False,25356,27,23
2019-06-29,Haiti,Canada,3,2,Gold Cup,Houston,United States,True,25358,False,25357,20,7
2019-06-30,United States,Curaçao,1,0,Gold Cup,Philadelphia,United States,False,25359,False,25358,45,11
2019-07-01,South Africa,Morocco,0,1,African Cup of Nations,Cairo,Egypt,True,25360,False,25359,38,27
2019-07-02,Brazil,Argentina,2,0,Copa América,Belo Horizonte,Brazil,False,25361,False,25360,6,1
2019-07-02,Haiti,Mexico,0,1,Gold Cup,Glendale,United States,True,25361,False,25361,20,26
2019-07-06,Egypt,South Africa,0,1,African Cup of Nations,Cairo,Egypt,False,25365,False,25361,15,38
2019-07-07,United States,Mexico,0,1,Gold Cup,Chicago,United States,False,25366,False,25365,45,26
2019-07-08,Ghana,Tunisia,1,1,African Cup of Nations,Ismailia,Egypt,True,25367,False,25366,19,43
2019-07-11,Ivory Coast,Algeria,1,1,African Cup of Nations,Suez,Egypt,True,25370,False,25367,23,0
2019-07-14,Senegal,Tunisia,1,0,African Cup of Nations,Cairo,Egypt,True,25373,False,25370,37,43
2019-07-19,Senegal,Algeria,0,1,African Cup of Nations,Cairo,Egypt,True,25378,False,25373,37,0
2019-08-10,Jordan,Saudi Arabia,3,0,WAFF Championship,Erbil,Iraq,True,25400,False,25378,25,35
2019-09-05,Japan,Paraguay,2,0,Kirin Challenge Cup,Kashima,Japan,False,25426,False,25400,24,32
2019-09-06,Brazil,Colombia,2,2,Friendly,Miami Gardens,United States,True,25427,True,25426,6,9
2019-09-06,United States,Mexico,0,3,Friendly,East Rutherford,United States,False,25427,True,25427,45,26
2019-09-06,Germany,Netherlands,2,4,UEFA Euro qualification,Hamburg,Germany,False,25427,False,25427,18,28
2019-09-07,Curaçao,Haiti,1,0,CONCACAF Nations League,Willemstad,Curaçao,False,25428,False,25427,11,20
2019-09-08,Sweden,Norway,1,1,UEFA Euro qualification,Stockholm,Sweden,False,25429,False,25428,41,30
2019-09-09,Scotland,Belgium,0,4,UEFA Euro qualification,Glasgow,Scotland,False,25430,False,25429,36,4
2019-09-09,Iraq,Uzbekistan,0,0,Friendly,Amman,Jordan,True,25430,True,25430,22,47
2019-09-10,Argentina,Mexico,4,0,Friendly,San Antonio,United States,True,25431,True,25430,1,26
2019-09-10,Ivory Coast,Tunisia,2,1,Friendly,Rouen,France,True,25431,True,25431,23,43
2019-09-10,Jordan,Paraguay,2,4,Friendly,Amman,Jordan,False,25431,True,25431,25,32
2019-09-10,Haiti,Curaçao,1,1,CONCACAF Nations League,Port-au-Prince,Haiti,False,25431,False,25431,20,11
2019-09-10,United States,Uruguay,1,1,Friendly,St. Louis,United States,False,25431,True,25431,45,46
2019-10-09,Germany,Argentina,2,2,Friendly,Dortmund,Germany,False,25460,True,25431,18,1
2019-10-10,Brazil,Senegal,1,1,Friendly,Kallang,Singapore,True,25461,True,25460,6,37
2019-10-10,Algeria,DR Congo,1,1,Friendly,Blida,Algeria,False,25461,True,25461,0,13
2019-10-11,Czech Republic,England,2,1,UEFA Euro qualification,Prague,Czech Republic,False,25462,False,25461,12,16
2019-10-12,Ivory Coast,DR Congo,3,1,Friendly,Amiens,France,False,25463,True,25462,23,13
2019-10-12,Norway,Spain,1,1,UEFA Euro qualification,Oslo,Norway,False,25463,False,25463,30,40
2019-10-13,Ecuador,Argentina,1,6,Friendly,Elche,Spain,True,25464,True,25463,14,1
2019-10-14,France,Turkey,1,1,UEFA Euro qualification,Paris,France,False,25465,False,25464,17,44
2019-10-15,Mexico,Panama,3,1,CONCACAF Nations League,Mexico City,Mexico,False,25466,False,25465,26,31
2019-10-15,Sweden,Spain,1,1,UEFA Euro qualification,Stockholm,Sweden,False,25466,False,25466,41,40
2019-10-15,Algeria,Colombia,3,0,Friendly,Villeneuve-d'Ascq,France,True,25466,True,25466,0,9
2019-10-15,Canada,United States,2,0,CONCACAF Nations League,Toronto,Canada,False,25466,False,25466,7,45
2019-11-14,Jordan,Australia,0,1,FIFA World Cup qualification,Amman,Jordan,False,25496,False,25466,25,2
2019-11-14,Iraq,Iran,2,1,FIFA World Cup qualification,Amman,Jordan,True,25496,False,25496,22,21
2019-11-14,Uzbekistan,Saudi Arabia,2,3,FIFA World Cup qualification,Tashkent,Uzbekistan,False,25496,False,25496,47,35
2019-11-14,Ghana,South Africa,2,0,African Cup of Nations qualification,Cape Coast,Ghana,False,25496,False,25496,19,38
2019-11-15,United States,Canada,4,1,CONCACAF Nations League,Orlando,United States,False,25497,False,25496,45,7
2019-11-15,Panama,Mexico,0,3,CONCACAF Nations League,Panama City,Panama,False,25497,False,25497,31,26
2019-11-15,Brazil,Argentina,0,1,Superclásico de las Américas,Riyadh,Saudi Arabia,True,25497,False,25497,6,1
2019-11-18,Argentina,Uruguay,2,2,Friendly,Tel Aviv,Israel,True,25500,True,25497,1,46
2019-11-19,Saudi Arabia,Paraguay,0,0,Friendly,Riyadh,Saudi Arabia,False,25501,True,25500,35,32
2019-11-19,Brazil,South Korea,3,0,Friendly,Abu Dhabi,United Arab Emirates,True,25501,True,25501,6,39
2019-11-19,Ecuador,Colombia,0,1,Friendly,Harrison,United States,True,25501,True,25501,14,9
2019-11-26,Qatar,Iraq,1,2,Gulf Cup,Doha,Qatar,False,25508,False,25501,34,22
2019-12-05,Qatar,Saudi Arabia,0,1,Gulf Cup,Al Wakrah,Qatar,False,25517,False,25508,34,35
2019-12-18,South Korea,Japan,1,0,EAFF Championship,Busan,South Korea,False,25530,False,25517,39,24
2020-09-03,Germany,Spain,1,1,UEFA Nations League,Stuttgart,Germany,False,25790,False,25530,18,40
2020-09-04,Norway,Austria,1,2,UEFA Nations League,Oslo,Norway,False,25791,False,25790,30,3
2020-09-05,Portugal,Croatia,4,1,UEFA Nations League,Porto,Portugal,False,25792,False,25791,33,10
2020-09-05,Sweden,France,0,1,UEFA Nations League,Stockholm,Sweden,False,25792,False,25792,41,17
2020-09-06,Switzerland,Germany,1,1,UEFA Nations League,Basel,Switzerland,False,25793,False,25792,42,18
2020-09-07,Czech Republic,Scotland,1,2,UEFA Nations League,Olomouc,Czech Republic,False,25794,False,25793,12,36
2020-09-08,France,Croatia,4,2,UEFA Nations League,Paris,France,False,25795,False,25794,17,10
2020-09-08,Sweden,Portugal,0,2,UEFA Nations League,Stockholm,Sweden,False,25795,False,25795,41,33
2020-10-07,Switzerland,Croatia,1,2,Friendly,St. Gallen,Switzerland,False,25824,True,25795,42,10
2020-10-07,Portugal,Spain,0,0,Friendly,Lisbon,Portugal,False,25824,True,25824,33,40
2020-10-07,Netherlands,Mexico,0,1,Friendly,Amsterdam,Netherlands,False,25824,True,25824,28,26
2020-10-07,Germany,Turkey,3,3,Friendly,Cologne,Germany,False,25824,True,25824,18,44
2020-10-08,Argentina,Ecuador,1,0,FIFA World Cup qualification,Buenos Aires,Argentina,False,25825,False,25824,1,14
2020-10-08,Uzbekistan,Iran,1,2,Friendly,Tashkent,Uzbekistan,False,25825,True,25825,47,21
2020-10-08,Belgium,Ivory Coast,1,1,Friendly,Brussels,Belgium,False,25825,True,25825,4,23
2020-10-09,Morocco,Senegal,3,1,Friendly,Rabat,Morocco,False,25826,True,25825,27,37
2020-10-10,Spain,Switzerland,1,0,UEFA Nations League,Madrid,Spain,False,25827,False,25826,40,42
2020-10-11,France,Portugal,0,0,UEFA Nations League,Paris,France,False,25828,False,25827,17,33
2020-10-11,Croatia,Sweden,2,1,UEFA Nations League,Zagreb,Croatia,False,25828,False,25828,10,41
2020-10-11,England,Belgium,2,1,UEFA Nations League,London,England,False,25828,False,25828,16,4
2020-10-11,Bosnia and Herzegovina,Netherlands,0,0,UEFA Nations League,Zenica,Bosnia and Herzegovina,False,25828,False,25828,5,28
2020-10-12,Ghana,Qatar,5,1,Friendly,Aksu,Turkey,True,25829,True,25828,19,34
2020-10-13,Morocco,DR Congo,1,1,Friendly,Rabat,Morocco,False,25830,True,25829,27,13
2020-10-13,Ecuador,Uruguay,4,2,FIFA World Cup qualification,Quito,Ecuador,False,25830,False,25830,14,46
2020-10-13,Mexico,Algeria,2,2,Friendly,The Hague,Netherlands,True,25830,True,25830,26,0
2020-10-13,Germany,Switzerland,3,3,UEFA Nations League,Cologne,Germany,False,25830,False,25830,18,42
2020-10-13,Japan,Ivory Coast,1,0,Friendly,Utrecht,Netherlands,True,25830,True,25830,24,23
2020-10-14,Scotland,Czech Republic,1,0,UEFA Nations League,Glasgow,Scotland,False,25831,False,25830,36,12
2020-10-14,Croatia,France,1,2,UEFA Nations League,Zagreb,Croatia,False,25831,False,25831,10,17
2020-10-14,Portugal,Sweden,3,0,UEFA Nations League,Lisbon,Portugal,False,25831,False,25831,33,41
2020-11-11,Turkey,Croatia,3,3,Friendly,Istanbul,Turkey,False,25859,True,25831,44,10
2020-11-11,Netherlands,Spain,1,1,Friendly,Amsterdam,Netherlands,False,25859,True,25859,28,40
2020-11-11,Belgium,Switzerland,2,1,Friendly,Leuven,Belgium,False,25859,True,25859,4,42
2020-11-11,Germany,Czech Republic,1,0,Friendly,Leipzig,Germany,False,25859,True,25859,18,12
2020-11-12,Argentina,Paraguay,1,1,FIFA World Cup qualification,Buenos Aires,Argentina,False,25860,False,25859,1,32
2020-11-12,Jordan,Iraq,0,0,Friendly,Dubai,United Arab Emirates,True,25860,True,25860,25,22
2020-11-12,Bosnia and Herzegovina,Iran,0,2,Friendly,Sarajevo,Bosnia and Herzegovina,False,25860,True,25860,5,21
2020-11-13,Colombia,Uruguay,0,3,FIFA World Cup qualification,Barranquilla,Colombia,False,25861,False,25860,9,46
2020-11-13,Japan,Panama,1,0,Friendly,Graz,Austria,True,25861,True,25861,24,31
2020-11-14,Mexico,South Korea,3,2,Friendly,Wiener Neustadt,Austria,True,25862,True,25861,26,39
2020-11-14,Portugal,France,0,1,UEFA Nations League,Lisbon,Portugal,False,25862,False,25862,33,17
2020-11-14,Switzerland,Spain,1,1,UEFA Nations League,Basel,Switzerland,False,25862,False,25862,42,40
2020-11-14,Sweden,Croatia,2,1,UEFA Nations League,Stockholm,Sweden,False,25862,False,25862,41,10
2020-11-15,Belgium,England,2,0,UEFA Nations League,Leuven,Belgium,False,25863,False,25862,4,16
2020-11-15,Netherlands,Bosnia and Herzegovina,3,1,UEFA Nations League,Amsterdam,Netherlands,False,25863,False,25863,28,5
2020-11-16,United States,Panama,6,2,Friendly,Wiener Neustadt,Austria,True,25864,True,25863,45,31
2020-11-17,Uruguay,Brazil,0,2,FIFA World Cup qualification,Montevideo,Uruguay,False,25865,False,25864,46,6
2020-11-17,Uzbekistan,Iraq,1,2,Friendly,Dubai,United Arab Emirates,True,25865,True,25865,47,22
2020-11-17,Ecuador,Colombia,6,1,FIFA World Cup qualification,Quito,Ecuador,False,25865,False,25865,14,9
2020-11-17,Croatia,Portugal,2,3,UEFA Nations League,Split,Croatia,False,25865,False,25865,10,33
2020-11-17,France,Sweden,4,2,UEFA Nations League,Paris,France,False,25865,False,25865,17,41
2020-11-17,Spain,Germany,6,0,UEFA Nations League,Seville,Spain,False,25865,False,25865,40,18
2020-11-17,Japan,Mexico,0,2,Friendly,Graz,Austria,True,25865,True,25865,24,26
2020-11-17,South Korea,Qatar,2,1,Friendly,Maria Enzersdorf,Austria,True,25865,True,25865,39,34
2020-11-18,Austria,Norway,1,1,UEFA Nations League,Vienna,Austria,False,25866,False,25865,3,30
2021-02-15,Jordan,Uzbekistan,0,2,Friendly,Dubai,United Arab Emirates,True,25955,True,25866,25,47
2021-03-24,Turkey,Netherlands,4,2,FIFA World Cup qualification,Istanbul,Turkey,False,25992,False,25955,44,28
2021-03-25,South Africa,Ghana,1,1,African Cup of Nations qualification,Johannesburg,South Africa,False,25993,False,25992,38,19
2021-03-25,Scotland,Austria,2,2,FIFA World Cup qualification,Glasgow,Scotland,False,25993,False,25993,36,3
2021-03-25,Japan,South Korea,3,0,Friendly,Yokohama,Japan,False,25993,True,25993,24,39
2021-03-27,Norway,Turkey,0,3,FIFA World Cup qualification,Málaga,Spain,True,25995,False,25993,30,44
2021-03-27,Czech Republic,Belgium,1,1,FIFA World Cup qualification,Prague,Czech Republic,False,25995,False,25995,12,4
2021-03-29,Uzbekistan,Iraq,0,1,Friendly,Tashkent,Uzbekistan,False,25997,True,25995,47,22
2021-03-31,Bosnia and Herzegovina,France,0,1,FIFA World Cup qualification,Sarajevo,Bosnia and Herzegovina,False,25999,False,25997,5,17
2021-05-30,Switzerland,United States,2,1,Friendly,St. Gallen,Switzerland,False,26059,True,25999,42,45
2021-06-02,England,Austria,1,0,Friendly,London,England,False,26062,True,26059,16,3
2021-06-02,Netherlands,Scotland,2,2,Friendly,São João da Venda,Portugal,True,26062,True,26062,28,36
2021-06-03,Uruguay,Paraguay,0,0,FIFA World Cup qualification,Montevideo,Uruguay,False,26063,False,26062,46,32
2021-06-04,Brazil,Ecuador,2,0,FIFA World Cup qualification,Porto Alegre,Brazil,False,26064,False,26063,6,14
2021-06-04,Spain,Portugal,0,0,Friendly,Madrid,Spain,False,26064,True,26064,40,33
2021-06-05,Tunisia,DR Congo,1,0,Friendly,Radès,Tunisia,False,26065,True,26064,43,13
2021-06-06,United States,Mexico,3,2,CONCACAF Nations League,Denver,United States,False,26066,False,26065,45,26
2021-06-06,Belgium,Croatia,1,0,Friendly,Brussels,Belgium,False,26066,True,26066,4,10
2021-06-08,Colombia,Argentina,2,2,FIFA World Cup qualification,Barranquilla,Colombia,False,26068,False,26066,9,1
2021-06-08,Paraguay,Brazil,0,2,FIFA World Cup qualification,Asunción,Paraguay,False,26068,False,26068,32,6
2021-06-08,Morocco,Ghana,1,0,Friendly,Rabat,Morocco,False,26068,True,26068,27,19
2021-06-08,Senegal,Cape Verde,2,0,Friendly,Thiès,Senegal,False,26068,True,26068,37,8
2021-06-11,Tunisia,Algeria,0,2,Friendly,Radès,Tunisia,False,26071,True,26068,43,0
2021-06-12,Haiti,Canada,0,1,FIFA World Cup qualification,Port-au-Prince,Haiti,False,26072,False,26071,20,7
2021-06-12,Panama,Curaçao,2,1,FIFA World Cup qualification,Panama City,Panama,False,26072,False,26072,31,11
2021-06-12,Ghana,Ivory Coast,0,0,Friendly,Cape Coast,Ghana,False,26072,True,26072,19,23
2021-06-13,Colombia,Ecuador,1,0,Copa América,Cuiabá,Brazil,True,26073,False,26072,9,14
2021-06-13,England,Croatia,1,0,UEFA Euro,London,England,False,26073,False,26073,16,10
2021-06-14,Spain,Sweden,0,0,UEFA Euro,Seville,Spain,False,26074,False,26073,40,41
2021-06-14,Scotland,Czech Republic,0,2,UEFA Euro,Glasgow,Scotland,False,26074,False,26074,36,12
2021-06-15,Germany,France,0,1,UEFA Euro,Munich,Germany,False,26075,False,26074,18,17
2021-06-15,Curaçao,Panama,0,0,FIFA World Cup qualification,Willemstad,Curaçao,False,26075,False,26075,11,31
2021-06-15,Canada,Haiti,3,0,FIFA World Cup qualification,Bridgeview,United States,True,26075,False,26075,7,20
2021-06-15,Australia,Jordan,1,0,FIFA World Cup qualification,Kuwait City,Kuwait,True,26075,False,26075,2,25
2021-06-15,Iran,Iraq,1,0,FIFA World Cup qualification,Arad,Iran,False,26075,False,26075,21,22
2021-06-15,Saudi Arabia,Uzbekistan,3,0,FIFA World Cup qualification,Riyadh,Saudi Arabia,False,26075,False,26075,35,47
2021-06-17,Netherlands,Austria,2,0,UEFA Euro,Amsterdam,Netherlands,False,26077,False,26075,28,3
2021-06-18,Argentina,Uruguay,1,0,Copa América,Brasília,Brazil,True,26078,False,26077,1,46
2021-06-18,Croatia,Czech Republic,1,1,UEFA Euro,Glasgow,Scotland,True,26078,False,26078,10,12
2021-06-18,England,Scotland,0,0,UEFA Euro,London,England,False,26078,False,26078,16,36
2021-06-19,Germany,Portugal,4,2,UEFA Euro,Munich,Germany,False,26079,False,26078,18,33
2021-06-20,Switzerland,Turkey,3,1,UEFA Euro,Baku,Azerbaijan,True,26080,False,26079,42,44
2021-06-21,Argentina,Paraguay,1,0,Copa América,Brasília,Brazil,True,26081,False,26080,1,32
2021-06-22,Scotland,Croatia,1,3,UEFA Euro,Glasgow,Scotland,False,26082,False,26081,36,10
2021-06-22,England,Czech Republic,1,0,UEFA Euro,London,England,False,26082,False,26082,16,12
2021-06-23,Portugal,France,2,2,UEFA Euro,Budapest,Hungary,True,26083,False,26082,33,17
2021-06-23,Brazil,Colombia,2,1,Copa América,Rio de Janeiro,Brazil,False,26083,False,26083,6,9
2021-06-27,Netherlands,Czech Republic,0,2,UEFA Euro,Budapest,Hungary,True,26087,False,26083,28,12
2021-06-27,Belgium,Portugal,1,0,UEFA Euro,Seville,Spain,True,26087,False,26087,4,33
2021-06-27,Brazil,Ecuador,1,1,Copa América,Goiânia,Brazil,False,26087,False,26087,6,14
2021-06-28,Croatia,Spain,3,5,UEFA Euro,Copenhagen,Denmark,True,26088,False,26087,10,40
2021-06-28,France,Switzerland,3,3,UEFA Euro,Bucharest,Romania,True,26088,False,26088,17,42
2021-06-28,Uruguay,Paraguay,1,0,Copa América,Rio de Janeiro,Brazil,True,26088,False,26088,46,32
2021-06-29,England,Germany,2,0,UEFA Euro,London,England,False,26089,False,26088,16,18
2021-06-30,Mexico,Panama,3,0,Friendly,Nashville,United States,True,26090,True,26089,26,31
2021-07-02,Switzerland,Spain,1,1,UEFA Euro,Saint Petersburg,Russia,True,26092,False,26090,42,40
2021-07-03,Argentina,Ecuador,3,0,Copa América,Goiânia,Brazil,True,26093,False,26092,1,14
2021-07-03,Uruguay,Colombia,0,0,Copa América,Brasília,Brazil,True,26093,False,26093,46,9
2021-07-06,Argentina,Colombia,1,1,Copa América,Brasília,Brazil,True,26096,False,26093,1,9
2021-07-10,Brazil,Argentina,0,1,Copa América,Rio de Janeiro,Brazil,False,26100,False,26096,6,1
2021-07-11,United States,Haiti,1,0,Gold Cup,Kansas City,United States,False,26101,False,26100,45,20
2021-07-13,Qatar,Panama,3,3,Gold Cup,Houston,United States,True,26103,False,26101,34,31
2021-07-15,Haiti,Canada,1,4,Gold Cup,Kansas City,United States,True,26105,False,26103,20,7
2021-07-18,United States,Canada,1,0,Gold Cup,Kansas City,United States,False,26108,False,26105,45,7
2021-07-18,South Africa,Senegal,0,0,COSAFA Cup,Port Elizabeth,South Africa,False,26108,False,26108,38,37
2021-07-29,Mexico,Canada,2,1,Gold Cup,Houston,United States,True,26119,False,26108,26,7
2021-07-29,United States,Qatar,1,0,Gold Cup,Austin,United States,False,26119,False,26119,45,34
2021-08-01,United States,Mexico,1,0,Gold Cup,Las Vegas,United States,False,26122,False,26119,45,26
2021-09-01,Norway,Netherlands,1,1,FIFA World Cup qualification,Oslo,Norway,False,26153,False,26122,30,28
2021-09-01,France,Bosnia and Herzegovina,1,1,FIFA World Cup qualification,Strasbourg,France,False,26153,False,26153,17,5
2021-09-02,Ecuador,Paraguay,2,0,FIFA World Cup qualification,Quito,Ecuador,False,26154,False,26153,14,32
2021-09-02,Sweden,Spain,2,1,FIFA World Cup qualification,Stockholm,Sweden,False,26154,False,26154,41,40
2021-09-02,South Korea,Iraq,0,0,FIFA World Cup qualification,Seoul,South Korea,False,26154,False,26154,39,22
2021-09-04,Qatar,Portugal,1,3,Friendly,Debrecen,Hungary,True,26156,True,26154,34,33
2021-09-04,Haiti,Jordan,2,0,Friendly,Riffa,Bahrain,True,26156,True,26156,20,25
2021-09-05,United States,Canada,1,1,FIFA World Cup qualification,Nashville,United States,False,26157,False,26156,45,7
2021-09-05,Paraguay,Colombia,1,1,FIFA World Cup qualification,Asunción,Paraguay,False,26157,False,26157,32,9
2021-09-05,Sweden,Uzbekistan,2,1,Friendly,Stockholm,Sweden,False,26157,True,26157,41,47
2021-09-05,Belgium,Czech Republic,3,0,FIFA World Cup qualification,Brussels,Belgium,False,26157,False,26157,4,12
2021-09-06,South Africa,Ghana,1,0,FIFA World Cup qualification,Johannesburg,South Africa,False,26158,False,26157,38,19
2021-09-07,Austria,Scotland,0,1,FIFA World Cup qualification,Vienna,Austria,False,26159,False,26158,3,36
2021-09-07,Netherlands,Turkey,6,1,FIFA World Cup qualification,Amsterdam,Netherlands,False,26159,False,26159,28,44
2021-09-07,Iraq,Iran,0,3,FIFA World Cup qualification,Doha,Qatar,True,26159,False,26159,22,21
2021-09-08,Panama,Mexico,1,1,FIFA World Cup qualification,Panama City,Panama,False,26160,False,26159,31,26
2021-09-09,Uruguay,Ecuador,1,0,FIFA World Cup qualification,Montevideo,Uruguay,False,26161,False,26160,46,14
2021-10-07,Paraguay,Argentina,0,0,FIFA World Cup qualification,Asunción,Paraguay,False,26189,False,26161,32,1
2021-10-07,Uruguay,Colombia,0,0,FIFA World Cup qualification,Montevideo,Uruguay,False,26189,False,26189,46,9
2021-10-07,Belgium,France,2,3,UEFA Nations League,Turin,Italy,True,26189,False,26189,4,17
2021-10-07,Mexico,Canada,1,1,FIFA World Cup qualification,Mexico City,Mexico,False,26189,False,26189,26,7
2021-10-07,Saudi Arabia,Japan,1,0,FIFA World Cup qualification,Jeddah,Saudi Arabia,False,26189,False,26189,35,24
2021-10-08,Turkey,Norway,1,1,FIFA World Cup qualification,Istanbul,Turkey,False,26190,False,26189,44,30
2021-10-09,Curaçao,New Zealand,1,2,Friendly,Riffa,Bahrain,True,26191,True,26190,11,29
2021-10-09,Portugal,Qatar,3,0,Friendly,Faro-Loulé,Portugal,False,26191,True,26191,33,34
2021-10-10,Spain,France,1,2,UEFA Nations League,Milan,Italy,True,26192,False,26191,40,17
2021-10-10,Argentina,Uruguay,3,0,FIFA World Cup qualification,Buenos Aires,Argentina,False,26192,False,26192,1,46
2021-10-10,Colombia,Brazil,0,0,FIFA World Cup qualification,Barranquilla,Colombia,False,26192,False,26192,9,6
2021-10-10,Panama,United States,1,0,FIFA World Cup qualification,Panama City,Panama,False,26192,False,26192,31,45
2021-10-12,Jordan,Uzbekistan,3,0,Friendly,Amman,Jordan,False,26194,True,26192,25,47
2021-10-12,Japan,Australia,2,1,FIFA World Cup qualification,Saitama,Japan,False,26194,False,26194,24,2
2021-10-12,Iran,South Korea,1,1,FIFA World Cup qualification,Tehran,Iran,False,26194,False,26194,21,39
2021-10-13,Canada,Panama,4,1,FIFA World Cup qualification,Toronto,Canada,False,26195,False,26194,7,31
2021-10-14,Colombia,Ecuador,0,0,FIFA World Cup qualification,Barranquilla,Colombia,False,26196,False,26195,9,14
2021-10-14,Brazil,Uruguay,4,1,FIFA World Cup qualification,Manaus,Brazil,False,26196,False,26196,6,46
2021-10-27,Mexico,Ecuador,2,3,Friendly,Charlotte,United States,True,26209,True,26196,26,14
2021-11-11,Brazil,Colombia,1,0,FIFA World Cup qualification,São Paulo,Brazil,False,26224,False,26209,6,9
2021-11-11,Australia,Saudi Arabia,0,0,FIFA World Cup qualification,Sydney,Australia,False,26224,False,26224,2,35
2021-11-12,Uruguay,Argentina,0,1,FIFA World Cup qualification,Montevideo,Uruguay,False,26225,False,26224,46,1
2021-11-12,United States,Mexico,2,0,FIFA World Cup qualification,Cincinnati,United States,False,26225,False,26225,45,26
2021-11-14,Spain,Sweden,1,0,FIFA World Cup qualification,Seville,Spain,False,26227,False,26225,40,41
2021-11-14,Ghana,South Africa,1,0,FIFA World Cup qualification,Cape Coast,Ghana,False,26227,False,26227,19,38
2021-11-16,Canada,Mexico,2,1,FIFA World Cup qualification,Edmonton,Canada,False,26229,False,26227,7,26
2021-11-16,Netherlands,Norway,2,0,FIFA World Cup qualification,Rotterdam,Netherlands,False,26229,False,26229,28,30
2021-11-16,Colombia,Paraguay,0,0,FIFA World Cup qualification,Barranquilla,Colombia,False,26229,False,26229,9,32
2021-11-16,Argentina,Brazil,0,0,FIFA World Cup qualification,San Juan,Argentina,False,26229,False,26229,1,6
2021-11-16,Iraq,South Korea,0,3,FIFA World Cup qualification,Al Rayyan,Qatar,True,26229,False,26229,22,39
2021-12-01,Saudi Arabia,Jordan,0,1,Arab Cup,Al Rayyan,Qatar,True,26244,False,26229,35,25
2021-12-04,Jordan,Morocco,0,4,Arab Cup,Al Rayyan,Qatar,True,26247,False,26244,25,27
2021-12-06,Qatar,Iraq,3,0,Arab Cup,Al Khor,Qatar,False,26249,False,26247,34,22
2021-12-07,Algeria,Egypt,1,1,Arab Cup,Al Wakrah,Qatar,True,26250,False,26249,0,15
2021-12-07,Morocco,Saudi Arabia,1,0,Arab Cup,Doha,Qatar,True,26250,False,26250,27,35
2021-12-11,Egypt,Jordan,3,1,Arab Cup,Al Wakrah,Qatar,True,26254,False,26250,15,25
2021-12-11,Morocco,Algeria,2,2,Arab Cup,Doha,Qatar,True,26254,False,26254,27,0
2021-12-15,Tunisia,Egypt,1,0,Arab Cup,Doha,Qatar,True,26258,False,26254,43,15
2021-12-15,Qatar,Algeria,1,2,Arab Cup,Doha,Qatar,False,26258,False,26258,34,0
2021-12-18,United States,Bosnia and Herzegovina,1,0,Friendly,Los Angeles,United States,False,26261,True,26258,45,5
2021-12-18,Tunisia,Algeria,0,2,Arab Cup,Al Khor,Qatar,True,26261,False,26261,43,0
2021-12-18,Qatar,Egypt,0,0,Arab Cup,Doha,Qatar,False,26261,False,26261,34,15
2022-01-05,Algeria,Ghana,3,0,Friendly,Al Rayyan,Qatar,True,26279,True,26261,0,19
2022-01-10,Morocco,Ghana,1,0,African Cup of Nations,Yaoundé,Cameroon,True,26284,False,26279,27,19
2022-01-20,Ivory Coast,Algeria,3,1,African Cup of Nations,Douala,Cameroon,True,26294,False,26284,23,0
2022-01-25,Senegal,Cape Verde,2,0,African Cup of Nations,Bafoussam,Cameroon,True,26299,False,26294,37,8
2022-01-26,Ivory Coast,Egypt,0,0,African Cup of Nations,Douala,Cameroon,True,26300,False,26299,23,15
2022-01-27,Paraguay,Uruguay,0,1,FIFA World Cup qualification,Asunción,Paraguay,False,26301,False,26300,32,46
2022-01-27,Ecuador,Brazil,1,1,FIFA World Cup qualification,Quito,Ecuador,False,26301,False,26301,14,6
2022-01-27,Iran,Iraq,1,0,FIFA World Cup qualification,Tehran,Iran,False,26301,False,26301,21,22
2022-01-28,Jordan,New Zealand,3,1,Friendly,Abu Dhabi,United Arab Emirates,True,26302,True,26301,25,29
2022-01-30,Canada,United States,2,0,FIFA World Cup qualification,Hamilton,Canada,False,26304,False,26302,7,45
2022-01-30,Egypt,Morocco,2,1,African Cup of Nations,Yaoundé,Cameroon,True,26304,False,26304,15,27
2022-02-01,Brazil,Paraguay,4,0,FIFA World Cup qualification,Belo Horizonte,Brazil,False,26306,False,26304,6,32
2022-02-01,Argentina,Colombia,1,0,FIFA World Cup qualification,Córdoba,Argentina,False,26306,False,26306,1,9
2022-02-01,Japan,Saudi Arabia,2,0,FIFA World Cup qualification,Saitama,Japan,False,26306,False,26306,24,35
2022-02-02,Mexico,Panama,1,0,FIFA World Cup qualification,Mexico City,Mexico,False,26307,False,26306,26,31
2022-02-06,Senegal,Egypt,0,0,African Cup of Nations,Yaoundé,Cameroon,True,26311,False,26307,37,15
2022-03-24,Sweden,Czech Republic,1,0,FIFA World Cup qualification,Stockholm,Sweden,False,26357,False,26311,41,12
2022-03-24,Portugal,Turkey,3,1,FIFA World Cup qualification,Porto,Portugal,False,26357,False,26357,33,44
2022-03-24,Paraguay,Ecuador,3,1,FIFA World Cup qualification,Ciudad del Este,Paraguay,False,26357,False,26357,32,14
2022-03-24,Mexico,United States,0,0,FIFA World Cup qualification,Mexico City,Mexico,False,26357,False,26357,26,45
2022-03-24,South Korea,Iran,2,0,FIFA World Cup qualification,Seoul,South Korea,False,26357,False,26357,39,21
2022-03-24,Australia,Japan,0,2,FIFA World Cup qualification,Sydney,Australia,False,26357,False,26357,2,24
2022-03-25,DR Congo,Morocco,1,1,FIFA World Cup qualification,Kinshasa,DR Congo,False,26358,False,26357,13,27
2022-03-25,France,Ivory Coast,2,1,Friendly,Marseille,France,False,26358,True,26358,17,23
2022-03-25,Egypt,Senegal,1,0,FIFA World Cup qualification,Cairo,Egypt,False,26358,False,26358,15,37
2022-03-26,England,Switzerland,2,1,Friendly,London,England,False,26359,True,26358,16,42
2022-03-27,United States,Panama,5,1,FIFA World Cup qualification,Orlando,United States,False,26360,False,26359,45,31
2022-03-29,France,South Africa,5,0,Friendly,Villeneuve-d'Ascq,France,False,26362,True,26360,17,38
2022-03-29,Netherlands,Germany,1,1,Friendly,Amsterdam,Netherlands,False,26362,True,26362,28,18
2022-03-29,England,Ivory Coast,3,0,Friendly,London,England,False,26362,True,26362,16,23
2022-03-29,Morocco,DR Congo,4,1,FIFA World Cup qualification,Casablanca,Morocco,False,26362,False,26362,27,13
2022-03-29,Senegal,Egypt,1,0,FIFA World Cup qualification,Diamniadio,Senegal,False,26362,False,26362,37,15
2022-03-29,Saudi Arabia,Australia,1,0,FIFA World Cup qualification,Jeddah,Saudi Arabia,False,26362,False,26362,35,2
2022-03-29,Ecuador,Argentina,1,1,FIFA World Cup qualification,Guayaquil,Ecuador,False,26362,False,26362,14,1
2022-03-29,Austria,Scotland,2,2,Friendly,Vienna,Austria,False,26362,True,26362,3,36
2022-03-30,Panama,Canada,1,0,FIFA World Cup qualification,Panama City,Panama,False,26363,False,26362,31,7
2022-06-01,Australia,Jordan,2,1,Friendly,Al Wakrah,Qatar,True,26426,True,26363,2,25
2022-06-01,United States,Morocco,3,0,Friendly,Cincinnati,United States,False,26426,True,26426,45,27
2022-06-02,Japan,Paraguay,4,1,Friendly,Sapporo,Japan,False,26427,True,26426,24,32
2022-06-02,South Korea,Brazil,1,5,Friendly,Seoul,South Korea,False,26427,True,26427,39,6
2022-06-02,Mexico,Uruguay,0,3,Friendly,Glendale,United States,True,26427,True,26427,26,46
2022-06-02,Spain,Portugal,1,1,UEFA Nations League,Seville,Spain,False,26427,False,26427,40,33
2022-06-02,Czech Republic,Switzerland,2,1,UEFA Nations League,Prague,Czech Republic,False,26427,False,26427,12,42
2022-06-03,Belgium,Netherlands,1,4,UEFA Nations League,Brussels,Belgium,False,26428,False,26427,4,28
2022-06-03,Croatia,Austria,0,3,UEFA Nations League,Osijek,Croatia,False,26428,False,26428,10,3
2022-06-05,Sweden,Norway,1,2,UEFA Nations League,Stockholm,Sweden,False,26430,False,26428,41,30
2022-06-05,Mexico,Ecuador,0,0,Friendly,Chicago,United States,True,26430,True,26430,26,14
2022-06-05,Saudi Arabia,Colombia,0,1,Friendly,Murcia,Spain,True,26430,True,26430,35,9
2022-06-05,United States,Uruguay,0,0,Friendly,Kansas City,United States,False,26430,True,26430,45,46
2022-06-05,Czech Republic,Spain,2,2,UEFA Nations League,Prague,Czech Republic,False,26430,False,26430,12,40
2022-06-05,Portugal,Switzerland,4,0,UEFA Nations League,Lisbon,Portugal,False,26430,False,26430,33,42
2022-06-06,Japan,Brazil,0,1,Friendly,Tokyo,Japan,False,26431,True,26430,24,6
2022-06-06,Croatia,France,1,1,UEFA Nations League,Split,Croatia,False,26431,False,26431,10,17
2022-06-07,Germany,England,1,1,UEFA Nations League,Munich,Germany,False,26432,False,26431,18,16
2022-06-09,Portugal,Czech Republic,2,0,UEFA Nations League,Lisbon,Portugal,False,26434,False,26432,33,12
2022-06-09,Switzerland,Spain,0,1,UEFA Nations League,Geneva,Switzerland,False,26434,False,26434,42,40
2022-06-09,Morocco,South Africa,2,1,African Cup of Nations qualification,Rabat,Morocco,False,26434,False,26434,27,38
2022-06-09,Canada,Curaçao,4,0,CONCACAF Nations League,Vancouver,Canada,False,26434,False,26434,7,11
2022-06-10,Japan,Ghana,4,1,Kirin Cup,Kobe,Japan,False,26435,False,26434,24,19
2022-06-10,South Korea,Paraguay,2,2,Friendly,Suwon,South Korea,False,26435,True,26435,39,32
2022-06-10,Austria,France,1,1,UEFA Nations League,Vienna,Austria,False,26435,False,26435,3,17
2022-06-11,Uruguay,Panama,5,0,Friendly,Montevideo,Uruguay,False,26436,True,26435,46,31
2022-06-11,Ecuador,Cape Verde,1,0,Friendly,Fort Lauderdale,United States,True,26436,True,26436,14,8
2022-06-12,Iran,Algeria,1,2,Friendly,Doha,Qatar,True,26437,True,26436,21,0
2022-06-12,Norway,Sweden,3,2,UEFA Nations League,Oslo,Norway,False,26437,False,26437,30,41
2022-06-12,Spain,Czech Republic,2,0,UEFA Nations League,Málaga,Spain,False,26437,False,26437,40,12
2022-06-12,Switzerland,Portugal,1,0,UEFA Nations League,Geneva,Switzerland,False,26437,False,26437,42,33
2022-06-13,France,Croatia,0,1,UEFA Nations League,Paris,France,False,26438,False,26437,17,10
2022-06-14,Japan,Tunisia,0,3,Kirin Cup,Suita,Japan,False,26439,False,26438,24,43
2022-06-14,South Korea,Egypt,4,1,Friendly,Seoul,South Korea,False,26439,True,26439,39,15
2022-07-27,Japan,South Korea,3,0,EAFF Championship,Toyota,Japan,False,26482,False,26439,24,39
2022-08-31,Mexico,Paraguay,0,1,Friendly,Atlanta,United States,True,26517,True,26482,26,32
2022-09-22,France,Austria,2,0,UEFA Nations League,Paris,France,False,26539,False,26517,17,3
2022-09-22,Australia,New Zealand,1,0,Friendly,Brisbane,Australia,False,26539,True,26539,2,29
2022-09-23,Saudi Arabia,Ecuador,0,0,Friendly,Murcia,Spain,True,26540,True,26539,35,14
2022-09-23,Japan,United States,2,0,Kirin Challenge Cup,Düsseldorf,Germany,True,26540,False,26540,24,45
2022-09-23,Brazil,Ghana,3,0,Friendly,Le Havre,France,True,26540,True,26540,6,19
2022-09-23,Canada,Qatar,2,0,Friendly,Vienna,Austria,True,26540,True,26540,7,34
2022-09-23,Iran,Uruguay,1,0,Friendly,Sankt Pölten,Austria,True,26540,True,26540,21,46
2022-09-24,Czech Republic,Portugal,0,4,UEFA Nations League,Prague,Czech Republic,False,26541,False,26540,12,33
2022-09-24,Spain,Switzerland,1,2,UEFA Nations League,Zaragoza,Spain,False,26541,False,26541,40,42
2022-09-25,Netherlands,Belgium,1,0,UEFA Nations League,Amsterdam,Netherlands,False,26542,False,26541,28,4
2022-09-25,Austria,Croatia,1,3,UEFA Nations League,Vienna,Austria,False,26542,False,26542,3,10
2022-09-25,New Zealand,Australia,0,2,Friendly,Auckland,New Zealand,False,26542,True,26542,29,2
2022-09-26,England,Germany,3,3,UEFA Nations League,London,England,False,26543,False,26542,16,18
2022-09-27,Mexico,Colombia,2,3,Friendly,Santa Clara,United States,True,26544,True,26543,26,9
2022-09-27,Paraguay,Morocco,0,0,Friendly,Seville,Spain,True,26544,True,26544,32,27
2022-09-27,Saudi Arabia,United States,0,0,Friendly,Murcia,Spain,True,26544,True,26544,35,45
2022-09-27,Switzerland,Czech Republic,2,1,UEFA Nations League,St. Gallen,Switzerland,False,26544,False,26544,42,12
2022-09-27,Portugal,Spain,0,1,UEFA Nations League,Braga,Portugal,False,26544,False,26544,33,40
2022-09-27,Brazil,Tunisia,5,1,Friendly,Paris,France,True,26544,True,26544,6,43
2022-09-27,Canada,Uruguay,0,2,Friendly,Bratislava,Slovakia,True,26544,True,26544,7,46
2022-09-27,Ecuador,Japan,0,0,Kirin Challenge Cup,Düsseldorf,Germany,True,26544,False,26544,14,24
2022-09-27,Iran,Senegal,1,1,Friendly,Maria Enzersdorf,Austria,True,26544,True,26544,21,37
2022-11-07,Qatar,Panama,2,1,Friendly,Marbella,Spain,True,26585,True,26544,34,31
2022-11-09,Mexico,Iraq,4,0,Friendly,Girona,Spain,True,26587,True,26585,26,22
2022-11-10,Saudi Arabia,Panama,1,1,Friendly,Abu Dhabi,United Arab Emirates,True,26588,True,26587,35,31
2022-11-12,Iraq,Ecuador,0,0,Friendly,Madrid,Spain,True,26590,True,26588,22,14
2022-11-16,Turkey,Scotland,2,1,Friendly,Diyarbakir,Turkey,False,26594,True,26590,44,36
2022-11-16,Saudi Arabia,Croatia,0,1,Friendly,Riyadh,Saudi Arabia,False,26594,True,26594,35,10
2022-11-16,Mexico,Sweden,1,2,Friendly,Girona,Spain,True,26594,True,26594,26,41
2022-11-16,Iran,Tunisia,0,2,Friendly,Doha,Qatar,True,26594,True,26594,21,43
2022-11-17,Switzerland,Ghana,0,2,Friendly,Abu Dhabi,United Arab Emirates,True,26595,True,26594,42,19
2022-11-17,Jordan,Spain,1,3,Friendly,Amman,Jordan,False,26595,True,26595,25,40
2022-11-17,Japan,Canada,1,2,Friendly,Dubai,United Arab Emirates,True,26595,True,26595,24,7
2022-11-18,Egypt,Belgium,2,1,Friendly,Kuwait City,Kuwait,True,26596,True,26595,15,4
2022-11-19,Turkey,Czech Republic,2,1,Friendly,Gaziantep,Turkey,False,26597,True,26596,44,12
2022-11-19,Sweden,Algeria,2,0,Friendly,Malmö,Sweden,False,26597,True,26597,41,0
2022-11-19,Colombia,Paraguay,2,0,Friendly,Fort Lauderdale,United States,True,26597,True,26597,9,32
2022-11-20,Qatar,Ecuador,0,2,FIFA World Cup,Al Khor,Qatar,False,26598,False,26597,34,14
2022-11-21,Senegal,Netherlands,0,2,FIFA World Cup,Doha,Qatar,True,26599,False,26598,37,28
2022-11-21,England,Iran,6,2,FIFA World Cup,Al Rayyan,Qatar,True,26599,False,26599,16,21
2022-11-22,France,Australia,4,1,FIFA World Cup,Al Wakrah,Qatar,True,26600,False,26599,17,2
2022-11-22,Argentina,Saudi Arabia,1,2,FIFA World Cup,Lusail,Qatar,True,26600,False,26600,1,35
2022-11-23,Germany,Japan,1,2,FIFA World Cup,Al Rayyan,Qatar,True,26601,False,26600,18,24
2022-11-23,Morocco,Croatia,0,0,FIFA World Cup,Al Khor,Qatar,True,26601,False,26601,27,10
2022-11-23,Belgium,Canada,1,0,FIFA World Cup,Al Rayyan,Qatar,True,26601,False,26601,4,7
2022-11-24,Uruguay,South Korea,0,0,FIFA World Cup,Al Rayyan,Qatar,True,26602,False,26601,46,39
2022-11-24,Portugal,Ghana,3,2,FIFA World Cup,Doha,Qatar,True,26602,False,26602,33,19
2022-11-25,Qatar,Senegal,1,3,FIFA World Cup,Doha,Qatar,False,26603,False,26602,34,37
2022-11-25,Netherlands,Ecuador,1,1,FIFA World Cup,Al Rayyan,Qatar,True,26603,False,26603,28,14
2022-11-25,England,United States,0,0,FIFA World Cup,Al Khor,Qatar,True,26603,False,26603,16,45
2022-11-26,Tunisia,Australia,0,1,FIFA World Cup,Al Wakrah,Qatar,True,26604,False,26603,43,2
2022-11-26,Argentina,Mexico,2,0,FIFA World Cup,Lusail,Qatar,True,26604,False,26604,1,26
2022-11-27,Spain,Germany,1,1,FIFA World Cup,Al Khor,Qatar,True,26605,False,26604,40,18
2022-11-27,Belgium,Morocco,0,2,FIFA World Cup,Doha,Qatar,True,26605,False,26605,4,27
2022-11-27,Croatia,Canada,4,1,FIFA World Cup,Al Rayyan,Qatar,True,26605,False,26605,10,7
2022-11-28,South Korea,Ghana,2,3,FIFA World Cup,Al Rayyan,Qatar,True,26606,False,26605,39,19
2022-11-28,Portugal,Uruguay,2,0,FIFA World Cup,Lusail,Qatar,True,26606,False,26606,33,46
2022-11-28,Brazil,Switzerland,1,0,FIFA World Cup,Doha,Qatar,True,26606,False,26606,6,42
2022-11-29,Ecuador,Senegal,1,2,FIFA World Cup,Al Rayyan,Qatar,True,26607,False,26606,14,37
2022-11-29,Qatar,Netherlands,0,2,FIFA World Cup,Al Khor,Qatar,False,26607,False,26607,34,28
2022-11-29,Iran,United States,0,1,FIFA World Cup,Doha,Qatar,True,26607,False,26607,21,45
2022-11-30,Tunisia,France,1,0,FIFA World Cup,Al Rayyan,Qatar,True,26608,False,26607,43,17
2022-11-30,Saudi Arabia,Mexico,1,2,FIFA World Cup,Lusail,Qatar,True,26608,False,26608,35,26
2022-12-01,Croatia,Belgium,0,0,FIFA World Cup,Al Rayyan,Qatar,True,26609,False,26608,10,4
2022-12-01,Canada,Morocco,1,2,FIFA World Cup,Doha,Qatar,True,26609,False,26609,7,27
2022-12-01,Japan,Spain,2,1,FIFA World Cup,Al Rayyan,Qatar,True,26609,False,26609,24,40
2022-12-02,Ghana,Uruguay,0,2,FIFA World Cup,Al Wakrah,Qatar,True,26610,False,26609,19,46
2022-12-02,South Korea,Portugal,2,1,FIFA World Cup,Al Rayyan,Qatar,True,26610,False,26610,39,33
2022-12-03,Netherlands,United States,3,1,FIFA World Cup,Al Rayyan,Qatar,True,26611,False,26610,28,45
2022-12-03,Argentina,Australia,2,1,FIFA World Cup,Al Rayyan,Qatar,True,26611,False,26611,1,2
2022-12-04,England,Senegal,3,0,FIFA World Cup,Al Khor,Qatar,True,26612,False,26611,16,37
2022-12-05,Brazil,South Korea,4,1,FIFA World Cup,Doha,Qatar,True,26613,False,26612,6,39
2022-12-05,Japan,Croatia,1,1,FIFA World Cup,Al Wakrah,Qatar,True,26613,False,26613,24,10
2022-12-06,Morocco,Spain,0,0,FIFA World Cup,Al Rayyan,Qatar,True,26614,False,26613,27,40
2022-12-06,Portugal,Switzerland,6,1,FIFA World Cup,Lusail,Qatar,True,26614,False,26614,33,42
2022-12-09,Croatia,Brazil,1,1,FIFA World Cup,Al Rayyan,Qatar,True,26617,False,26614,10,6
2022-12-09,Netherlands,Argentina,2,2,FIFA World Cup,Lusail,Qatar,True,26617,False,26617,28,1
2022-12-10,Morocco,Portugal,1,0,FIFA World Cup,Doha,Qatar,True,26618,False,26617,27,33
2022-12-10,England,France,1,2,FIFA World Cup,Al Khor,Qatar,True,26618,False,26618,16,17
2022-12-13,Argentina,Croatia,3,0,FIFA World Cup,Lusail,Qatar,True,26621,False,26618,1,10
2022-12-14,France,Morocco,2,0,FIFA World Cup,Al Khor,Qatar,True,26622,False,26621,17,27
2022-12-17,Croatia,Morocco,2,1,FIFA World Cup,Al Rayyan,Qatar,True,26625,False,26622,10,27
2022-12-18,Argentina,France,3,3,FIFA World Cup,Lusail,Qatar,True,26626,False,26625,1,17
2023-01-09,Iraq,Saudi Arabia,2,0,Gulf Cup,Basra,Iraq,False,26648,False,26626,22,35
2023-01-16,Iraq,Qatar,2,1,Gulf Cup,Basra,Iraq,False,26655,False,26648,22,34
2023-01-28,United States,Colombia,0,0,Friendly,Carson,United States,False,26667,True,26655,45,9
2023-03-23,Argentina,Panama,2,0,Friendly,Buenos Aires,Argentina,False,26721,True,26667,1,31
2023-03-24,France,Netherlands,4,0,UEFA Euro qualification,Paris,France,False,26722,False,26721,17,28
2023-03-24,Sweden,Belgium,0,3,UEFA Euro qualification,Stockholm,Sweden,False,26722,False,26722,41,4
2023-03-24,South Korea,Colombia,2,2,Friendly,Ulsan,South Korea,False,26722,True,26722,39,9
2023-03-24,Australia,Ecuador,3,1,Friendly,Sydney,Australia,False,26722,True,26722,2,14
2023-03-24,Japan,Uruguay,1,1,Friendly,Tokyo,Japan,False,26722,True,26722,24,46
2023-03-25,Curaçao,Canada,0,2,CONCACAF Nations League,Willemstad,Curaçao,False,26723,False,26722,11,7
2023-03-25,Morocco,Brazil,2,1,Friendly,Tangier,Morocco,False,26723,True,26723,27,6
2023-03-25,Spain,Norway,3,0,UEFA Euro qualification,Málaga,Spain,False,26723,False,26723,40,30
2023-03-28,Scotland,Spain,2,0,UEFA Euro qualification,Glasgow,Scotland,False,26726,False,26723,36,40
2023-03-28,Turkey,Croatia,0,2,UEFA Euro qualification,Bursa,Turkey,False,26726,False,26726,44,10
2023-03-28,Australia,Ecuador,1,2,Friendly,Melbourne,Australia,False,26726,True,26726,2,14
2023-03-28,Germany,Belgium,2,3,Friendly,Cologne,Germany,False,26726,True,26726,18,4
2023-03-28,Japan,Colombia,1,2,Friendly,Osaka,Japan,False,26726,True,26726,24,9
2023-03-28,South Korea,Uruguay,1,2,Friendly,Seoul,South Korea,False,26726,True,26726,39,46
2023-03-28,Argentina,Curaçao,7,0,Friendly,Santiago del Estero,Argentina,False,26726,True,26726,1,11
2023-04-19,United States,Mexico,1,1,Friendly,Glendale,United States,False,26748,True,26726,45,26
2023-06-12,Morocco,Cape Verde,0,0,Friendly,Rabat,Morocco,False,26802,True,26748,27,8
2023-06-14,Netherlands,Croatia,2,4,UEFA Nations League,Rotterdam,Netherlands,False,26804,False,26802,28,10
2023-06-15,Argentina,Australia,2,0,Friendly,Beijing,China,True,26805,True,26804,1,2
2023-06-15,United States,Mexico,3,0,CONCACAF Nations League,Las Vegas,United States,False,26805,False,26805,45,26
2023-06-15,Panama,Canada,0,2,CONCACAF Nations League,Las Vegas,United States,True,26805,False,26805,31,7
2023-06-16,Sweden,New Zealand,4,1,Friendly,Stockholm,Sweden,False,26806,True,26805,41,29
2023-06-16,Colombia,Iraq,1,0,Friendly,Valencia,Spain,True,26806,True,26806,9,22
2023-06-17,South Africa,Morocco,2,1,African Cup of Nations qualification,Johannesburg,South Africa,False,26807,False,26806,38,27
2023-06-17,Portugal,Bosnia and Herzegovina,3,0,UEFA Euro qualification,Lisbon,Portugal,False,26807,False,26807,33,5
2023-06-17,Norway,Scotland,1,2,UEFA Euro qualification,Oslo,Norway,False,26807,False,26807,30,36
2023-06-17,Belgium,Austria,1,1,UEFA Euro qualification,Brussels,Belgium,False,26807,False,26807,4,3
2023-06-18,Croatia,Spain,0,0,UEFA Nations League,Rotterdam,Netherlands,True,26808,False,26807,10,40
2023-06-18,United States,Canada,2,0,CONCACAF Nations League,Las Vegas,United States,False,26808,False,26808,45,7
2023-06-18,Panama,Mexico,0,1,CONCACAF Nations League,Las Vegas,United States,True,26808,False,26808,31,26
2023-06-20,Austria,Sweden,2,0,UEFA Euro qualification,Vienna,Austria,False,26810,False,26808,3,41
2023-06-20,Uzbekistan,Iran,0,1,CAFA Nations Cup,Tashkent,Uzbekistan,False,26810,False,26810,47,21
2023-06-20,Algeria,Tunisia,1,1,Friendly,Annaba,Algeria,False,26810,True,26810,0,43
2023-06-20,Brazil,Senegal,2,4,Friendly,Lisbon,Portugal,True,26810,True,26810,6,37
2023-06-20,Germany,Colombia,0,2,Friendly,Gelsenkirchen,Germany,False,26810,True,26810,18,9
2023-06-25,Haiti,Qatar,2,1,Gold Cup,Houston,United States,True,26815,False,26810,20,34
2023-06-29,Haiti,Mexico,1,3,Gold Cup,Glendale,United States,True,26819,False,26815,20,26
2023-07-02,Mexico,Qatar,0,1,Gold Cup,Santa Clara,United States,True,26822,False,26819,26,34
2023-07-08,Panama,Qatar,4,0,Gold Cup,Arlington,United States,True,26828,False,26822,31,34
2023-07-09,United States,Canada,2,2,Gold Cup,Cincinnati,United States,False,26829,False,26828,45,7
2023-07-12,United States,Panama,1,1,Gold Cup,San Diego,United States,False,26832,False,26829,45,31
2023-07-16,Mexico,Panama,1,0,Gold Cup,Inglewood,United States,True,26836,False,26832,26,31
2023-09-07,Norway,Jordan,6,0,Friendly,Oslo,Norway,False,26889,True,26836,30,25
2023-09-07,Argentina,Ecuador,1,0,FIFA World Cup qualification,Buenos Aires,Argentina,False,26889,False,26889,1,14
2023-09-09,United States,Uzbekistan,3,0,Friendly,St. Louis,United States,False,26891,True,26889,45,47
2023-09-09,Mexico,Australia,2,2,Friendly,Arlington,United States,True,26891,True,26891,26,2
2023-09-09,Germany,Japan,1,4,Friendly,Wolfsburg,Germany,False,26891,True,26891,18,24
2023-09-12,Mexico,Uzbekistan,3,3,Friendly,Atlanta,United States,True,26894,True,26891,26,47
2023-09-12,Scotland,England,1,3,Friendly,Glasgow,Scotland,False,26894,True,26894,36,16
2023-09-12,Senegal,Algeria,0,1,Friendly,Diamniadio,Senegal,False,26894,True,26894,37,0
2023-09-12,South Africa,DR Congo,1,0,Friendly,Johannesburg,South Africa,False,26894,True,26894,38,13
2023-09-12,Sweden,Austria,1,3,UEFA Euro qualification,Stockholm,Sweden,False,26894,False,26894,41,3
2023-09-12,South Korea,Saudi Arabia,1,0,Friendly,Newcastle,England,True,26894,True,26894,39,35
2023-09-12,Japan,Turkey,4,2,Friendly,Genk,Belgium,True,26894,True,26894,24,44
2023-09-12,Ecuador,Uruguay,2,1,FIFA World Cup qualification,Quito,Ecuador,False,26894,False,26894,14,46
2023-09-12,Egypt,Tunisia,1,3,Friendly,Cairo,Egypt,False,26894,True,26894,15,43
2023-09-12,Germany,France,2,1,Friendly,Dortmund,Germany,False,26894,True,26894,18,17
2023-10-12,Algeria,Cape Verde,5,1,Friendly,Constantine,Algeria,False,26924,True,26894,0,8
2023-10-12,Spain,Scotland,2,0,UEFA Euro qualification,Seville,Spain,False,26924,False,26924,40,36
2023-10-12,Croatia,Turkey,0,1,UEFA Euro qualification,Osijek,Croatia,False,26924,False,26924,10,44
2023-10-12,Colombia,Uruguay,2,2,FIFA World Cup qualification,Barranquilla,Colombia,False,26924,False,26924,9,46
2023-10-12,Argentina,Paraguay,1,0,FIFA World Cup qualification,Buenos Aires,Argentina,False,26924,False,26924,1,32
2023-10-13,Netherlands,France,1,2,UEFA Euro qualification,Amsterdam,Netherlands,False,26925,False,26924,28,17
2023-10-13,Austria,Belgium,2,3,UEFA Euro qualification,Vienna,Austria,False,26925,False,26925,3,4
2023-10-13,South Korea,Tunisia,4,0,Friendly,Seoul,South Korea,False,26925,True,26925,39,43
2023-10-13,Iraq,Qatar,0,0,Friendly,Amman,Jordan,True,26925,True,26925,22,34
2023-10-13,Japan,Canada,4,1,Friendly,Niigata,Japan,False,26925,True,26925,24,7
2023-10-13,Curaçao,Panama,1,2,CONCACAF Nations League,Willemstad,Curaçao,False,26925,False,26925,11,31
2023-10-13,DR Congo,New Zealand,1,1,Friendly,Murcia,Spain,True,26925,True,26925,13,29
2023-10-13,England,Australia,1,0,Friendly,London,England,False,26925,True,26925,16,2
2023-10-14,United States,Germany,1,3,Friendly,East Hartford,United States,False,26926,True,26925,45,18
2023-10-14,Mexico,Ghana,2,0,Friendly,Charlotte,United States,True,26926,True,26926,26,19
2023-10-14,Ivory Coast,Morocco,1,1,Friendly,Abidjan,Ivory Coast,False,26926,True,26926,23,27
2023-10-15,Norway,Spain,0,1,UEFA Euro qualification,Oslo,Norway,False,26927,False,26926,30,40
2023-10-16,Bosnia and Herzegovina,Portugal,0,5,UEFA Euro qualification,Zenica,Bosnia and Herzegovina,False,26928,False,26927,5,33
2023-10-16,Belgium,Sweden,1,1,UEFA Euro qualification,Brussels,Belgium,False,26928,False,26928,4,41
2023-10-16,Algeria,Egypt,1,1,Friendly,Al Ain,United Arab Emirates,True,26928,True,26928,0,15
2023-10-17,Mexico,Germany,2,2,Friendly,Philadelphia,United States,True,26929,True,26928,26,18
2023-10-17,France,Scotland,4,1,Friendly,Lille,France,False,26929,True,26929,17,36
2023-10-17,Ivory Coast,South Africa,1,1,Friendly,Abidjan,Ivory Coast,False,26929,True,26929,23,38
2023-10-17,United States,Ghana,4,0,Friendly,Nashville,United States,False,26929,True,26929,45,19
2023-10-17,Australia,New Zealand,2,0,Soccer Ashes,Brentford,England,True,26929,False,26929,2,29
2023-10-17,Ecuador,Colombia,0,0,FIFA World Cup qualification,Quito,Ecuador,False,26929,False,26929,14,9
2023-10-17,Uruguay,Brazil,2,0,FIFA World Cup qualification,Montevideo,Uruguay,False,26929,False,26929,46,6
2023-11-16,Colombia,Brazil,2,1,FIFA World Cup qualification,Barranquilla,Colombia,False,26959,False,26929,9,6
2023-11-16,Argentina,Uruguay,0,2,FIFA World Cup qualification,Buenos Aires,Argentina,False,26959,False,26959,1,46
2023-11-18,Germany,Turkey,2,3,Friendly,Berlin,Germany,False,26961,True,26959,18,44
2023-11-19,Scotland,Norway,3,3,UEFA Euro qualification,Glasgow,Scotland,False,26962,False,26961,36,30
2023-11-21,Austria,Germany,2,0,Friendly,Vienna,Austria,False,26964,True,26962,3,18
2023-11-21,Jordan,Saudi Arabia,0,2,FIFA World Cup qualification,Amman,Jordan,False,26964,False,26964,25,35
2023-11-21,Paraguay,Colombia,0,1,FIFA World Cup qualification,Asunción,Paraguay,False,26964,False,26964,32,9
2023-11-21,Brazil,Argentina,0,1,FIFA World Cup qualification,Rio de Janeiro,Brazil,False,26964,False,26964,6,1
2023-11-21,Uzbekistan,Iran,2,2,FIFA World Cup qualification,Tashkent,Uzbekistan,False,26964,False,26964,47,21
2023-12-16,Mexico,Colombia,2,3,Friendly,Los Angeles,United States,True,26989,True,26964,26,9
2024-01-05,Qatar,Jordan,1,2,Friendly,Al Rayyan,Qatar,False,27009,True,26989,34,25
2024-01-06,Iraq,South Korea,0,1,Friendly,Abu Dhabi,United Arab Emirates,True,27010,True,27009,22,39
2024-01-09,Japan,Jordan,6,1,Friendly,Doha,Qatar,True,27013,True,27010,24,25
2024-01-10,Tunisia,Cape Verde,2,0,Friendly,Radès,Tunisia,False,27014,True,27013,43,8
2024-01-14,Ghana,Cape Verde,1,2,African Cup of Nations,Abidjan,Ivory Coast,True,27018,False,27014,19,8
2024-01-18,Egypt,Ghana,2,2,African Cup of Nations,Abidjan,Ivory Coast,True,27022,False,27018,15,19
2024-01-19,Iraq,Japan,2,1,AFC Asian Cup,Al Rayyan,Qatar,True,27023,False,27022,22,24
2024-01-20,Jordan,South Korea,2,2,AFC Asian Cup,Doha,Qatar,True,27024,False,27023,25,39
2024-01-21,Morocco,DR Congo,1,1,African Cup of Nations,San-Pédro,Ivory Coast,True,27025,False,27024,27,13
2024-01-22,Cape Verde,Egypt,2,2,African Cup of Nations,Abidjan,Ivory Coast,True,27026,False,27025,8,15
2024-01-23,Australia,Uzbekistan,1,1,AFC Asian Cup,Al Wakrah,Qatar,True,27027,False,27026,2,47
2024-01-24,South Africa,Tunisia,0,0,African Cup of Nations,Korhogo,Ivory Coast,True,27028,False,27027,38,43
2024-01-28,Egypt,DR Congo,1,1,African Cup of Nations,San-Pédro,Ivory Coast,True,27032,False,27028,15,13
2024-01-29,Iraq,Jordan,2,3,AFC Asian Cup,Al Rayyan,Qatar,True,27033,False,27032,22,25
2024-01-29,Ivory Coast,Senegal,1,1,African Cup of Nations,Yamoussoukro,Ivory Coast,False,27033,False,27033,23,37
2024-01-30,Morocco,South Africa,0,2,African Cup of Nations,San-Pédro,Ivory Coast,True,27034,False,27033,27,38
2024-01-30,Saudi Arabia,South Korea,1,1,AFC Asian Cup,Al Rayyan,Qatar,True,27034,False,27034,35,39
2024-02-02,Australia,South Korea,1,2,AFC Asian Cup,Al Wakrah,Qatar,True,27037,False,27034,2,39
2024-02-03,Iran,Japan,2,1,AFC Asian Cup,Al Rayyan,Qatar,True,27038,False,27037,21,24
2024-02-03,Qatar,Uzbekistan,1,1,AFC Asian Cup,Al Khor,Qatar,False,27038,False,27038,34,47
2024-02-03,Cape Verde,South Africa,0,0,African Cup of Nations,Yamoussoukro,Ivory Coast,True,27038,False,27038,8,38
2024-02-06,Jordan,South Korea,2,0,AFC Asian Cup,Al Rayyan,Qatar,True,27041,False,27038,25,39
2024-02-07,Qatar,Iran,3,2,AFC Asian Cup,Doha,Qatar,False,27042,False,27041,34,21
2024-02-07,Ivory Coast,DR Congo,1,0,African Cup of Nations,Ebimpé,Ivory Coast,False,27042,False,27042,23,13
2024-02-10,South Africa,DR Congo,0,0,African Cup of Nations,Abidjan,Ivory Coast,True,27045,False,27042,38,13
2024-02-10,Qatar,Jordan,3,1,AFC Asian Cup,Lusail,Qatar,False,27045,False,27045,34,25
2024-03-21,Portugal,Sweden,5,2,Friendly,Guimarães,Portugal,False,27085,True,27045,33,41
2024-03-21,Panama,Mexico,0,3,CONCACAF Nations League,Arlington,United States,True,27085,False,27085,31,26
2024-03-22,Netherlands,Scotland,4,0,Friendly,Amsterdam,Netherlands,False,27086,True,27085,28,36
2024-03-22,Spain,Colombia,0,1,Friendly,London,England,True,27086,True,27086,40,9
2024-03-22,Norway,Czech Republic,1,2,Friendly,Oslo,Norway,False,27086,True,27086,30,12
2024-03-22,Egypt,New Zealand,1,0,FIFA Series,Cairo,Egypt,False,27086,False,27086,15,29
2024-03-23,France,Germany,0,2,Friendly,Lyon,France,False,27087,True,27086,17,18
2024-03-23,Tunisia,Croatia,0,0,FIFA Series,Cairo,Egypt,True,27087,False,27087,43,10
2024-03-23,England,Brazil,0,1,Friendly,London,England,False,27087,True,27087,16,6
2024-03-24,United States,Mexico,2,0,CONCACAF Nations League,Arlington,United States,False,27088,False,27087,45,26
2024-03-26,Ivory Coast,Uruguay,2,1,Friendly,Lens,France,True,27090,True,27088,23,46
2024-03-26,Germany,Netherlands,2,1,Friendly,Frankfurt,Germany,False,27090,True,27090,18,28
2024-03-26,England,Belgium,2,2,Friendly,London,England,False,27090,True,27090,16,4
2024-03-26,Austria,Turkey,6,1,Friendly,Vienna,Austria,False,27090,True,27090,3,44
2024-03-26,Spain,Brazil,3,3,Friendly,Madrid,Spain,False,27090,True,27090,40,6
2024-03-26,Algeria,South Africa,3,3,FIFA Series,Algiers,Algeria,False,27090,False,27090,0,38
2024-03-26,Egypt,Croatia,2,4,FIFA Series,Cairo,Egypt,False,27090,False,27090,15,10
2024-03-26,New Zealand,Tunisia,0,0,FIFA Series,Cairo,Egypt,True,27090,False,27090,29,43
2024-06-03,England,Bosnia and Herzegovina,3,0,Friendly,Newcastle,England,False,27159,True,27090,16,5
2024-06-05,Mexico,Uruguay,0,4,Friendly,Denver,United States,True,27161,True,27159,26,46
2024-06-06,Netherlands,Canada,4,0,Friendly,Rotterdam,Netherlands,False,27162,True,27161,28,7
2024-06-06,Senegal,DR Congo,1,1,FIFA World Cup qualification,Diamniadio,Senegal,False,27162,False,27162,37,13
2024-06-08,United States,Colombia,1,5,Friendly,Landover,United States,False,27164,True,27162,45,9
2024-06-08,Switzerland,Austria,1,1,Friendly,St. Gallen,Switzerland,False,27164,True,27164,42,3
2024-06-08,Mexico,Brazil,2,3,Friendly,College Station,United States,True,27164,True,27164,26,6
2024-06-08,Portugal,Croatia,1,2,Friendly,Oeiras,Portugal,False,27164,True,27164,33,10
2024-06-09,France,Canada,0,0,Friendly,Bordeaux,France,False,27165,True,27164,17,7
2024-06-09,Argentina,Ecuador,1,0,Friendly,Chicago,United States,True,27165,True,27165,1,14
2024-06-11,Iran,Uzbekistan,0,0,FIFA World Cup qualification,Tehran,Iran,False,27167,False,27165,21,47
2024-06-11,Saudi Arabia,Jordan,1,2,FIFA World Cup qualification,Riyadh,Saudi Arabia,False,27167,False,27167,35,25
2024-06-12,United States,Brazil,1,1,Friendly,Orlando,United States,False,27168,True,27167,45,6
2024-06-14,Germany,Scotland,5,1,UEFA Euro,Munich,Germany,False,27170,False,27168,18,36
2024-06-15,Spain,Croatia,3,0,UEFA Euro,Berlin,Germany,True,27171,False,27170,40,10
2024-06-16,Panama,Paraguay,0,1,Friendly,Panama City,Panama,False,27172,True,27171,31,32
2024-06-17,Austria,France,0,1,UEFA Euro,Düsseldorf,Germany,True,27173,False,27172,3,17
2024-06-18,Portugal,Czech Republic,2,1,UEFA Euro,Leipzig,Germany,True,27174,False,27173,33,12
2024-06-19,Scotland,Switzerland,1,1,UEFA Euro,Cologne,Germany,True,27175,False,27174,36,42
2024-06-20,Argentina,Canada,2,0,Copa América,Atlanta,United States,True,27176,False,27175,1,7
2024-06-21,Netherlands,France,0,0,UEFA Euro,Leipzig,Germany,True,27177,False,27176,28,17
2024-06-22,Turkey,Portugal,0,3,UEFA Euro,Dortmund,Germany,True,27178,False,27177,44,33
2024-06-23,Germany,Switzerland,1,1,UEFA Euro,Frankfurt,Germany,False,27179,False,27178,18,42
2024-06-23,Uruguay,Panama,3,1,Copa América,Miami Gardens,United States,True,27179,False,27179,46,31
2024-06-24,Colombia,Paraguay,2,1,Copa América,Houston,United States,True,27180,False,27179,9,32
2024-06-25,Netherlands,Austria,2,3,UEFA Euro,Berlin,Germany,True,27181,False,27180,28,3
2024-06-26,Czech Republic,Turkey,1,2,UEFA Euro,Hamburg,Germany,True,27182,False,27181,12,44
2024-06-27,United States,Panama,1,2,Copa América,Atlanta,United States,False,27183,False,27182,45,31
2024-06-28,Paraguay,Brazil,1,4,Copa América,Las Vegas,United States,True,27184,False,27183,32,6
2024-06-30,Mexico,Ecuador,0,0,Copa América,Glendale,United States,True,27186,False,27184,26,14
2024-07-01,United States,Uruguay,0,1,Copa América,Kansas City,United States,False,27187,False,27186,45,46
2024-07-01,France,Belgium,1,0,UEFA Euro,Düsseldorf,Germany,True,27187,False,27187,17,4
2024-07-02,Austria,Turkey,1,2,UEFA Euro,Leipzig,Germany,True,27188,False,27187,3,44
2024-07-02,Brazil,Colombia,1,1,Copa América,Santa Clara,United States,True,27188,False,27188,6,9
2024-07-04,Argentina,Ecuador,1,1,Copa América,Houston,United States,True,27190,False,27188,1,14
2024-07-05,Portugal,France,0,0,UEFA Euro,Hamburg,Germany,True,27191,False,27190,33,17
2024-07-05,Germany,Spain,1,2,UEFA Euro,Stuttgart,Germany,False,27191,False,27191,18,40
2024-07-06,Uruguay,Brazil,0,0,Copa América,Las Vegas,United States,True,27192,False,27191,46,6
2024-07-06,Colombia,Panama,5,0,Copa América,Glendale,United States,True,27192,False,27192,9,31
2024-07-06,Netherlands,Turkey,2,1,UEFA Euro,Berlin,Germany,True,27192,False,27192,28,44
2024-07-06,England,Switzerland,1,1,UEFA Euro,Düsseldorf,Germany,True,27192,False,27192,16,42
2024-07-09,Spain,France,2,1,UEFA Euro,Munich,Germany,True,27195,False,27192,40,17
2024-07-09,Argentina,Canada,2,0,Copa América,East Rutherford,United States,True,27195,False,27195,1,7
2024-07-10,Netherlands,England,1,2,UEFA Euro,Dortmund,Germany,True,27196,False,27195,28,16
2024-07-10,Uruguay,Colombia,0,1,Copa América,Charlotte,United States,True,27196,False,27196,46,9
2024-07-13,Canada,Uruguay,2,2,Copa América,Charlotte,United States,True,27199,False,27196,7,46
2024-07-14,Spain,England,2,1,UEFA Euro,Berlin,Germany,True,27200,False,27199,40,16
2024-07-14,Argentina,Colombia,1,0,Copa América,Miami Gardens,United States,True,27200,False,27200,1,9
2024-09-05,Portugal,Croatia,2,1,UEFA Nations League,Lisbon,Portugal,False,27253,False,27200,33,10
2024-09-06,Uruguay,Paraguay,0,0,FIFA World Cup qualification,Montevideo,Uruguay,False,27254,False,27253,46,32
2024-09-06,Brazil,Ecuador,1,0,FIFA World Cup qualification,Curitiba,Brazil,False,27254,False,27254,6,14
2024-09-06,Egypt,Cape Verde,3,0,African Cup of Nations qualification,Cairo,Egypt,False,27254,False,27254,15,8
2024-09-07,Netherlands,Bosnia and Herzegovina,5,2,UEFA Nations League,Eindhoven,Netherlands,False,27255,False,27254,28,5
2024-09-07,United States,Canada,1,2,Friendly,Kansas City,United States,False,27255,True,27255,45,7
2024-09-07,Mexico,New Zealand,3,0,Friendly,Pasadena,United States,True,27255,True,27255,26,29
2024-09-08,Switzerland,Spain,1,4,UEFA Nations League,Geneva,Switzerland,False,27256,False,27255,42,40
2024-09-08,Portugal,Scotland,2,1,UEFA Nations League,Lisbon,Portugal,False,27256,False,27256,33,36
2024-09-09,France,Belgium,2,0,UEFA Nations League,Décines-Charpieu,France,False,27257,False,27256,17,4
2024-09-09,Norway,Austria,2,1,UEFA Nations League,Oslo,Norway,False,27257,False,27257,30,3
2024-09-10,Colombia,Argentina,2,1,FIFA World Cup qualification,Barranquilla,Colombia,False,27258,False,27257,9,1
2024-09-10,Netherlands,Germany,2,2,UEFA Nations League,Amsterdam,Netherlands,False,27258,False,27258,28,18
2024-09-10,Paraguay,Brazil,1,0,FIFA World Cup qualification,Asunción,Paraguay,False,27258,False,27258,32,6
2024-09-10,Mexico,Canada,0,0,Friendly,Arlington,United States,True,27258,True,27258,26,7
2024-09-10,United States,New Zealand,1,1,Friendly,Cincinnati,United States,False,27258,True,27258,45,29
2024-10-10,Ecuador,Paraguay,0,0,FIFA World Cup qualification,Quito,Ecuador,False,27288,False,27258,14,32
2024-10-10,Uzbekistan,Iran,0,0,FIFA World Cup qualification,Tashkent,Uzbekistan,False,27288,False,27288,47,21
2024-10-10,Jordan,South Korea,0,2,FIFA World Cup qualification,Amman,Jordan,False,27288,False,27288,25,39
2024-10-10,Saudi Arabia,Japan,0,2,FIFA World Cup qualification,Jeddah,Saudi Arabia,False,27288,False,27288,35,24
2024-10-11,Bosnia and Herzegovina,Germany,1,2,UEFA Nations League,Zenica,Bosnia and Herzegovina,False,27289,False,27288,5,18
2024-10-12,Croatia,Scotland,2,1,UEFA Nations League,Zagreb,Croatia,False,27290,False,27289,10,36
2024-10-12,United States,Panama,2,0,Friendly,Austin,United States,False,27290,True,27290,45,31
2024-10-13,Austria,Norway,5,1,UEFA Nations League,Linz,Austria,False,27291,False,27290,3,30
2024-10-14,Germany,Netherlands,1,0,UEFA Nations League,Munich,Germany,False,27292,False,27291,18,28
2024-10-14,Belgium,France,1,2,UEFA Nations League,Leuven,Belgium,False,27292,False,27292,4,17
2024-10-15,Uruguay,Ecuador,0,0,FIFA World Cup qualification,Montevideo,Uruguay,False,27293,False,27292,46,14
2024-10-15,Iran,Qatar,4,1,FIFA World Cup qualification,Dubai,United Arab Emirates,True,27293,False,27293,21,34
2024-10-15,South Korea,Iraq,3,2,FIFA World Cup qualification,Yongin,South Korea,False,27293,False,27293,39,22
2024-10-15,Japan,Australia,1,1,FIFA World Cup qualification,Saitama,Japan,False,27293,False,27293,24,2
2024-10-15,Scotland,Portugal,0,0,UEFA Nations League,Glasgow,Scotland,False,27293,False,27293,36,33
2024-10-15,Canada,Panama,2,1,Friendly,Toronto,Canada,False,27293,True,27293,7,31
2024-10-15,Mexico,United States,2,0,Friendly,Zapopan,Mexico,False,27293,True,27293,26,45
2024-11-14,Qatar,Uzbekistan,3,2,FIFA World Cup qualification,Al Rayyan,Qatar,False,27323,False,27293,34,47
2024-11-14,Iraq,Jordan,0,0,FIFA World Cup qualification,Basra,Iraq,False,27323,False,27323,22,25
2024-11-14,Australia,Saudi Arabia,0,0,FIFA World Cup qualification,Melbourne,Australia,False,27323,False,27323,2,35
2024-11-14,Paraguay,Argentina,2,1,FIFA World Cup qualification,Asunción,Paraguay,False,27323,False,27323,32,1
2024-11-15,Uruguay,Colombia,3,2,FIFA World Cup qualification,Montevideo,Uruguay,False,27324,False,27323,46,9
2024-11-15,Cape Verde,Egypt,1,1,African Cup of Nations qualification,Praia,Cape Verde,False,27324,False,27324,8,15
2024-11-15,Scotland,Croatia,1,0,UEFA Nations League,Glasgow,Scotland,False,27324,False,27324,36,10
2024-11-16,Germany,Bosnia and Herzegovina,7,0,UEFA Nations League,Freiburg,Germany,False,27325,False,27324,18,5
2024-11-18,Spain,Switzerland,3,2,UEFA Nations League,Santa Cruz de Tenerife,Spain,False,27327,False,27325,40,42
2024-11-18,Croatia,Portugal,1,1,UEFA Nations League,Split,Croatia,False,27327,False,27327,10,33
2024-11-19,Brazil,Uruguay,1,1,FIFA World Cup qualification,Salvador,Brazil,False,27328,False,27327,6,46
2024-11-19,Colombia,Ecuador,0,1,FIFA World Cup qualification,Barranquilla,Colombia,False,27328,False,27328,9,14
2024-11-19,Bosnia and Herzegovina,Netherlands,1,1,UEFA Nations League,Zenica,Bosnia and Herzegovina,False,27328,False,27328,5,28
2024-12-28,Iraq,Saudi Arabia,1,3,Gulf Cup,Kuwait City,Kuwait,True,27367,False,27328,22,35
2025-01-22,Uzbekistan,Jordan,0,0,Friendly,Doha,Qatar,True,27392,True,27367,47,25
2025-03-20,Canada,Mexico,0,2,CONCACAF Nations League,Inglewood,United States,True,27449,False,27392,7,26
2025-03-20,Brazil,Colombia,2,1,FIFA World Cup qualification,Brasília,Brazil,False,27449,False,27449,6,9
2025-03-20,Croatia,France,2,0,UEFA Nations League,Split,Croatia,False,27449,False,27449,10,17
2025-03-20,Netherlands,Spain,2,2,UEFA Nations League,Rotterdam,Netherlands,False,27449,False,27449,28,40
2025-03-20,United States,Panama,0,1,CONCACAF Nations League,Inglewood,United States,False,27449,False,27449,45,31
2025-03-21,Uruguay,Argentina,0,1,FIFA World Cup qualification,Montevideo,Uruguay,False,27450,False,27449,46,1
2025-03-23,Spain,Netherlands,3,3,UEFA Nations League,Valencia,Spain,False,27452,False,27450,40,28
2025-03-23,France,Croatia,2,0,UEFA Nations League,Paris,France,False,27452,False,27452,17,10
2025-03-23,Panama,Mexico,1,2,CONCACAF Nations League,Inglewood,United States,True,27452,False,27452,31,26
2025-03-23,United States,Canada,1,2,CONCACAF Nations League,Inglewood,United States,False,27452,False,27452,45,7
2025-03-25,South Korea,Jordan,1,1,FIFA World Cup qualification,Suwon,South Korea,False,27454,False,27452,39,25
2025-03-25,Japan,Saudi Arabia,0,0,FIFA World Cup qualification,Saitama,Japan,False,27454,False,27454,24,35
2025-03-25,Iran,Uzbekistan,2,2,FIFA World Cup qualification,Tehran,Iran,False,27454,False,27454,21,47
2025-03-25,Argentina,Brazil,4,1,FIFA World Cup qualification,Buenos Aires,Argentina,False,27454,False,27454,1,6
2025-03-25,Colombia,Paraguay,2,2,FIFA World Cup qualification,Barranquilla,Colombia,False,27454,False,27454,9,32
2025-05-30,Saudi Arabia,Jordan,2,0,Friendly,Dammam,Saudi Arabia,False,27520,True,27454,35,25
2025-06-04,Germany,Portugal,1,2,UEFA Nations League,Munich,Germany,False,27525,False,27520,18,33
2025-06-05,Australia,Japan,1,0,FIFA World Cup qualification,Perth,Australia,False,27526,False,27525,2,24
2025-06-05,Iraq,South Korea,0,2,FIFA World Cup qualification,Basra,Iraq,False,27526,False,27526,22,39
2025-06-05,Qatar,Iran,1,0,FIFA World Cup qualification,Al Rayyan,Qatar,False,27526,False,27526,34,21
2025-06-05,Paraguay,Uruguay,2,0,FIFA World Cup qualification,Asunción,Paraguay,False,27526,False,27526,32,46
2025-06-05,Ecuador,Brazil,0,0,FIFA World Cup qualification,Guayaquil,Ecuador,False,27526,False,27526,14,6
2025-06-05,Spain,France,5,4,UEFA Nations League,Stuttgart,Germany,True,27526,False,27526,40,17
2025-06-06,Morocco,Tunisia,2,0,Friendly,Fez,Morocco,False,27527,True,27526,27,43
2025-06-07,Ivory Coast,New Zealand,0,1,Canadian Shield,Toronto,Canada,True,27528,False,27527,23,29
2025-06-07,United States,Turkey,1,2,Friendly,East Hartford,United States,False,27528,True,27528,45,44
2025-06-07,Mexico,Switzerland,2,4,Friendly,Salt Lake City,United States,True,27528,True,27528,26,42
2025-06-08,Germany,France,0,2,UEFA Nations League,Stuttgart,Germany,False,27529,False,27528,18,17
2025-06-08,Portugal,Spain,2,2,UEFA Nations League,Munich,Germany,True,27529,False,27529,33,40
2025-06-09,Croatia,Czech Republic,5,1,FIFA World Cup qualification,Osijek,Croatia,False,27530,False,27529,10,12
2025-06-10,Jordan,Iraq,0,1,FIFA World Cup qualification,Amman,Jordan,False,27531,False,27530,25,22
2025-06-10,Haiti,Curaçao,1,5,FIFA World Cup qualification,Oranjestad,Aruba,True,27531,False,27531,20,11
2025-06-10,Uzbekistan,Qatar,3,0,FIFA World Cup qualification,Tashkent,Uzbekistan,False,27531,False,27531,47,34
2025-06-10,Canada,Ivory Coast,0,0,Canadian Shield,Toronto,Canada,False,27531,False,27531,7,23
2025-06-10,Brazil,Paraguay,1,0,FIFA World Cup qualification,São Paulo,Brazil,False,27531,False,27531,6,32
2025-06-10,Saudi Arabia,Australia,1,2,FIFA World Cup qualification,Jeddah,Saudi Arabia,False,27531,False,27531,35,2
2025-06-10,Argentina,Colombia,1,1,FIFA World Cup qualification,Buenos Aires,Argentina,False,27531,False,27531,1,9
2025-06-10,England,Senegal,1,3,Friendly,London,England,False,27531,True,27531,16,37
2025-06-10,Mexico,Turkey,1,0,Friendly,Chapel Hill,United States,True,27531,True,27531,26,44
2025-06-10,Sweden,Algeria,4,3,Friendly,Solna,Sweden,False,27531,True,27531,41,0
2025-06-10,United States,Switzerland,0,4,Friendly,Nashville,United States,False,27531,True,27531,45,42
2025-06-15,Haiti,Saudi Arabia,0,1,Gold Cup,San Diego,United States,True,27536,False,27531,20,35
2025-06-19,United States,Saudi Arabia,1,0,Gold Cup,Austin,United States,False,27540,False,27536,45,35
2025-06-21,Curaçao,Canada,1,1,Gold Cup,Houston,United States,True,27542,False,27540,11,7
2025-06-22,United States,Haiti,2,1,Gold Cup,Arlington,United States,False,27543,False,27542,45,20
2025-06-28,Mexico,Saudi Arabia,2,0,Gold Cup,Glendale,United States,True,27549,False,27543,26,35
2025-07-06,United States,Mexico,1,2,Gold Cup,Houston,United States,False,27557,False,27549,45,26
2025-09-04,Paraguay,Ecuador,0,0,FIFA World Cup qualification,Asunción,Paraguay,False,27617,False,27557,32,14
2025-09-05,Australia,New Zealand,1,0,Soccer Ashes,Canberra,Australia,False,27618,False,27617,2,29
2025-09-06,United States,South Korea,0,2,Friendly,Harrison,United States,False,27619,True,27618,45,39
2025-09-06,Mexico,Japan,0,0,Friendly,Oakland,United States,True,27619,True,27619,26,24
2025-09-07,Turkey,Spain,0,6,FIFA World Cup qualification,Konya,Turkey,False,27620,False,27619,44,40
2025-09-08,Czech Republic,Saudi Arabia,1,1,Friendly,Hradec Králové,Czech Republic,False,27621,True,27620,12,35
2025-09-09,Bosnia and Herzegovina,Austria,1,2,FIFA World Cup qualification,Zenica,Bosnia and Herzegovina,False,27622,False,27621,5,3
2025-09-09,Mexico,South Korea,2,2,Friendly,Nashville,United States,True,27622,True,27622,26,39
2025-09-09,United States,Japan,2,0,Friendly,Columbus,United States,False,27622,True,27622,45,24
2025-09-09,New Zealand,Australia,1,3,Soccer Ashes,Auckland,New Zealand,False,27622,False,27622,29,2
2025-09-09,DR Congo,Senegal,2,3,FIFA World Cup qualification,Kinshasa,DR Congo,False,27622,False,27622,13,37
2025-09-09,Ecuador,Argentina,1,0,FIFA World Cup qualification,Guayaquil,Ecuador,False,27622,False,27622,14,1
2025-10-09,Czech Republic,Croatia,0,0,FIFA World Cup qualification,Prague,Czech Republic,False,27652,False,27622,12,10
2025-10-10,Sweden,Switzerland,0,2,FIFA World Cup qualification,Solna,Sweden,False,27653,False,27652,41,42
2025-10-10,Canada,Australia,0,1,Friendly,Montreal,Canada,False,27653,True,27653,7,2
2025-10-10,Japan,Paraguay,2,2,Kirin Cup,Osaka,Japan,False,27653,False,27653,24,32
2025-10-10,South Korea,Brazil,0,5,Friendly,Seoul,South Korea,False,27653,True,27653,39,6
2025-10-10,United States,Ecuador,1,1,Friendly,Austin,United States,False,27653,True,27653,45,14
2025-10-11,Mexico,Colombia,0,4,Friendly,Arlington,United States,True,27654,True,27653,26,9
2025-10-13,Uzbekistan,Uruguay,1,2,Friendly,Malacca City,Malaysia,True,27656,True,27654,47,46
2025-10-14,Japan,Brazil,3,2,Kirin Cup,Tokyo,Japan,False,27657,False,27656,24,6
2025-10-14,South Korea,Paraguay,2,0,Friendly,Seoul,South Korea,False,27657,True,27657,39,32
2025-10-14,Mexico,Ecuador,1,1,Friendly,Zapopan,Mexico,False,27657,True,27657,26,14
2025-10-14,Norway,New Zealand,1,1,Friendly,Oslo,Norway,False,27657,True,27657,30,29
2025-10-14,United States,Australia,2,1,Friendly,Denver,United States,False,27657,True,27657,45,2
2025-10-14,Canada,Colombia,0,0,Friendly,Harrison,United States,True,27657,True,27657,7,9
2025-10-14,Saudi Arabia,Iraq,0,0,FIFA World Cup qualification,Jeddah,Saudi Arabia,False,27657,False,27657,35,22
2025-11-13,Iran,Cape Verde,0,0,Al Ain International Cup,Al Ain,United Arab Emirates,True,27687,False,27657,21,8
2025-11-13,Canada,Ecuador,0,0,Friendly,Toronto,Canada,False,27687,True,27687,7,14
2025-11-14,Saudi Arabia,Ivory Coast,1,0,Friendly,Jeddah,Saudi Arabia,False,27688,True,27687,35,23
2025-11-14,Uzbekistan,Egypt,2,0,Al Ain International Cup,Al Ain,United Arab Emirates,True,27688,False,27688,47,15
2025-11-14,Tunisia,Jordan,3,2,Friendly,Radès,Tunisia,False,27688,True,27688,43,25
2025-11-14,Japan,Ghana,2,0,Kirin Cup,Toyota,Japan,False,27688,False,27688,24,19
2025-11-15,Brazil,Senegal,2,0,Friendly,London,England,True,27689,True,27688,6,37
2025-11-15,Mexico,Uruguay,0,0,Friendly,Torreón,Mexico,False,27689,True,27689,26,46
2025-11-15,United States,Paraguay,2,1,Friendly,Chester,United States,False,27689,True,27689,45,32
2025-11-15,Switzerland,Sweden,4,1,FIFA World Cup qualification,Geneva,Switzerland,False,27689,False,27689,42,41
2025-11-15,Colombia,New Zealand,2,1,Friendly,Fort Lauderdale,United States,True,27689,True,27689,9,29
2025-11-17,Cape Verde,Egypt,1,1,Al Ain International Cup,Al Ain,United Arab Emirates,True,27691,False,27689,8,15
2025-11-18,Spain,Turkey,2,2,FIFA World Cup qualification,Seville,Spain,False,27692,False,27691,40,44
2025-11-18,United States,Uruguay,5,1,Friendly,Tampa,United States,False,27692,True,27692,45,46
2025-11-18,Mexico,Paraguay,1,2,Friendly,San Antonio,United States,True,27692,True,27692,26,32
2025-11-18,South Korea,Ghana,1,0,Friendly,Seoul,South Korea,False,27692,True,27692,39,19
2025-11-18,Austria,Bosnia and Herzegovina,1,1,FIFA World Cup qualification,Vienna,Austria,False,27692,False,27692,3,5
2025-11-18,Iran,Uzbekistan,0,0,Al Ain International Cup,Al Ain,United Arab Emirates,True,27692,False,27692,21,47
2025-11-18,Ecuador,New Zealand,2,0,Friendly,Harrison,United States,True,27692,True,27692,14,29
2025-11-18,Colombia,Australia,3,0,Friendly,New York,United States,True,27692,True,27692,9,2
2025-11-18,Saudi Arabia,Algeria,0,2,Friendly,Jeddah,Saudi Arabia,False,27692,True,27692,35,0
2025-11-18,Brazil,Tunisia,1,1,Friendly,Lille,France,True,27692,True,27692,6,43
2025-12-07,Qatar,Tunisia,0,3,Arab Cup,Al Khor,Qatar,False,27711,False,27692,34,43
2025-12-08,Morocco,Saudi Arabia,1,0,Arab Cup,Lusail,Qatar,True,27712,False,27711,27,35
2025-12-09,Egypt,Jordan,0,3,Arab Cup,Al Khor,Qatar,True,27713,False,27712,15,25
2025-12-09,Algeria,Iraq,2,0,Arab Cup,Al Rayyan,Qatar,True,27713,False,27713,0,22
2025-12-12,Jordan,Iraq,1,0,Arab Cup,Al Rayyan,Qatar,True,27716,False,27713,25,22
2025-12-15,Saudi Arabia,Jordan,0,1,Arab Cup,Al Khor,Qatar,True,27719,False,27716,35,25
2025-12-18,Jordan,Morocco,2,3,Arab Cup,Lusail,Qatar,True,27722,False,27719,25,27
2025-12-26,Egypt,South Africa,1,0,African Cup of Nations,Agadir,Morocco,True,27730,False,27722,15,38
2025-12-27,Senegal,DR Congo,1,1,African Cup of Nations,Tangier,Morocco,True,27731,False,27730,37,13
