timestamp,timestamp_prev,dt,home_id,away_id,home_score,away_score,home_variance_before,away_variance_before,home_away_covariance_before,gamma_pred_trace,gamma_after_trace,kalman_gain_norm,home_team,away_team
23,0,23,13,0,0,0,2.250225,2.250225,0.45000002,108.0,102.3001,1.5633152,DR Congo,Algeria
26,23,3,38,13,1,0,2.1011198,0.013669684,0.0026919188,102.3342,99.91491,1.5331354,South Africa,DR Congo
27,26,1,15,37,1,0,2.0580165,2.0580165,0.25781077,99.93106,95.52843,1.4572338,Egypt,Senegal
28,27,1,43,27,0,0,2.0011077,2.0011077,0.2009076,95.553345,91.44153,1.4316248,Tunisia,Morocco
30,28,2,19,23,0,2,1.9655842,1.9655842,0.16538748,91.50763,87.55113,1.418333,Ghana,Ivory Coast
32,30,2,38,0,1,1,0.026926769,0.039680045,0.0053489273,87.63277,87.5597,1.4743217,South Africa,Algeria
34,32,2,30,41,1,1,2.250225,2.250225,0.45000002,87.6413,81.04147,1.6665028,Norway,Sweden
35,34,1,24,26,0,1,2.250225,2.250225,0.0,81.09534,75.51544,1.5746441,Japan,Mexico
36,35,1,19,38,0,1,0.02676659,0.01802824,0.0035856485,75.580345,75.524826,1.5512038,Ghana,South Africa
37,36,1,15,43,0,1,0.042188052,0.03812885,0.005762285,75.589714,75.50217,1.4669853,Egypt,Tunisia
38,37,1,26,12,1,2,0.013669741,2.1014175,0.0,75.56709,72.88851,1.5589368,Mexico,Czech Republic
42,38,4,38,43,2,2,0.026903685,0.022487849,0.00447757,73.16828,73.10649,1.5544028,South Africa,Tunisia
42,42,0,45,20,3,0,2.1609502,2.1609502,0.3607342,73.10649,68.47539,1.4568384,United States,Haiti
45,42,3,7,39,0,0,2.0588937,2.1620073,0.0,68.71182,64.06304,1.4829712,Canada,South Korea
49,45,4,45,9,2,2,0.03150201,2.250225,0.0,64.41314,61.676792,1.5322781,United States,Colombia
50,49,1,26,7,1,2,0.052196637,0.02208054,0.0037676808,61.76934,61.69072,1.4510443,Mexico,Canada
57,50,7,7,9,2,0,0.031380594,0.03581361,0.0,62.334534,62.254185,1.5445621,Canada,Colombia
87,57,30,9,6,0,0,0.13124633,2.1654696,0.02620596,64.91821,62.361,1.4894099,Colombia,Brazil
98,87,11,34,25,2,2,2.1164215,2.1164215,0.31620947,63.354095,58.788948,1.4616312,Qatar,Jordan
99,98,1,8,0,0,0,1.9749552,0.27959892,0.053252332,58.887276,56.549454,1.5043164,Cape Verde,Algeria
111,99,12,0,8,2,0,0.053457186,0.053457186,0.010671437,57.76957,57.634438,1.5605365,Algeria,Cape Verde
116,111,5,32,46,1,0,2.1086826,2.1086826,0.3084718,58.135586,53.760113,1.4370723,Paraguay,Uruguay
116,116,0,6,14,3,2,0.12645856,2.0299418,0.018885383,53.760113,51.570908,1.436964,Brazil,Ecuador
128,116,12,8,37,2,2,0.075314134,0.3929512,0.0150428265,52.909084,52.356544,1.5465704,Cape Verde,Senegal
134,128,6,8,37,1,0,0.026938586,0.026938586,0.0053677172,53.02027,52.952324,1.5576477,Cape Verde,Senegal
145,134,11,25,22,0,0,0.20206909,2.0535874,0.04037275,54.150146,51.753593,1.4998151,Jordan,Iraq
151,145,6,25,21,0,1,0.027040454,2.01889,0.0053677172,52.424515,50.32145,1.4914775,Jordan,Iran
153,151,2,25,22,1,4,0.009082047,0.03474308,0.0017964096,50.551704,50.501522,1.508288,Jordan,Iraq
154,153,1,45,38,4,0,0.42521966,0.42818427,0.0,50.616405,49.617767,1.5297158,United States,South Africa
154,154,0,32,14,3,1,0.16476347,0.16476347,0.03293269,49.617767,49.244553,1.4897884,Paraguay,Ecuador
155,154,1,17,24,2,2,2.0982952,0.46395606,0.0,49.36195,46.250065,1.5196984,France,Japan
157,155,2,27,17,1,5,0.4713163,0.009082047,0.0,46.49657,45.970047,1.6283482,Morocco,France
158,157,1,26,38,4,2,0.41991833,0.018012896,0.0,46.09398,45.605564,1.5404775,Mexico,South Africa
161,158,3,4,41,2,1,2.0579097,0.50017333,0.08666454,45.978813,42.89811,1.5749838,Belgium,Sweden
162,161,1,45,26,3,0,0.03578323,0.018028216,0.0035856436,43.028187,42.967827,1.4845712,United States,Mexico
162,162,0,28,12,1,0,2.0145307,0.4701591,0.06105221,42.967827,40.178894,1.5049559,Netherlands,Czech Republic
163,162,1,33,16,3,2,1.9858985,1.9858985,0.18569963,40.314404,36.08677,1.455194,Portugal,England
164,163,1,40,30,0,1,1.9547275,0.47474465,0.04079297,36.230453,33.69491,1.4439837,Spain,Norway
166,164,2,41,44,0,0,0.022562888,1.9407715,0.0036444543,33.991535,31.960615,1.5222031,Sweden,Turkey
167,166,1,0,37,1,1,0.2291981,0.14179388,0.02580674,32.11254,31.696066,1.4912555,Algeria,Senegal
167,167,0,12,17,1,2,0.021911241,0.04364659,0.0037478753,31.696066,31.621256,1.5128744,Czech Republic,France
168,167,1,16,18,1,0,0.021659367,1.9304348,0.0030298687,31.77386,29.773697,1.4873441,England,Germany
169,168,1,23,43,2,2,0.49200237,0.45699728,0.05161393,29.929993,28.947634,1.4363298,Ivory Coast,Tunisia
170,169,1,4,44,0,2,0.037896022,0.017856508,0.0031272804,29.10558,29.038946,1.5514421,Belgium,Turkey
171,170,1,33,18,3,0,0.03335661,0.013320586,0.0022220535,29.196712,29.141327,1.5479063,Portugal,Germany
172,171,1,28,17,3,2,0.040735874,0.021367295,0.0029560248,29.29889,29.229252,1.4980465,Netherlands,France
175,172,3,44,33,0,2,0.022249939,0.017975817,0.003493828,29.70046,29.645542,1.617255,Turkey,Portugal
176,175,1,40,17,1,2,0.049013205,0.017408298,0.0027538438,29.802094,29.72542,1.531434,Spain,France
179,176,3,6,46,1,1,0.2560298,0.2560298,0.042836454,30.19366,29.650797,1.4498746,Brazil,Uruguay
179,179,0,2,29,2,0,2.250225,2.250225,0.45000002,29.650797,25.150797,1.4140663,Australia,New Zealand
179,179,0,17,33,2,1,0.013559593,0.017970337,0.0026919188,25.150797,25.105648,1.6509101,France,Portugal
180,179,1,9,1,1,3,0.35455826,2.0089014,0.043254465,25.271273,22.90646,1.4152606,Colombia,Argentina
190,180,10,27,0,2,1,0.1427876,0.101243906,0.02017753,24.591425,24.295406,1.5410044,Morocco,Algeria
190,190,0,37,15,0,0,0.09532682,0.5276758,0.013492418,24.295406,23.649754,1.4580075,Senegal,Egypt
197,190,7,31,26,0,1,2.0544474,0.15231955,0.030422825,24.822433,22.555103,1.4691515,Panama,Mexico
199,197,2,32,6,2,1,0.1898158,0.08832135,0.017598927,22.896202,22.596603,1.4711254,Paraguay,Brazil
200,199,1,1,14,2,0,0.08417553,0.18518965,0.012056406,22.767239,22.492607,1.4313549,Argentina,Ecuador
204,200,4,31,7,0,0,0.031380527,0.5396767,0.006256105,23.173935,22.575481,1.472673,Panama,Canada
206,204,2,14,9,0,0,0.02693863,0.10732119,0.0053677266,22.9165,22.77547,1.4676715,Ecuador,Colombia
207,206,1,6,1,3,1,0.034498442,0.030139575,0.0049867374,22.945751,22.878372,1.4373556,Brazil,Argentina
227,207,20,9,46,1,0,0.092601165,0.19491719,0.018281912,26.216038,25.909863,1.4662861,Colombia,Uruguay
227,227,0,26,7,2,0,0.12989417,0.10125562,0.020231124,25.909863,25.6507,1.4854007,Mexico,Canada
228,227,1,1,32,1,1,0.08824143,0.11890094,0.013731009,25.815235,25.601448,1.4343915,Argentina,Paraguay
245,228,17,4,10,0,0,0.3108681,1.9633098,0.05959844,28.355907,25.86819,1.5775332,Belgium,Croatia
245,245,0,5,40,1,2,1.9400933,0.27788872,0.042664137,25.86819,23.531414,1.5181141,Bosnia and Herzegovina,Spain
245,245,0,15,23,1,0,0.23447329,0.31111914,0.046874657,23.531414,22.860903,1.5489844,Egypt,Ivory Coast
246,245,1,26,31,7,1,0.0839959,0.1754834,0.016779179,23.03101,22.745056,1.4809232,Mexico,Panama
246,246,0,46,14,4,0,0.0839823,0.16512348,0.016567312,22.745056,22.477196,1.4690787,Uruguay,Ecuador
280,246,34,41,44,1,1,0.43514937,0.40678218,0.065254614,28.099422,27.069824,1.5446934,Sweden,Turkey
280,280,0,2,39,2,4,0.41163644,0.8229471,0.0,27.069824,25.70705,1.4748782,Australia,South Korea
280,280,0,9,32,0,2,0.22223999,0.21858475,0.040503286,25.70705,25.228088,1.4646076,Colombia,Paraguay
280,280,0,16,18,0,1,0.4108467,0.40154397,0.04852287,25.228088,24.329052,1.4798765,England,Germany
281,280,1,1,46,2,1,0.21003419,0.14551859,0.021234524,24.496227,24.12928,1.4349735,Argentina,Uruguay
282,281,1,7,31,1,0,0.23037957,0.15640548,0.031261098,24.296852,23.865536,1.4839857,Canada,Panama
284,282,2,28,33,0,2,0.40306163,0.38274,0.04011266,24.2014,23.364033,1.4555603,Netherlands,Portugal
284,284,0,10,36,1,1,0.16103983,1.9166493,0.017774526,23.364033,21.249268,1.4618785,Croatia,Scotland
284,284,0,3,40,1,1,1.9078399,0.15679425,0.014035929,21.249268,19.166609,1.4388634,Austria,Spain
287,284,3,35,24,1,4,2.027032,0.51039004,0.088323995,19.698013,17.045425,1.469663,Saudi Arabia,Japan
287,287,0,34,47,1,1,0.65963924,1.9894986,0.079918236,17.045425,14.368412,1.4264628,Qatar,Uzbekistan
290,287,3,24,47,8,1,0.013559593,0.013559593,0.0026919188,14.92852,14.896251,1.516132,Japan,Uzbekistan
290,290,0,35,34,0,0,0.012667808,0.012667808,0.0018001341,14.896251,14.869324,1.4462894,Saudi Arabia,Qatar
291,290,1,21,22,1,0,0.50694793,0.5008503,0.06641418,15.055398,14.032125,1.4236151,Iran,Iraq
293,291,2,35,47,5,0,0.013556794,0.013556794,0.0026890999,14.4072485,14.376122,1.4928879,Saudi Arabia,Uzbekistan
293,293,0,24,34,1,1,0.012666568,0.012666568,0.0017988739,14.376122,14.349767,1.4326216,Japan,Qatar
296,293,3,21,39,1,2,0.021894537,0.06804509,0.0035951529,14.909986,14.816338,1.4536599,Iran,South Korea
297,296,1,24,22,4,1,0.017623015,0.025529407,0.0030105936,15.00252,14.956128,1.4599463,Japan,Iraq
299,297,2,39,35,1,2,0.0134918,0.025721045,0.0024570727,15.327561,15.284349,1.4787225,South Korea,Saudi Arabia
302,299,3,24,35,1,0,0.022165248,0.013559593,0.0026919188,15.83898,15.797253,1.5116385,Japan,Saudi Arabia
319,302,17,6,9,1,0,0.42245448,0.16892241,0.033557363,18.879452,18.252922,1.4675782,Brazil,Colombia
319,319,0,7,26,0,0,0.16058882,0.2973504,0.032097764,18.252922,17.746164,1.482232,Canada,Mexico
378,319,59,43,27,0,1,0.75099695,0.6944901,0.12929076,27.79177,26.05109,1.5319914,Tunisia,Morocco
379,378,1,13,19,2,1,1.0327193,1.0135294,0.11928574,26.214827,24.086782,1.43923,DR Congo,Ghana
389,379,10,39,30,2,3,0.3701121,0.7632656,0.0,25.748375,24.347988,1.5777802,South Korea,Norway
392,389,3,39,32,1,1,0.013559593,0.4443059,0.0,24.848396,24.324429,1.5496925,South Korea,Paraguay
393,392,1,15,27,0,0,0.54224634,0.066596195,0.013187426,24.491613,23.814959,1.5288345,Egypt,Morocco
404,393,11,27,39,1,1,0.049059436,0.05345713,0.0,25.646803,25.511986,1.6216278,Morocco,South Korea
410,404,6,41,34,0,0,0.50557214,0.45032957,0.0,26.495926,25.237211,1.6173307,Sweden,Qatar
420,410,10,27,37,0,0,0.07096011,0.75732523,0.014172023,26.876022,25.982773,1.5256871,Morocco,Senegal
421,420,1,43,13,6,0,0.17708358,0.173325,0.028020473,26.14664,25.760246,1.4750435,Tunisia,DR Congo
424,421,3,45,26,2,0,0.8819017,0.42628527,0.08523707,26.252207,24.824265,1.4776917,United States,Mexico
434,424,10,13,23,1,2,0.057846043,0.6456402,0.011549209,26.471256,25.72551,1.5227975,DR Congo,Ivory Coast
435,434,1,15,0,5,2,0.16978608,0.7724754,0.020243574,25.889893,24.92427,1.437925,Egypt,Algeria
448,435,13,36,4,2,2,0.6056711,0.7140347,0.10114819,27.056402,25.3937,1.5673041,Scotland,Belgium
448,448,0,27,43,2,0,0.11951616,0.11537417,0.020598939,25.3937,25.128376,1.4894503,Morocco,Tunisia
448,448,0,5,3,1,1,0.6838124,0.578278,0.07245037,25.128376,23.704119,1.4945645,Bosnia and Herzegovina,Austria
449,448,1,19,13,3,0,0.2665414,0.064380884,0.009623537,23.872543,23.526108,1.4676315,Ghana,DR Congo
452,449,3,33,28,2,2,0.57614356,0.57614356,0.06236515,24.031435,22.781143,1.4673437,Portugal,Netherlands
452,452,0,46,32,0,1,0.63204896,0.25452897,0.0508858,22.781143,21.798725,1.4845132,Uruguay,Paraguay
452,452,0,14,6,1,0,0.7035064,0.49639657,0.07131375,21.798725,20.564194,1.4332546,Ecuador,Brazil
476,452,24,37,0,3,0,0.22754085,0.17362604,0.030296277,24.66198,24.205221,1.4996028,Senegal,Algeria
479,476,3,14,32,2,1,0.11837783,0.11837783,0.023655565,24.706486,24.438412,1.4894263,Ecuador,Paraguay
482,479,3,47,25,2,2,0.6809788,1.0168847,0.11414184,24.93828,23.114258,1.4639925,Uzbekistan,Jordan
489,482,7,0,27,1,2,0.05784614,0.17212695,0.011549229,24.29438,24.015915,1.5513984,Algeria,Morocco
491,489,2,15,37,1,0,0.2202671,0.06379991,0.00956946,24.351181,24.04206,1.4761577,Egypt,Senegal
492,491,1,25,47,1,1,0.04465309,0.04465309,0.008910618,24.209812,24.102917,1.5240642,Jordan,Uzbekistan
505,492,13,43,23,1,1,0.227268,0.27490154,0.031399988,26.25613,25.718973,1.457784,Tunisia,Ivory Coast
515,505,10,26,2,0,2,0.37449718,0.84384507,0.0,27.348248,26.0215,1.4963665,Mexico,Australia
515,515,0,39,17,0,5,0.4368046,0.9926272,0.0,26.0215,24.431591,1.4966003,South Korea,France
516,515,1,24,7,3,0,0.72174126,0.69920903,0.0,24.598562,23.07824,1.4628577,Japan,Canada
517,516,1,2,17,1,0,0.009082051,0.009082051,0.0,23.247913,23.224262,1.6069174,Australia,France
517,517,0,39,26,2,1,0.0090809325,0.009080897,0.0,23.224262,23.202942,1.5252246,South Korea,Mexico
518,517,1,40,5,4,1,0.76297504,0.29053128,0.052478418,23.372366,22.121723,1.5691899,Spain,Bosnia and Herzegovina
518,518,0,7,6,0,0,0.008993208,0.27104455,0.0,22.121723,21.806314,1.498428,Canada,Brazil
519,518,1,39,2,1,0,0.009082051,0.009082051,0.0,21.97853,21.957724,1.5063835,South Korea,Australia
519,519,0,17,26,4,0,0.009078555,0.008992341,0.0,21.957724,21.934858,1.5834802,France,Mexico
519,519,0,1,9,3,0,0.78029865,0.68569374,0.08768764,21.934858,20.46104,1.4175037,Argentina,Colombia
520,519,1,24,6,0,0,0.017585142,0.009080076,0.0,20.635944,20.605072,1.5096838,Japan,Brazil
523,520,3,17,6,2,1,0.018028216,0.013559593,0.0,21.127872,21.083115,1.6627282,France,Brazil
523,523,0,24,2,1,0,0.013559593,0.018028216,0.0,21.083115,21.047274,1.5131705,Japan,Australia
525,523,2,2,6,1,0,0.009082047,0.009082047,0.0,21.39439,21.374294,1.4801837,Australia,Brazil
526,525,1,24,17,0,1,0.013559617,0.013559617,0.0,21.547375,21.508696,1.6845407,Japan,France
533,526,7,23,15,2,2,0.1226371,0.18033682,0.024507422,22.711143,22.33267,1.5590919,Ivory Coast,Egypt
536,533,3,29,2,0,2,1.1043783,0.049069986,0.009791913,22.845135,21.691906,1.4125495,New Zealand,Australia
540,536,4,2,29,4,1,0.018028153,0.018028153,0.0035856308,22.379616,22.34376,1.4060469,Australia,New Zealand
546,540,6,27,15,1,0,0.23138297,0.057845965,0.011549193,23.365488,23.025284,1.5430361,Morocco,Egypt
546,546,0,5,47,1,2,0.12135809,0.22695273,0.0,23.025284,22.57459,1.6421763,Bosnia and Herzegovina,Uzbekistan
547,546,1,46,6,1,0,0.3694643,0.0969536,0.019370722,22.745274,22.25096,1.4714646,Uruguay,Brazil
547,547,0,26,45,1,0,0.122637,0.47091633,0.0245074,22.25096,21.606152,1.4797364,Mexico,United States
547,547,0,24,32,2,0,0.09127391,0.27005732,0.0,21.606152,21.220413,1.4850318,Japan,Paraguay
558,547,11,6,26,0,1,0.049059436,0.049059436,0.0,23.108715,22.991253,1.5460355,Brazil,Mexico
560,558,2,37,27,1,0,0.27250585,0.062226176,0.0124252355,23.33061,22.946108,1.5360361,Senegal,Morocco
560,560,0,9,14,1,0,0.16850789,0.31284162,0.023872107,22.946108,22.457863,1.4254285,Colombia,Ecuador
561,560,1,13,43,0,3,0.4085251,0.22093311,0.027604599,22.628777,21.967896,1.4477656,DR Congo,Tunisia
561,561,0,32,26,0,0,0.05951827,0.013559617,0.0,21.967896,21.889427,1.4926541,Paraguay,Mexico
564,561,3,6,32,3,1,0.026803581,0.013559593,0.0026919188,22.404545,22.360218,1.4737698,Brazil,Paraguay
567,564,3,0,15,1,1,0.2939979,0.08924844,0.012919792,22.87252,22.469927,1.4560872,Algeria,Egypt
571,567,4,26,46,2,1,0.044652972,0.100125805,0.0,23.151436,22.993555,1.4955623,Mexico,Uruguay
575,571,4,9,26,1,0,0.06498432,0.018028153,0.0,23.67089,23.577736,1.5125998,Colombia,Mexico
575,575,0,23,13,1,2,0.170461,0.061837416,0.011324682,23.577736,23.322483,1.4993571,Ivory Coast,DR Congo
592,575,17,6,32,2,0,0.12098761,0.12098761,0.022858117,26.153124,25.889921,1.4647664,Brazil,Paraguay
592,592,0,14,1,0,2,0.12903363,0.27949613,0.016831627,25.889921,25.478874,1.4192235,Ecuador,Argentina
601,592,9,21,35,2,0,0.9524166,0.93997294,0.12906456,26.950966,24.983414,1.4386315,Iran,Saudi Arabia
603,601,2,47,34,2,1,0.23846467,0.6679172,0.039513342,25.314817,24.362793,1.459213,Uzbekistan,Qatar
608,603,5,35,22,1,0,0.031363778,0.92393965,0.0058160224,25.194996,24.22902,1.4744352,Saudi Arabia,Iraq
609,608,1,36,10,0,0,0.60065436,0.99015784,0.1013325,24.396397,22.473328,1.5526493,Scotland,Croatia
609,609,0,40,3,4,0,0.3578828,0.5751102,0.052600466,22.473328,21.363787,1.5327297,Spain,Austria
609,609,0,18,16,1,5,0.95343935,0.95343935,0.08553405,21.363787,19.375246,1.4416548,Germany,England
613,609,4,9,14,0,0,0.1606647,0.092642955,0.01850859,20.081413,19.805548,1.4744405,Colombia,Ecuador
613,613,0,44,41,1,2,0.9498002,0.67427266,0.0587038,19.805548,18.125462,1.4380801,Turkey,Sweden
613,613,0,1,6,2,1,0.087547734,0.087547734,0.013413366,18.125462,17.9439,1.4357417,Argentina,Brazil
613,613,0,3,5,2,0,0.017997742,0.26464292,0.0033453717,17.9439,17.636175,1.5541294,Austria,Bosnia and Herzegovina
613,613,0,4,36,2,0,0.5552906,0.017268158,0.0022477424,17.636175,17.041245,1.4881868,Belgium,Scotland
615,613,2,22,21,1,2,0.031380527,0.060962494,0.006256105,17.404354,17.297405,1.5129753,Iraq,Iran
636,615,21,34,47,2,2,0.14082392,0.14082392,0.025759429,21.028027,20.709114,1.4906263,Qatar,Uzbekistan
636,636,0,35,21,2,2,0.114892125,0.088530175,0.013480879,20.709114,20.491798,1.4561433,Saudi Arabia,Iran
643,636,7,22,35,1,2,0.115159385,0.031380594,0.006256119,21.708378,21.548515,1.4983382,Iraq,Saudi Arabia
644,643,1,10,4,1,0,0.15105917,0.13536365,0.027052732,21.721245,21.309212,1.6549647,Croatia,Belgium
645,644,1,46,9,1,1,0.2940531,0.1395889,0.027897784,21.482422,21.018179,1.4700845,Uruguay,Colombia
645,645,0,32,1,2,2,0.20937786,0.13228607,0.019927975,21.018179,20.667557,1.4324528,Paraguay,Argentina
650,645,5,21,22,2,1,0.060779173,0.03138054,0.006256108,21.53653,21.429098,1.5159441,Iran,Iraq
676,650,26,14,46,1,1,0.2553001,0.13536355,0.027052712,25.815746,25.392643,1.4733646,Ecuador,Uruguay
679,676,3,4,12,1,0,0.15224014,1.2617437,0.030422797,25.886803,24.351736,1.5936562,Belgium,Czech Republic
679,679,0,3,44,0,1,0.26285428,0.26285428,0.04016792,24.351736,23.709665,1.5437312,Austria,Turkey
683,679,4,32,9,0,4,0.15758322,0.15758322,0.025752375,24.381298,24.051712,1.4412256,Paraguay,Colombia
683,683,0,44,3,5,0,0.018028153,0.018028153,0.0035856308,24.051712,23.999199,1.657578,Turkey,Austria
683,683,0,46,1,1,1,0.030953536,0.15034857,0.004498564,23.999199,23.814318,1.4342458,Uruguay,Argentina
683,683,0,12,4,0,1,0.016838472,0.016838472,0.0023959505,23.814318,23.773678,1.5323931,Czech Republic,Belgium
689,683,6,2,46,1,0,0.579922,0.026938586,0.0,24.77835,24.143154,1.4935691,Australia,Uruguay
694,689,5,46,2,3,0,0.022487862,0.022487862,0.0,24.977543,24.927418,1.4900075,Uruguay,Australia
748,694,54,20,7,0,2,1.6155555,0.8223915,0.1570616,33.43176,30.818003,1.4651232,Haiti,Canada
749,748,1,45,39,2,1,0.7100376,0.79450196,0.0,30.972214,29.34,1.4720944,United States,South Korea
750,749,1,14,20,0,2,0.30647475,0.009080915,0.0,29.497162,29.132927,1.5107802,Ecuador,Haiti
750,750,0,15,37,0,1,0.68899494,0.7090129,0.13671078,29.132927,27.378193,1.5577594,Egypt,Senegal
751,750,1,27,19,0,0,0.66641825,0.93358225,0.093990885,27.539276,25.812927,1.4655045,Morocco,Ghana
752,751,1,7,14,0,2,0.017673608,0.009082051,0.0,25.977139,25.946606,1.5122875,Canada,Ecuador
754,752,2,38,19,0,0,1.3856925,0.013598173,0.0026919236,26.274162,24.8438,1.5130578,South Africa,Ghana
755,754,1,15,43,1,0,0.021948442,0.651667,0.0036027054,25.009945,24.30418,1.474529,Egypt,Tunisia
757,755,2,26,39,0,0,0.643857,0.03581363,0.0,24.638296,23.926903,1.5187644,Mexico,South Korea
759,757,2,13,23,3,1,0.62129164,0.62129164,0.06700247,24.262524,22.99703,1.4258072,DR Congo,Ivory Coast
760,759,1,45,7,0,0,0.04855416,0.035782676,0.007097524,23.166866,23.075409,1.4628745,United States,Canada
760,760,0,35,34,3,1,0.45803112,0.48006555,0.08175868,23.075409,22.021606,1.4865077,Saudi Arabia,Qatar
760,760,0,38,27,3,1,0.026848964,0.039183423,0.005170336,22.021606,21.947598,1.4872466,South Africa,Morocco
761,760,1,37,43,0,0,0.04583045,0.02583896,0.0039129974,22.119532,22.043854,1.451474,Senegal,Tunisia
763,761,2,7,39,2,1,0.013559617,0.02691255,0.0,22.386993,22.339594,1.529869,Canada,South Korea
765,763,2,37,13,2,0,0.018028239,0.026763698,0.0035856478,22.681551,22.626575,1.5459229,Senegal,DR Congo
881,765,116,17,37,0,1,1.1033099,0.4659816,0.0,40.30348,38.193413,1.6424116,France,Senegal
882,881,1,18,35,8,0,0.90138894,0.4870407,0.0,38.332893,36.517246,1.6126856,Germany,Saudi Arabia
883,882,1,16,41,1,1,0.88113767,0.8723645,0.12074387,36.66007,34.588043,1.5228517,England,Sweden
883,883,0,32,38,2,2,0.73279005,0.4712087,0.0,34.588043,33.16197,1.543068,Paraguay,South Africa
884,883,1,10,26,0,1,0.7798256,0.50413895,0.0,33.311497,31.825706,1.5252929,Croatia,Mexico
884,884,0,6,44,2,1,0.88479686,0.676346,0.0,31.825706,30.133,1.4753485,Brazil,Turkey
885,884,1,24,4,2,2,1.0320091,0.6699525,0.0,30.288578,28.453796,1.4691739,Japan,Belgium
886,885,1,45,33,3,2,0.48175865,1.1370996,0.0,28.61273,26.901205,1.4645191,United States,Portugal
887,886,1,17,46,0,0,0.02690096,0.67658395,0.0,27.06324,26.315798,1.5184468,France,Uruguay
888,887,1,40,32,3,1,0.83750033,0.022469223,0.0,26.479004,25.583542,1.4655782,Spain,Paraguay
888,888,0,1,16,0,1,0.69249785,0.021990592,0.0,25.583542,24.846174,1.5131551,Argentina,England
890,888,2,26,14,2,1,0.026932076,0.5047355,0.0,25.178127,24.635532,1.4714881,Mexico,Ecuador
891,890,1,43,4,1,1,0.4834688,0.026542928,0.0,24.802094,24.208841,1.5927562,Tunisia,Belgium
891,891,0,39,45,1,1,0.4840552,0.022011511,0.0,24.208841,23.64338,1.4930667,South Korea,United States
892,891,1,37,46,3,3,0.048899576,0.022439482,0.0,23.811924,23.72697,1.5288159,Senegal,Uruguay
893,892,1,41,1,1,1,0.042625386,0.02191255,0.0,23.895346,23.81744,1.5344098,Sweden,Argentina
893,893,0,38,40,2,3,0.043274112,0.021839757,0.0,23.81744,23.738173,1.5763361,South Africa,Spain
894,893,1,14,10,1,0,0.017621323,0.041599296,0.0,23.906528,23.838024,1.5047141,Ecuador,Croatia
895,894,1,24,43,2,0,0.044594064,0.017949041,0.0,24.00618,23.929922,1.5644087,Japan,Tunisia
895,895,0,39,33,1,0,0.017739935,0.03768421,0.0,23.929922,23.864536,1.5295238,South Korea,Portugal
896,895,1,18,32,1,0,0.057042554,0.034084454,0.0,24.032639,23.932705,1.4746288,Germany,Paraguay
897,896,1,41,37,1,2,0.017836096,0.022077441,0.0,24.10067,24.04863,1.6164062,Sweden,Senegal
898,897,1,6,4,2,0,0.058875516,0.03006809,0.0,24.216366,24.11875,1.501206,Brazil,Belgium
898,898,0,26,45,0,2,0.035777424,0.03138062,0.006256124,24.11875,24.042982,1.4861848,Mexico,United States
899,898,1,24,44,0,1,0.018028244,0.0604216,0.0,24.21073,24.120567,1.5417651,Japan,Turkey
902,899,3,16,6,1,2,0.05809057,0.018028216,0.0,24.622337,24.532135,1.5387692,England,Brazil
902,902,0,18,45,1,0,0.026327271,0.018028216,0.0,24.532135,24.475718,1.5841223,Germany,United States
903,902,1,39,40,0,0,0.035106137,0.041816566,0.0,24.642601,24.55061,1.5455283,South Korea,Spain
903,903,0,37,44,0,1,0.026938697,0.01747203,0.0,24.55061,24.492249,1.6116468,Senegal,Turkey
906,903,3,39,18,0,1,0.013559593,0.017969154,0.0,24.991798,24.947708,1.6589048,South Korea,Germany
907,906,1,6,44,1,0,0.022487912,0.017625753,0.0,25.11365,25.06165,1.6157758,Brazil,Turkey
910,907,3,39,44,2,3,0.018028216,0.013559593,0.0,25.55779,25.513393,1.6859202,South Korea,Turkey
911,910,1,18,6,0,2,0.02190907,0.018028216,0.0,25.678204,25.625694,1.6117647,Germany,Brazil
925,911,14,29,2,1,0,1.1933142,0.83256936,0.16649,27.900183,25.874538,1.4140366,New Zealand,Australia
972,925,47,25,21,1,0,1.284412,1.004905,0.14494793,33.242607,30.846073,1.4443215,Jordan,Iran
978,972,6,22,21,0,0,0.9856854,0.026938586,0.0053677172,31.766382,30.717186,1.4944265,Iraq,Iran
980,978,2,25,22,2,3,0.034729518,0.009082047,0.0017964096,31.0257,30.97564,1.5074888,Jordan,Iraq
981,980,1,23,38,0,0,0.76706016,0.36172098,0.07094589,31.129534,29.792969,1.5363439,Ivory Coast,South Africa
1019,981,38,30,5,2,0,1.4540435,1.1432287,0.14021435,35.516457,32.671883,1.4753515,Norway,Bosnia and Herzegovina
1019,1019,0,3,28,0,3,0.99592155,1.347622,0.104948945,32.671883,30.190018,1.4538283,Austria,Netherlands
1056,1019,37,20,11,3,0,1.0014411,2.0938277,0.17691101,35.74007,32.512177,1.4477117,Haiti,Curaçao
1130,1056,74,46,21,1,1,0.85025495,0.58960503,0.0,42.89695,41.13199,1.5706449,Uruguay,Iran
1142,1130,12,34,41,2,3,1.1302103,0.85232043,0.0,42.717712,40.30307,1.5749664,Qatar,Sweden
1183,1142,41,28,12,1,1,0.6189045,1.309033,0.11023102,45.632713,43.292747,1.5697767,Netherlands,Czech Republic
1183,1183,0,10,4,4,0,0.91107464,0.9025169,0.119879246,43.292747,41.22628,1.4986866,Croatia,Belgium
1187,1183,4,12,3,4,0,0.018028153,0.5918994,0.0035856308,41.75834,41.061287,1.6075709,Czech Republic,Austria
1187,1187,0,16,44,2,0,0.8695975,0.8532239,0.08606123,41.061287,39.23493,1.4522533,England,Turkey
1253,1187,66,36,18,1,1,1.4358133,1.0102754,0.11237514,47.73835,45.137135,1.4572142,Scotland,Germany
1254,1253,1,24,1,1,4,1.1057425,1.1298032,0.0,45.262737,42.716373,1.5092824,Japan,Argentina
1257,1254,3,24,32,0,0,0.01356901,1.0942818,0.0,43.106903,41.9126,1.5280794,Japan,Paraguay
1264,1257,7,17,9,1,0,1.0599425,1.4177064,0.0,42.83138,40.25134,1.4451048,France,Colombia
1264,1264,0,29,24,0,3,1.1079406,0.031391375,0.0,40.25134,39.059196,1.5201229,New Zealand,Japan
1265,1264,1,44,45,2,1,0.31764048,1.1490401,0.0,39.196938,37.454994,1.580319,Turkey,United States
1266,1265,1,9,29,3,1,0.009082051,0.009082051,0.0,37.595947,37.57585,1.4801836,Colombia,New Zealand
1266,1266,0,17,24,2,1,0.009079511,0.009082051,0.0,37.57585,37.551056,1.6456876,France,Japan
1267,1266,1,6,45,1,0,1.0500757,0.0090870485,0.0,37.69182,36.61001,1.4806436,Brazil,United States
1268,1267,1,38,23,2,1,0.9827474,0.9827474,0.19652946,36.752647,34.263317,1.563312,South Africa,Ivory Coast
1268,1268,0,17,29,5,0,0.009082051,0.009082051,0.0,34.263317,34.239666,1.6069173,France,New Zealand
1268,1268,0,24,9,0,1,0.009082051,0.009081283,0.0,34.239666,34.217777,1.5454578,Japan,Colombia
1269,1268,1,6,44,2,2,0.008993212,0.017585129,0.0,34.365196,34.330017,1.5923396,Brazil,Turkey
1272,1269,3,17,44,3,2,0.017982522,0.013559593,0.0026919188,34.770714,34.72516,1.6561322,France,Turkey
1274,1272,2,9,44,1,2,0.0268497,0.009082047,0.0,35.017677,34.971832,1.6540179,Colombia,Turkey
1289,1274,15,26,6,1,0,1.1678126,0.08761598,0.0,37.130142,35.76734,1.4988849,Mexico,Brazil
1295,1289,6,9,6,0,2,0.09064828,0.026938586,0.0053677172,36.628952,36.497345,1.4871248,Colombia,Brazil
1299,1295,4,45,6,1,2,0.13927382,0.018028153,0.0,37.067085,36.887524,1.5234618,United States,Brazil
1303,1299,4,26,6,1,0,0.0616605,0.018028153,0.0,37.454155,37.363293,1.519897,Mexico,Brazil
1343,1303,40,21,25,4,1,0.7711671,1.1183028,0.14134501,42.794106,40.66657,1.4914278,Iran,Jordan
1344,1343,1,28,3,3,1,0.6011807,0.588954,0.10362682,40.8011,39.26513,1.5794399,Netherlands,Austria
1344,1344,0,5,30,1,0,0.9693351,0.9693351,0.10891735,39.26513,37.21042,1.4516829,Bosnia and Herzegovina,Norway
1345,1344,1,9,6,1,2,0.21290964,0.18137975,0.03625595,37.35186,36.905937,1.4899491,Colombia,Brazil
1348,1345,3,32,46,4,1,0.35246202,0.7533622,0.05219103,37.331223,36.19638,1.4331594,Paraguay,Uruguay
1348,1348,0,6,14,1,0,0.01355209,1.2012182,0.002021661,36.19638,34.97969,1.4301589,Brazil,Ecuador
1348,1348,0,18,36,2,1,0.36806324,0.36806324,0.05648961,34.97969,34.14457,1.4941651,Germany,Scotland
1348,1348,0,12,28,3,1,0.55241454,0.01796765,0.0028021866,34.14457,33.52968,1.5354708,Czech Republic,Netherlands
1348,1348,0,4,10,2,1,0.55778784,0.55778784,0.051750373,33.52968,32.373344,1.4375249,Belgium,Croatia
1364,1348,16,25,21,3,2,0.09264305,0.09264305,0.01850861,34.75509,34.533016,1.5258566,Jordan,Iran
1379,1364,15,44,16,0,0,0.40073982,0.64090556,0.04726753,36.704292,35.583267,1.466857,Turkey,England
1379,1379,0,3,12,2,3,0.14839932,0.1326411,0.024154028,35.583267,35.220577,1.5800086,Austria,Czech Republic
1414,1379,35,36,28,1,0,0.26911446,0.26911446,0.046428174,40.14092,39.448883,1.5768751,Scotland,Netherlands
1414,1414,0,32,14,2,1,0.27833286,0.27833286,0.055646576,39.448883,38.818245,1.4901651,Paraguay,Ecuador
1414,1414,0,40,30,2,1,1.2460651,0.26981884,0.032515116,38.818245,37.243343,1.4658304,Spain,Norway
1418,1414,4,6,46,3,3,0.27564847,0.27564847,0.040393263,37.807137,37.235226,1.436793,Brazil,Uruguay
1418,1418,0,30,40,0,3,0.018028153,0.018028153,0.0035856308,37.235226,37.182713,1.657578,Norway,Spain
1418,1418,0,28,36,6,0,0.016838472,0.016838472,0.0023959505,37.182713,37.142075,1.5323931,Netherlands,Scotland
1418,1418,0,9,1,1,1,0.27654308,0.5705652,0.03152068,37.142075,36.295094,1.4139034,Colombia,Argentina
1439,1418,21,24,39,0,0,0.6403641,1.3756915,0.10956636,39.24433,37.057056,1.4727962,Japan,South Korea
1447,1439,8,15,22,2,0,1.6129714,1.2465385,0.0,38.183113,34.960022,1.4948338,Egypt,Iraq
1458,1447,11,35,34,0,0,1.3861846,0.97119224,0.11187949,36.549355,34.154606,1.4246178,Saudi Arabia,Qatar
1482,1458,24,41,30,0,3,1.0077555,0.27043068,0.054065984,37.615463,36.122513,1.5973797,Sweden,Norway
1488,1482,6,43,13,3,0,1.4793643,1.6145481,0.22518215,36.97989,33.540516,1.4816095,Tunisia,DR Congo
1489,1488,1,0,15,2,1,1.7061613,0.18003383,0.027015403,33.689285,31.693857,1.4736531,Algeria,Egypt
1495,1489,6,27,38,1,1,1.5463233,0.7780049,0.093339466,32.604057,30.181973,1.4447312,Morocco,South Africa
1498,1495,3,43,37,1,0,0.044621505,1.3856205,0.0074886973,30.647486,29.182476,1.4811728,Tunisia,Senegal
1499,1498,1,27,0,3,1,0.017862527,0.043158505,0.0030967488,29.339954,29.271349,1.4934199,Morocco,Algeria
1505,1499,6,43,27,2,1,0.031322956,0.026938586,0.0053677172,30.210445,30.137508,1.554991,Tunisia,Morocco
1509,1505,4,47,22,1,1,1.6603647,0.26242274,0.050673395,30.75792,28.769478,1.4844489,Uzbekistan,Iraq
1509,1509,0,21,34,3,1,0.53967303,0.2102762,0.033497065,28.769478,27.977749,1.4575698,Iran,Qatar
1550,1509,41,1,14,1,0,0.5221594,0.5358379,0.10441188,34.27774,33.081352,1.4893233,Argentina,Ecuador
1551,1550,1,32,6,0,0,0.5040269,0.49125195,0.07031125,33.23104,32.200916,1.43559,Paraguay,Brazil
1551,1551,0,25,34,1,0,0.6612532,0.18137965,0.03625593,32.200916,31.296253,1.4955498,Jordan,Qatar
1610,1551,59,2,29,1,0,1.6558871,1.1148278,0.22293243,39.83368,37.063293,1.4140328,Australia,New Zealand
1614,1610,4,14,9,2,1,0.27042732,0.684027,0.053869065,37.628525,36.61169,1.4702346,Ecuador,Colombia
1614,1614,0,6,1,3,1,0.25326875,0.2568601,0.039892107,36.61169,36.081543,1.4376853,Brazil,Argentina
1617,1614,3,38,8,2,1,0.48507166,1.9155468,0.09471447,36.511765,33.926098,1.512666,South Africa,Cape Verde
1618,1617,1,9,46,5,0,0.018028216,0.6647677,0.0035856436,34.0741,33.3873,1.4643852,Colombia,Uruguay
1618,1618,0,1,32,0,0,0.01730264,0.2563949,0.002744583,33.3873,33.112812,1.4288267,Argentina,Paraguay
1621,1618,3,21,25,0,1,0.44422188,0.2940439,0.058788788,33.56079,32.689636,1.5216076,Iran,Jordan
1625,1621,4,17,16,2,1,1.086582,0.8571947,0.15415269,33.289715,30.792542,1.5832399,France,England
1625,1625,0,42,10,0,0,1.9678173,0.88241297,0.11280908,30.792542,27.736494,1.4772859,Switzerland,Croatia
1627,1625,2,18,28,1,1,0.86754847,0.70732105,0.08571722,28.056908,26.310379,1.4832622,Germany,Netherlands
1629,1627,2,16,42,3,0,0.018020798,0.018020798,0.0035782077,26.636482,26.588009,1.6005985,England,Switzerland
1629,1629,0,10,17,2,2,0.016835228,0.016835228,0.002392637,26.588009,26.549383,1.4979703,Croatia,France
1631,1629,2,28,12,2,3,0.017581128,0.7923704,0.0027854294,26.874535,26.002954,1.5232079,Netherlands,Czech Republic
1632,1631,1,33,40,1,0,1.491439,0.69641894,0.060799222,26.166784,23.925756,1.4354682,Portugal,Spain
1632,1632,0,15,23,1,2,0.53481627,1.0808558,0.08431192,23.925756,22.198902,1.4684318,Egypt,Ivory Coast
1632,1632,0,19,38,3,0,1.6304437,0.066212356,0.010082107,22.198902,20.481396,1.4684654,Ghana,South Africa
1633,1632,1,10,16,2,4,0.017832244,0.017832244,0.0033896514,20.656258,20.611359,1.5560685,Croatia,England
1633,1633,0,25,22,2,0,0.05345721,0.46414867,0.010671443,20.611359,20.03864,1.5085077,Jordan,Iraq
1633,1633,0,42,17,1,3,0.016749425,0.016749425,0.002306832,20.03864,20.00159,1.473929,Switzerland,France
1635,1633,2,18,12,1,2,0.033288736,0.017569564,0.0027519444,20.352882,20.293959,1.5220422,Germany,Czech Republic
1635,1635,0,21,22,2,1,0.059947196,0.009082047,0.0017964096,20.293959,20.216455,1.504565,Iran,Iraq
1636,1635,1,33,16,2,2,0.017460397,0.013306592,0.0023536312,20.391848,20.352858,1.5677985,Portugal,England
1637,1636,1,22,25,1,3,0.009082051,0.017639624,0.0017964102,20.527977,20.49715,1.5048947,Iraq,Jordan
1638,1637,1,41,28,0,0,0.546351,0.0294981,0.003991462,20.671982,20.064072,1.4863355,Sweden,Netherlands
1642,1638,4,33,28,2,1,0.02682572,0.018028153,0.0035856308,20.764751,20.700241,1.6572853,Portugal,Netherlands
1645,1642,3,8,13,1,1,0.11973048,0.55979514,0.019418778,21.222473,20.49269,1.4749104,Cape Verde,DR Congo
1649,1645,4,1,14,6,1,0.13536358,0.15106842,0.027052714,21.18995,20.86853,1.4849181,Argentina,Ecuador
1649,1649,0,26,46,2,2,1.1238208,0.12675266,0.0,20.86853,19.38552,1.503548,Mexico,Uruguay
1652,1649,3,46,14,2,1,0.013559593,0.013559593,0.0026919188,19.915615,19.88513,1.4794959,Uruguay,Ecuador
1652,1652,0,1,26,0,1,0.012667808,0.013559593,0.0,19.88513,19.855663,1.4923872,Argentina,Mexico
1655,1652,3,1,46,4,2,0.013559593,0.013559593,0.0026919188,20.382946,20.352459,1.479496,Argentina,Uruguay
1655,1655,0,26,14,2,1,0.013559593,0.012667808,0.0,20.352459,20.322992,1.4923873,Mexico,Ecuador
1656,1655,1,6,32,1,2,0.16622914,0.15133415,0.019224675,20.498173,20.176556,1.4217867,Brazil,Paraguay
1660,1656,4,22,47,0,1,0.101255536,0.544643,0.020231107,20.876339,20.172026,1.5029509,Iraq,Uzbekistan
1660,1660,0,26,6,0,4,0.022487849,0.018028153,0.0,20.172026,20.123686,1.5414525,Mexico,Brazil
1660,1660,0,32,46,1,3,0.017315004,0.02176567,0.0028724824,20.123686,20.081917,1.4515187,Paraguay,Uruguay
1661,1660,1,39,25,0,0,0.73388076,0.10103097,0.014948062,20.257578,19.391697,1.452023,South Korea,Jordan
1662,1661,1,1,9,3,0,0.029683622,0.17056078,0.004402869,19.568737,19.367542,1.423343,Argentina,Colombia
1663,1662,1,46,6,1,1,0.013437373,0.013437373,0.0025696761,19.54463,19.51622,1.4414284,Uruguay,Brazil
1664,1663,1,47,35,1,0,0.018019494,0.6816034,0.0033725216,19.693012,18.979797,1.4768704,Uzbekistan,Saudi Arabia
1666,1664,2,9,46,1,2,0.017927842,0.013559617,0.0026919236,19.335169,19.300089,1.4770089,Colombia,Uruguay
1667,1666,1,1,6,2,2,0.021354776,0.017227808,0.0026870067,19.477314,19.437195,1.4346012,Argentina,Brazil
1668,1667,1,35,22,1,2,0.01802824,0.035089944,0.0035856485,19.614143,19.552698,1.5105404,Saudi Arabia,Iraq
1670,1668,2,24,21,0,0,0.7394795,0.14182772,0.016113985,19.90578,19.019516,1.4213023,Japan,Iran
1673,1670,3,24,25,1,1,0.013559593,0.05134303,0.0026919188,19.551802,19.480236,1.4981035,Japan,Jordan
1673,1673,0,39,21,3,4,0.0495418,0.012933564,0.0018168306,19.480236,19.415306,1.4446843,South Korea,Iran
1708,1673,35,27,43,1,1,0.70755124,0.70755124,0.10680934,25.404182,23.88424,1.4589051,Morocco,Tunisia
1708,1708,0,3,16,2,2,0.9789285,0.30043656,0.058748607,23.88424,22.381168,1.5895387,Austria,England
1709,1708,1,46,14,1,0,0.18544468,0.22590297,0.036859896,22.552237,22.095787,1.4794754,Uruguay,Ecuador
1709,1709,0,13,38,1,0,0.26347396,0.3110581,0.046130933,22.095787,21.44091,1.4969392,DR Congo,South Africa
1709,1709,0,19,8,2,0,0.29600614,0.250314,0.03213474,21.44091,20.865978,1.4466021,Ghana,Cape Verde
1712,1709,3,28,12,2,0,0.2817646,0.3058945,0.045776606,21.387218,20.648777,1.5632249,Netherlands,Czech Republic
1712,1712,0,31,45,1,1,2.006999,1.2236878,0.21133561,20.648777,17.221813,1.4537308,Panama,United States
1712,1712,0,41,10,0,1,0.28266543,0.29956424,0.034351803,17.221813,16.567657,1.4900631,Sweden,Croatia
1712,1712,0,5,40,1,1,1.0135128,0.29526833,0.02722063,16.567657,15.21979,1.4427097,Bosnia and Herzegovina,Spain
1712,1712,0,25,21,0,2,0.16893013,0.16893013,0.033766028,15.21979,14.814632,1.5266103,Jordan,Iran
1743,1712,31,36,30,0,1,0.9485051,0.8212244,0.07808494,20.416668,18.589521,1.4352119,Scotland,Norway
1743,1743,0,40,4,2,0,0.13384163,1.0608866,0.022662997,18.589521,17.3277,1.5505846,Spain,Belgium
1743,1743,0,1,46,4,2,0.30714718,0.14801398,0.029582797,17.3277,16.825148,1.4821105,Argentina,Uruguay
1743,1743,0,9,32,1,1,0.29726875,0.3174894,0.039864387,16.825148,16.199245,1.4252833,Colombia,Paraguay
1744,1743,1,19,13,0,0,0.15221396,0.15221396,0.030422794,16.382664,15.997353,1.562441,Ghana,DR Congo
1747,1744,3,45,31,6,0,0.15221396,0.15221396,0.030422794,16.547716,16.202948,1.4897122,United States,Panama
1747,1747,0,34,21,2,3,0.6759393,0.15221396,0.030422794,16.202948,15.321217,1.4946758,Qatar,Iran
1747,1747,0,6,9,0,0,0.3004213,0.018028216,0.0035856436,15.321217,14.998934,1.4640718,Brazil,Colombia
1747,1747,0,22,47,1,2,0.3078489,0.32142296,0.044319138,14.998934,14.336232,1.4465501,Iraq,Uzbekistan
1782,1747,35,34,25,2,0,0.15221398,0.28489634,0.030422796,20.668484,20.171118,1.5071014,Qatar,Jordan
1782,1782,0,46,32,1,0,0.16823952,0.16823952,0.033075422,20.171118,19.7948,1.4820278,Uruguay,Paraguay
1782,1782,0,14,6,1,0,0.28395957,0.14301896,0.020467293,19.7948,19.359562,1.4295324,Ecuador,Brazil
1808,1782,26,34,22,3,3,0.11411011,0.25072628,0.022802023,23.851076,23.427578,1.5171446,Qatar,Iraq
1866,1808,58,47,35,1,1,0.4600525,0.6911826,0.077733666,32.690353,31.442577,1.4684922,Uzbekistan,Saudi Arabia
1910,1866,44,21,24,2,1,0.59290314,0.7879576,0.08925692,37.89171,36.434883,1.449385,Iran,Japan
1910,1910,0,35,39,2,0,0.18587562,0.7628846,0.028254028,36.434883,35.454353,1.4546942,Saudi Arabia,South Korea
1911,1910,1,17,42,0,0,0.9249804,0.9249804,0.15717748,35.5993,33.232418,1.5739813,France,Switzerland
1911,1911,0,4,5,4,1,0.611719,0.69678646,0.09471287,33.232418,31.61444,1.5538371,Belgium,Bosnia and Herzegovina
1912,1911,1,26,45,2,1,0.88202536,0.63252175,0.12648435,31.767063,30.07341,1.4853587,Mexico,United States
1912,1912,0,13,19,1,1,0.6421982,0.6421982,0.12841965,30.07341,28.446804,1.5632275,DR Congo,Ghana
1912,1912,0,14,32,5,2,0.51523405,0.51523405,0.10302681,28.446804,27.27919,1.4904166,Ecuador,Paraguay
1915,1912,3,31,26,1,1,0.60517603,0.013559593,0.0026919188,27.762066,27.104172,1.4739207,Panama,Mexico
1915,1915,0,46,6,1,1,0.49148074,0.49148074,0.0709711,27.104172,26.085537,1.4362966,Uruguay,Brazil
1915,1915,0,1,9,1,0,0.59086853,0.57986563,0.06547998,26.085537,24.91498,1.4139823,Argentina,Colombia
1915,1915,0,39,47,2,1,0.022487912,0.19951077,0.004477583,24.91498,24.676825,1.4997442,South Korea,Uzbekistan
1980,1915,65,47,39,1,1,0.27438524,0.27438524,0.05485705,34.834297,34.17605,1.5269619,Uzbekistan,South Korea
1981,1980,1,8,38,1,2,0.90055764,0.90055764,0.14521691,34.323547,32.267784,1.497744,Cape Verde,South Africa
1981,1981,0,14,1,2,0,0.29009444,0.27833274,0.055646546,32.267784,31.625874,1.48846,Ecuador,Argentina
1982,1981,1,6,32,4,1,0.2640782,0.27505627,0.03786995,31.778471,31.22067,1.4352454,Brazil,Paraguay
1985,1982,3,31,45,0,3,0.29404396,0.3052739,0.05878879,31.679966,31.002115,1.4894071,Panama,United States
1985,1985,0,35,47,3,0,0.2945775,0.022487912,0.004477583,31.002115,30.6489,1.5098022,Saudi Arabia,Uzbekistan
1985,1985,0,40,5,1,1,0.81558484,0.30963,0.061906006,30.6489,29.178394,1.6271037,Spain,Bosnia and Herzegovina
1985,1985,0,1,6,3,1,0.018022988,0.013559593,0.0026919188,29.178394,29.14316,1.4778101,Argentina,Brazil
1985,1985,0,9,14,3,0,0.26559523,0.01695805,0.0023369784,29.14316,28.856892,1.4234182,Colombia,Ecuador
1992,1985,7,18,2,4,3,1.0337242,1.2020715,0.0,29.957176,27.559761,1.4661636,Germany,Australia
1992,1992,0,1,43,2,1,0.031380594,0.89301944,0.0,27.559761,26.552183,1.5094774,Argentina,Tunisia
1993,1992,1,24,26,1,2,0.31858385,0.30610722,0.0,26.714916,26.045776,1.4633977,Japan,Mexico
1995,1993,2,38,19,0,2,0.062119577,0.3351192,0.011871831,26.37294,25.920834,1.5166607,South Africa,Ghana
1995,1995,0,2,1,2,4,0.013559617,0.013559617,0.0,25.920834,25.890709,1.4856254,Australia,Argentina
1995,1995,0,18,43,3,0,0.013559617,0.013428719,0.0,25.890709,25.85397,1.6448857,Germany,Tunisia
1996,1995,1,23,15,2,0,1.0409449,1.0409449,0.110013485,26.0181,23.87888,1.4316375,Ivory Coast,Egypt
1996,1996,0,26,6,1,0,0.013559617,0.047288943,0.0,23.87888,23.810099,1.5144602,Mexico,Brazil
1998,1996,2,2,43,0,2,0.013559617,0.013558218,0.0,24.146187,24.11473,1.5183313,Australia,Tunisia
1998,1998,0,18,1,2,2,0.013559617,0.013542592,0.0,24.11473,24.077667,1.6492671,Germany,Argentina
1999,1998,1,24,6,2,2,0.026938718,0.013321802,0.0,24.245346,24.196072,1.5444046,Japan,Brazil
2002,1999,3,18,6,2,3,0.018028216,0.013559593,0.0,24.697392,24.652634,1.6627282,Germany,Brazil
2003,2002,1,26,1,1,1,0.031380586,0.02189437,0.0,24.819162,24.757195,1.5180831,Mexico,Argentina
2006,2003,3,6,1,4,1,0.017991515,0.013559593,0.0026919188,25.255157,25.219746,1.4809586,Brazil,Argentina
2006,2006,0,18,26,4,3,0.018028216,0.013559593,0.0,25.219746,25.174988,1.6627282,Germany,Mexico
2013,2006,7,9,31,0,1,0.11657764,0.12021098,0.0,26.326462,26.06483,1.4857312,Colombia,Panama
2015,2013,2,38,26,2,1,0.08780651,0.039913483,0.0,26.391916,26.23091,1.5622748,South Africa,Mexico
2016,2015,1,45,7,2,0,0.12782493,1.8921237,0.01871447,26.394283,24.316772,1.4346896,United States,Canada
2024,2016,8,26,9,1,2,0.04023111,0.049059458,0.0,25.645048,25.539024,1.538891,Mexico,Colombia
2024,2024,0,38,31,1,1,0.040237643,0.047339313,0.0,25.539024,25.433567,1.5577139,South Africa,Panama
2028,2024,4,9,31,2,3,0.018028153,0.018028153,0.0,26.091461,26.048473,1.5406002,Colombia,Panama
2031,2028,3,45,31,0,0,0.06395643,0.013559593,0.0026919188,26.538712,26.454208,1.4762181,United States,Panama
2045,2031,14,39,24,0,1,0.2722885,0.19786341,0.03955269,28.70582,28.146599,1.5246809,South Korea,Japan
2055,2045,10,39,35,0,1,0.04465297,0.27871895,0.008910594,29.7278,29.363558,1.5122746,South Korea,Saudi Arabia
2055,2055,0,24,21,2,1,0.04269115,0.51519257,0.0060839616,29.363558,28.778595,1.4512647,Japan,Iran
2072,2055,17,45,26,2,0,0.17723802,0.20454545,0.035427608,31.426847,30.997074,1.4871558,United States,Mexico
2072,2072,0,32,1,1,0,0.35949633,0.27560577,0.052338168,30.997074,30.30357,1.4699936,Paraguay,Argentina
2072,2072,0,5,4,1,0,0.35723582,0.60245144,0.06945182,30.30357,28.99114,1.6317885,Bosnia and Herzegovina,Belgium
2073,2072,1,46,9,3,2,0.5545092,0.18585888,0.026927533,29.149002,28.395802,1.4302255,Uruguay,Colombia
2073,2073,0,13,8,2,1,0.59414494,0.37056887,0.06616691,28.395802,27.307064,1.4984256,DR Congo,Cape Verde
2076,2073,3,26,31,5,0,0.018028216,0.182693,0.0035856436,27.789774,27.574863,1.4752091,Mexico,Panama
2076,2076,0,30,36,1,2,0.9946267,0.9946267,0.1192936,27.574863,25.364386,1.4826905,Norway,Scotland
2107,2076,31,38,13,2,2,0.33788654,0.14801398,0.029582797,30.332203,29.738152,1.5536318,South Africa,DR Congo
2107,2107,0,42,17,1,1,0.6774166,0.6774166,0.093583904,29.738152,28.206028,1.4931872,Switzerland,France
2107,2107,0,43,27,2,2,0.41023397,1.103664,0.05457915,28.206028,26.626421,1.4519118,Tunisia,Morocco
2107,2107,0,4,40,0,2,0.14986452,0.45138454,0.024855625,26.626421,25.93301,1.5356734,Belgium,Spain
2107,2107,0,8,19,0,4,0.13918231,0.40941176,0.016322298,25.93301,25.358492,1.4443088,Cape Verde,Ghana
2107,2107,0,10,41,1,0,1.0763744,1.0763744,0.093187064,25.358492,23.115181,1.4412545,Croatia,Sweden
2107,2107,0,12,28,0,2,1.0615232,1.0615232,0.07833735,23.115181,20.94806,1.4277436,Czech Republic,Netherlands
2107,2107,0,14,46,0,0,0.45472527,0.14801398,0.029582797,20.94806,20.311934,1.4692993,Ecuador,Uruguay
2107,2107,0,16,3,1,0,1.0585473,1.0585473,0.06885253,20.311934,18.177593,1.4195365,England,Austria
2111,2107,4,32,9,0,1,0.16175063,0.15765968,0.025794063,18.893303,18.559875,1.4401616,Paraguay,Colombia
2111,2111,0,46,1,1,0,0.017889513,0.15435492,0.0025731958,18.559875,18.38474,1.4332641,Uruguay,Argentina
2111,2111,0,45,31,2,0,0.16822284,0.1522139,0.03042278,18.38474,18.023403,1.4877629,United States,Panama
2142,2111,31,46,2,1,0,0.13536353,0.56313646,0.0,23.432539,22.68469,1.4959472,Uruguay,Australia
2142,2142,0,42,44,2,0,0.15226543,1.5153992,0.03042278,22.68469,20.92037,1.5940596,Switzerland,Turkey
2142,2142,0,30,12,0,1,0.26431298,0.14574274,0.023801435,20.92037,20.433783,1.5415511,Norway,Czech Republic
2146,2142,4,44,42,4,2,0.018028153,0.018028153,0.0035856308,21.131517,21.079004,1.657578,Turkey,Switzerland
2146,2146,0,12,30,1,0,0.016838472,0.016838472,0.0023959505,21.079004,21.038364,1.5323931,Czech Republic,Norway
2146,2146,0,2,46,1,0,0.018028153,0.018028153,0.0,21.038364,20.99823,1.4883612,Australia,Uruguay
2212,2146,66,27,23,0,1,0.42628542,0.7499262,0.085237086,31.756783,30.372507,1.5334654,Morocco,Ivory Coast
2215,2212,3,15,27,0,0,0.7280244,0.013559593,0.0026919188,30.83688,30.04565,1.5210968,Egypt,Morocco
2217,2215,2,43,38,2,0,0.41572183,0.41572183,0.06015568,30.356844,29.45418,1.4659811,Tunisia,South Africa
2218,2217,1,19,37,1,0,0.40425897,1.502197,0.042138726,29.611115,27.678001,1.428604,Ghana,Senegal
2219,2218,1,15,23,3,1,0.017999584,0.03074341,0.0035323144,27.838486,27.785816,1.4638594,Egypt,Ivory Coast
2220,2219,1,39,10,2,0,0.6325216,0.4434897,0.0,27.946087,26.504463,1.6446193,South Korea,Croatia
2225,2220,5,15,13,4,1,0.026938647,0.4229927,0.00536773,27.315357,26.848751,1.5195216,Egypt,DR Congo
2229,2225,4,15,37,2,1,0.018028153,0.047879446,0.0035856308,27.495373,27.415262,1.5488489,Egypt,Senegal
2232,2229,3,15,23,0,0,0.013559593,0.054981012,0.0026919188,27.897324,27.817297,1.5360967,Egypt,Ivory Coast
2251,2232,19,34,47,2,1,1.2423881,0.88676554,0.14225188,30.807076,28.512611,1.4634387,Qatar,Uzbekistan
2324,2251,73,24,36,0,0,0.8937518,0.8512965,0.0,39.310364,37.150963,1.5750085,Japan,Scotland
2352,2324,28,1,23,2,1,0.85659456,0.4801874,0.0,41.00946,39.34121,1.5952036,Argentina,Ivory Coast
2352,2352,0,16,32,1,0,0.8310797,0.8236144,0.0,39.34121,37.325104,1.560623,England,Paraguay
2353,2352,1,26,21,3,1,0.95114535,0.9480755,0.0,37.466316,35.317253,1.50424,Mexico,Iran
2354,2353,1,45,12,0,3,0.8348863,0.72312933,0.0,35.46247,33.61164,1.5450729,United States,Czech Republic
2354,2354,0,2,24,3,1,0.7658195,0.130453,0.0,33.61164,32.659855,1.4934821,Australia,Japan
2355,2354,1,6,10,1,0,1.0452789,0.5056677,0.0,32.810387,31.114202,1.5001094,Brazil,Croatia
2355,2355,0,17,42,0,0,0.79378384,0.69996727,0.08112631,31.114202,29.446404,1.4868174,France,Switzerland
2356,2355,1,43,35,2,2,0.52316576,0.9315179,0.0,29.603354,27.9994,1.5002133,Tunisia,Saudi Arabia
2357,2356,1,41,32,1,0,0.7820218,0.022481035,0.0,28.159243,27.29236,1.4888804,Sweden,Paraguay
2358,2357,1,28,23,2,1,0.7780276,0.026914246,0.0,27.453615,26.597736,1.5189917,Netherlands,Ivory Coast
2359,2358,1,12,19,0,2,0.022465317,0.51546705,0.0,26.760378,26.14494,1.5825074,Czech Republic,Ghana
2359,2359,0,33,21,2,0,1.4696468,0.026972668,0.0,26.14494,24.624573,1.486389,Portugal,Iran
2360,2359,1,6,2,2,0,0.02234525,0.026938725,0.0,24.791157,24.737612,1.4748309,Brazil,Australia
2360,2360,0,17,39,1,1,0.02190482,0.5228811,0.0,24.737612,24.152534,1.538173,France,South Korea
2360,2360,0,24,10,0,0,0.02615808,0.021212421,0.0,24.152534,24.098457,1.5116554,Japan,Croatia
2361,2360,1,40,43,3,1,0.77699316,0.022357874,0.0,24.266092,23.43615,1.5001651,Spain,Tunisia
2362,2361,1,41,16,2,2,0.021889597,0.042598344,0.003407694,23.60511,23.530909,1.513723,Sweden,England
2362,2362,0,18,14,3,0,0.9948767,0.82623386,0.0,23.530909,21.670738,1.4297163,Germany,Ecuador
2363,2362,1,33,26,2,1,0.017572375,0.044652168,0.0,21.843225,21.768204,1.5609663,Portugal,Mexico
2363,2363,0,28,1,0,0,0.021120707,0.047358617,0.0,21.768204,21.694319,1.4761002,Netherlands,Argentina
2364,2363,1,19,45,2,1,0.022344466,0.04321281,0.0,21.86676,21.789808,1.5482647,Ghana,United States
2364,2364,0,24,6,1,4,0.018028244,0.017873375,0.0,21.789808,21.747303,1.5349559,Japan,Brazil
2364,2364,0,10,2,2,2,0.017319448,0.018028244,0.0,21.747303,21.707264,1.5027677,Croatia,Australia
2365,2364,1,35,40,0,1,0.038875513,0.017447907,0.0,21.879677,21.814022,1.5440574,Saudi Arabia,Spain
2365,2365,0,42,39,2,0,0.040482223,0.021411415,0.0,21.814022,21.746613,1.476719,Switzerland,South Korea
2366,2365,1,1,26,2,1,0.013514573,0.013540988,0.0,21.91895,21.88778,1.5130911,Argentina,Mexico
2366,2366,0,18,41,2,0,0.017405069,0.017405069,0.0029624712,21.88778,21.845499,1.533937,Germany,Sweden
2367,2366,1,16,14,1,0,0.021005945,0.021800611,0.0,22.017635,21.969002,1.5048887,England,Ecuador
2367,2367,0,33,28,1,0,0.016938282,0.016938282,0.0024956863,21.969002,21.930603,1.4896402,Portugal,Netherlands
2369,2367,2,6,19,3,0,0.02199904,0.022487937,0.0,22.274193,22.219501,1.5643085,Brazil,Ghana
2369,2369,0,40,17,1,3,0.017634757,0.03694766,0.0028431031,22.219501,22.155869,1.5319287,Spain,France
2372,2369,3,18,1,1,1,0.026372699,0.026597582,0.0,22.66939,22.60283,1.5832354,Germany,Argentina
2373,2372,1,6,17,0,1,0.017756315,0.017753996,0.0,22.773457,22.728058,1.5955358,Brazil,France
2373,2373,0,16,33,0,0,0.02548264,0.02548264,0.0039116843,22.728058,22.666588,1.532359,England,Portugal
2377,2373,4,33,17,0,1,0.018028153,0.018028153,0.0035856308,23.346529,23.294018,1.6575781,Portugal,France
2380,2377,3,18,33,3,1,0.034549426,0.013559593,0.0026919188,23.800732,23.735458,1.6358237,Germany,Portugal
2436,2380,56,39,21,1,1,0.29795215,0.31968376,0.059570435,32.663765,31.926847,1.5242822,South Korea,Iran
2437,2436,1,35,24,1,0,0.28260055,0.28626832,0.041008968,32.078842,31.46905,1.4577125,Saudi Arabia,Japan
2471,2437,34,36,17,1,0,0.55998003,0.38515726,0.07640888,36.500156,35.224243,1.6243348,Scotland,France
2471,2471,0,41,40,2,0,0.39881012,0.38935193,0.05666606,35.224243,34.270668,1.5383228,Sweden,Spain
2475,2471,4,10,16,2,0,0.405543,0.37760025,0.04453517,34.85815,33.983456,1.4864833,Croatia,England
2510,2475,35,24,35,3,1,0.30574515,0.30574515,0.061129037,38.987434,38.25392,1.5270195,Japan,Saudi Arabia
2510,2510,0,47,34,2,0,0.84088844,0.84088844,0.11306781,38.25392,36.520065,1.4332869,Uzbekistan,Qatar
2510,2510,0,21,39,2,0,0.28567198,0.28567198,0.03794796,36.520065,35.93599,1.427777,Iran,South Korea
2574,2510,64,34,22,0,1,0.27048868,1.5878252,0.054065987,44.59424,42.648216,1.4947599,Qatar,Iraq
2577,2574,3,35,34,1,1,0.27035064,0.013559593,0.0026919188,43.039154,42.717422,1.5136822,Saudi Arabia,Qatar
2580,2577,3,35,22,1,0,0.013559593,0.026390305,0.0026919188,43.107944,43.06178,1.5085958,Saudi Arabia,Iraq
2639,2580,59,30,5,1,2,1.3102858,1.4071013,0.17771302,50.289658,47.171207,1.503853,Norway,Bosnia and Herzegovina
2639,2639,0,33,4,4,0,0.8504846,1.3185596,0.114689544,47.171207,44.742874,1.4965682,Portugal,Belgium
2639,2639,0,0,8,2,0,1.8908843,1.4214664,0.2403311,44.742874,41.03785,1.4889357,Algeria,Cape Verde
2639,2639,0,12,18,1,2,0.87024146,0.8253772,0.09527425,41.03785,39.184723,1.4720649,Czech Republic,Germany
2643,2639,4,44,30,2,2,1.2324411,0.018051386,0.0035856308,39.733047,38.437412,1.5899185,Turkey,Norway
2709,2643,66,4,33,1,2,0.2934139,0.2934139,0.058158763,47.03945,46.1875,1.6592995,Belgium,Portugal
2709,2709,0,8,0,2,2,0.29404396,0.29404396,0.05878879,46.1875,45.44288,1.5629383,Cape Verde,Algeria
2709,2709,0,5,44,3,2,0.27417213,0.26071742,0.03723594,45.44288,44.794304,1.5402521,Bosnia and Herzegovina,Turkey
2712,2709,3,24,9,0,0,0.73209834,1.5290505,0.0,45.172398,42.592945,1.5194857,Japan,Colombia
2718,2712,6,20,7,0,2,2.0847707,1.6582599,0.30008683,43.37314,39.359596,1.4584782,Haiti,Canada
2720,2718,2,26,31,1,0,1.0936466,1.4796433,0.16763717,39.63361,36.97223,1.4361635,Mexico,Panama
2723,2720,3,45,31,2,1,1.0615195,0.013565734,0.0026919188,37.39712,36.306786,1.4646733,United States,Panama
2723,2723,0,21,22,0,0,0.7411905,0.54519194,0.09327775,36.306786,34.879715,1.4820052,Iran,Iraq
2728,2723,5,45,7,2,1,0.022487862,0.04410823,0.0044775726,35.607273,35.53394,1.4775093,United States,Canada
2729,2728,1,25,21,0,1,1.7015878,0.027008789,0.00536773,35.67873,33.92894,1.4892892,Jordan,Iran
2731,2729,2,22,21,1,2,0.0347402,0.009082047,0.0017964096,34.224632,34.174324,1.509281,Iraq,Iran
2731,2731,0,45,26,2,1,0.013559617,0.046891995,0.0026919236,34.174324,34.109245,1.4707198,United States,Mexico
2734,2731,3,6,26,0,2,1.1263846,0.013572221,0.0,34.55126,33.26801,1.5182273,Brazil,Mexico
2735,2734,1,1,45,4,1,1.0950173,0.017504858,0.0,33.417328,32.228996,1.4761672,Argentina,United States
2735,2735,0,32,9,5,0,1.0991284,0.10067567,0.01426347,32.228996,30.99025,1.4355032,Paraguay,Colombia
2738,2735,3,26,14,2,1,0.017989019,1.0671535,0.0,31.450928,30.34943,1.4725704,Mexico,Ecuador
2739,2738,1,1,9,4,2,0.01802144,0.01802144,0.0035788666,30.504578,30.465292,1.4616431,Argentina,Colombia
2739,2739,0,45,32,1,3,0.017626196,0.016835505,0.0,30.465292,30.428194,1.4627112,United States,Paraguay
2741,2739,2,6,14,1,0,0.029843207,0.013463686,0.002310218,30.737862,30.69292,1.4394457,Brazil,Ecuador
2742,2741,1,9,45,1,0,0.013245351,0.013559617,0.0,30.847382,30.816767,1.5060983,Colombia,United States
2742,2742,0,1,32,1,0,0.01281854,0.01281854,0.0019508463,30.816767,30.790745,1.4169607,Argentina,Paraguay
2745,2742,3,26,32,6,0,0.030804053,0.013559593,0.0,31.252615,31.201515,1.5212837,Mexico,Paraguay
2746,2745,1,24,34,1,1,0.14539593,0.6010022,0.024364922,31.354958,30.563068,1.4615123,Japan,Qatar
2747,2746,1,46,6,2,2,1.406002,0.02631362,0.0045105126,30.717787,29.28358,1.4388481,Uruguay,Brazil
2748,2747,1,21,47,2,1,0.073898084,0.7664344,0.011475466,29.440857,28.577656,1.4567212,Iran,Uzbekistan
2748,2748,0,39,35,1,1,0.7556807,0.5775009,0.05646994,28.577656,27.244226,1.4142255,South Korea,Saudi Arabia
2748,2748,0,26,1,0,3,0.013559621,0.02580954,0.0,27.244226,27.20074,1.4961128,Mexico,Argentina
2750,2748,2,22,2,3,1,0.07979057,1.2104232,0.0,27.523293,26.18256,1.4374467,Iraq,Australia
2751,2750,1,26,46,3,1,0.013559617,0.017997108,0.0,26.346031,26.308899,1.5308926,Mexico,Uruguay
2752,2751,1,6,1,3,0,0.021756236,0.017626401,0.0030550428,26.47212,26.429869,1.453963,Brazil,Argentina
2758,2752,6,24,2,1,1,0.05327951,0.0358135,0.0,27.402859,27.301846,1.4937123,Japan,Australia
2759,2758,1,35,47,2,1,0.047556113,0.047556113,0.008288528,27.463081,27.357029,1.4801528,Saudi Arabia,Uzbekistan
2759,2759,0,21,39,0,0,0.045095727,0.045095727,0.0058281417,27.357029,27.263664,1.4343042,Iran,South Korea
2762,2759,3,24,35,2,3,0.017983835,0.013559593,0.0026919188,27.746632,27.710049,1.5051476,Japan,Saudi Arabia
2762,2762,0,22,39,0,0,0.04897863,0.012758419,0.0018220176,27.710049,27.646248,1.4417329,Iraq,South Korea
2765,2762,3,39,24,0,0,0.013559593,0.013559593,0.0026919188,28.126928,28.094658,1.516132,South Korea,Japan
2766,2765,1,22,35,1,0,0.017138213,0.017138213,0.0026956408,28.25431,28.21714,1.4601836,Iraq,Saudi Arabia
2811,2766,45,17,36,0,1,1.0461854,1.0461854,0.15799125,35.083954,32.614014,1.5209587,France,Scotland
2843,2811,32,9,6,0,0,0.40875158,0.374497,0.07487941,37.287567,36.405586,1.48716,Colombia,Brazil
2846,2843,3,32,46,1,0,0.3849926,0.3652803,0.053126287,36.833866,36.05699,1.4358104,Paraguay,Uruguay
2846,2846,0,5,30,0,2,0.52867395,0.713105,0.09424851,36.05699,34.490967,1.5704106,Bosnia and Herzegovina,Norway
2846,2846,0,6,14,5,0,0.013525728,0.38413686,0.0020121587,34.490967,34.088737,1.4323165,Brazil,Ecuador
2846,2846,0,18,12,0,3,0.69315624,0.69315624,0.082857795,34.088737,32.559246,1.4778968,Germany,Czech Republic
2877,2846,31,30,44,1,2,0.13536353,0.5967271,0.027052708,37.09453,36.204884,1.6116532,Norway,Turkey
2877,2877,0,32,14,5,1,0.13536353,0.13536353,0.027052708,36.204884,35.898308,1.4895878,Paraguay,Ecuador
2877,2877,0,40,41,3,0,1.107502,1.107502,0.10653577,35.898308,33.58014,1.4438688,Spain,Sweden
2880,2877,3,9,1,2,1,0.15110463,0.46077895,0.021992968,34.025322,33.406532,1.4269178,Colombia,Argentina
2881,2880,1,44,5,1,0,0.018028216,0.14546332,0.0035856436,33.55557,33.35083,1.6251187,Turkey,Bosnia and Herzegovina
2881,2881,0,6,46,2,1,0.13978691,0.13978691,0.017995734,33.35083,33.071186,1.4137878,Brazil,Uruguay
2881,2881,0,16,10,2,3,1.0887921,1.0887921,0.08782783,33.071186,30.847923,1.427797,England,Croatia
2944,2881,63,43,37,2,2,1.5150454,1.6558795,0.2718634,39.981583,36.253338,1.5168209,Tunisia,Senegal
2948,2944,4,43,38,3,1,0.018086933,1.5879453,0.0035856308,36.82502,35.07139,1.5260097,Tunisia,South Africa
2949,2948,1,19,27,2,0,1.4095794,1.5642099,0.16596587,35.217102,32.10949,1.4426041,Ghana,Morocco
2952,2949,3,37,38,1,1,0.03508914,0.018027242,0.0035819428,32.563473,32.50183,1.5165035,Senegal,South Africa
2958,2952,6,2,34,3,0,0.7418799,0.7715043,0.0,33.402393,31.668594,1.5122708,Australia,Qatar
2959,2958,1,23,15,1,4,1.4028356,1.5270047,0.13711123,31.821102,28.84578,1.4241601,Ivory Coast,Egypt
2961,2959,2,19,23,4,2,0.0528473,0.009082047,0.0017964096,29.161766,29.087368,1.5461118,Ghana,Ivory Coast
2975,2961,14,24,39,1,1,0.7457349,0.7457349,0.12831919,31.266273,29.587751,1.487845,Japan,South Korea
3007,2975,32,34,22,2,0,0.20965433,0.8013335,0.03787976,34.44892,33.345882,1.4839102,Qatar,Iraq
3007,3007,0,47,35,3,0,0.7972943,0.78035396,0.09150077,33.345882,31.728012,1.4301767,Uzbekistan,Saudi Arabia
3064,3007,57,23,32,1,1,0.41897562,0.70202464,0.0,39.945713,38.53726,1.5981437,Ivory Coast,Paraguay
3066,3064,2,24,23,1,0,0.36982092,0.009082047,0.0,38.81456,38.370033,1.580825,Japan,Ivory Coast
3069,3066,3,24,32,0,0,0.013559593,0.022487909,0.0,38.786564,38.742516,1.5654205,Japan,Paraguay
3073,3069,4,37,0,1,0,0.46572587,1.094165,0.07808274,39.294365,37.59233,1.4870542,Senegal,Algeria
3073,3073,0,39,25,2,2,0.38229093,1.011219,0.05687752,37.59233,36.15232,1.4440575,South Korea,Jordan
3074,3073,1,15,13,2,1,0.42994013,1.6162908,0.05601456,36.29587,34.198685,1.4461871,Egypt,DR Congo
3074,3074,0,2,22,1,0,0.46597132,0.26803225,0.0,34.198685,33.421257,1.4601567,Australia,Iraq
3080,3074,6,42,12,0,1,1.5717294,0.83334863,0.15684836,34.310852,31.344448,1.5815809,Switzerland,Czech Republic
3080,3080,0,33,44,2,0,1.0854791,0.70334417,0.1083442,31.344448,29.232254,1.5331922,Portugal,Turkey
3080,3080,0,22,2,1,0,0.026938586,0.026938586,0.0,29.232254,29.170021,1.5175005,Iraq,Australia
3080,3080,0,25,39,0,1,0.030307941,0.030307941,0.0051835575,29.170021,29.102345,1.4801943,Jordan,South Korea
3081,3080,1,3,10,0,1,1.6773283,0.6808801,0.080637924,29.259983,26.75691,1.4711925,Austria,Croatia
3084,3081,3,42,44,1,2,0.018026663,0.018026663,0.003584089,27.24291,27.19241,1.6293533,Switzerland,Turkey
3084,3084,0,12,33,1,3,0.016837839,0.016837839,0.0023952648,27.19241,27.152775,1.5152574,Czech Republic,Portugal
3085,3084,1,10,18,2,1,0.017023046,0.76515925,0.002301532,27.314308,26.464746,1.4967811,Croatia,Germany
3086,3085,1,28,17,4,1,1.4759792,0.84652895,0.070686966,26.627655,24.24897,1.4331263,Netherlands,France
3087,3086,1,41,40,1,2,0.6802688,0.6802688,0.062853105,24.416307,23.008083,1.4366088,Sweden,Spain
3087,3087,0,34,2,1,3,0.30996004,0.03138059,0.0,23.008083,22.647558,1.4461182,Qatar,Australia
3088,3087,1,44,12,3,2,0.017961342,0.017961342,0.0035187467,22.818092,22.773169,1.5508794,Turkey,Czech Republic
3088,3088,0,42,33,2,0,0.016808499,0.016808499,0.0023659042,22.773169,22.73626,1.4689795,Switzerland,Portugal
3088,3088,0,32,6,2,0,0.083995886,0.7361622,0.016779175,22.73626,21.82119,1.489833,Paraguay,Brazil
3088,3088,0,1,14,1,1,0.7151063,0.7233142,0.1021378,21.82119,20.332256,1.4356817,Argentina,Ecuador
3088,3088,0,20,11,0,0,1.1721815,2.0925117,0.23045842,20.332256,16.830246,1.4674048,Haiti,Curaçao
3089,3088,1,3,18,0,1,0.032744884,0.017014565,0.0022839939,17.012405,16.958504,1.4723377,Austria,Germany
3091,3089,2,6,1,0,0,0.013559617,0.013559617,0.0026919236,17.321941,17.291454,1.4794959,Brazil,Argentina
3091,3091,0,14,9,0,0,0.012667831,0.6980726,0.0018001373,17.291454,16.571754,1.4256324,Ecuador,Colombia
3092,3091,1,33,18,2,3,0.017962446,0.013559617,0.0026919236,16.75443,16.709023,1.6546808,Portugal,Germany
3093,3092,1,10,44,1,1,0.033302404,0.02137854,0.0032726275,16.891422,16.82668,1.5299612,Croatia,Turkey
3095,3093,2,22,34,0,1,0.06647344,0.035813633,0.0071427263,17.190645,17.068068,1.528835,Iraq,Qatar
3095,3095,0,35,47,4,0,0.33139995,0.33139995,0.040812146,17.068068,16.396196,1.4225624,Saudi Arabia,Uzbekistan
3095,3095,0,11,20,0,1,0.031380612,0.031380612,0.0062561226,16.396196,16.325315,1.4858636,Curaçao,Haiti
3098,3095,3,18,44,3,2,0.026883757,0.022487909,0.004477582,16.873716,16.802423,1.6562752,Germany,Turkey
3102,3098,4,18,40,0,1,0.018028153,0.06291282,0.0035856308,17.529093,17.424341,1.6236291,Germany,Spain
3145,3102,43,21,34,6,1,1.0864896,0.21422438,0.042823147,24.888298,23.528236,1.49314,Iran,Qatar
3147,3145,2,25,34,3,0,0.26850006,0.009082047,0.0017964096,23.865452,23.559578,1.5030745,Jordan,Qatar
3149,3147,2,21,25,2,1,0.017666617,0.009082047,0.0017964096,23.896664,23.865795,1.5050789,Iran,Jordan
3170,3149,21,0,37,3,2,0.39686793,0.39686793,0.0793521,27.326256,26.322557,1.5621341,Algeria,Senegal
3171,3170,1,35,21,1,1,0.302961,0.09695367,0.019370735,26.485748,26.034508,1.5096306,Saudi Arabia,Iran
3171,3171,0,34,47,3,0,0.10029553,0.29226914,0.014148286,26.034508,25.620407,1.4526176,Qatar,Uzbekistan
3171,3171,0,40,5,1,0,0.290128,0.89976406,0.0580056,25.620407,24.199654,1.5998304,Spain,Bosnia and Herzegovina
3171,3171,0,1,32,1,1,0.33277655,0.34326524,0.06653532,24.199654,23.435867,1.4887133,Argentina,Paraguay
3171,3171,0,3,17,3,1,0.32180706,0.3317314,0.04907098,23.435867,22.637524,1.5442493,Austria,France
3171,3171,0,9,46,0,1,0.3108856,0.89554393,0.0444557,22.637524,21.41521,1.4284945,Colombia,Uruguay
3172,3171,1,13,15,0,1,0.3747225,0.3747225,0.054244436,21.58821,20.757256,1.4796581,DR Congo,Egypt
3175,3172,3,44,4,1,1,0.29535675,1.1873275,0.035474353,21.279144,19.732101,1.4690709,Turkey,Belgium
3175,3175,0,46,14,0,0,0.018028216,0.31836033,0.0035856436,19.732101,19.388151,1.4665197,Uruguay,Ecuador
3175,3175,0,47,2,0,1,0.018028216,0.36320966,0.0,19.388151,18.987598,1.5183105,Uzbekistan,Australia
3175,3175,0,26,7,2,1,1.236946,1.2746743,0.2060898,18.987598,16.34591,1.4452529,Mexico,Canada
3175,3175,0,10,16,1,4,0.30602005,0.86909044,0.030368721,16.34591,15.129546,1.4481609,Croatia,England
3206,3175,31,36,30,0,0,1.0785775,0.9524144,0.08049918,20.71265,18.641506,1.4271343,Scotland,Norway
3206,3206,0,41,33,0,0,0.43181527,0.4169626,0.049157135,18.641506,17.730053,1.4600997,Sweden,Portugal
3206,3206,0,44,5,2,1,0.13148478,0.14752226,0.022825649,17.730053,17.389397,1.5424445,Turkey,Bosnia and Herzegovina
3206,3206,0,1,46,2,1,0.15151927,0.13536353,0.027052708,17.389397,17.065838,1.4879009,Argentina,Uruguay
3206,3206,0,9,32,0,1,0.14206421,0.14206421,0.02027305,17.065838,16.77296,1.4325633,Colombia,Paraguay
3210,3206,4,24,47,1,1,0.51497626,0.1522139,0.03042278,17.499866,16.776016,1.4976048,Japan,Uzbekistan
3210,3210,0,30,28,0,1,0.018028153,0.43392983,0.0035856308,16.776016,16.301046,1.5914862,Norway,Netherlands
3210,3210,0,2,34,4,0,0.1522139,0.16074987,0.0,16.301046,15.963022,1.468571,Australia,Qatar
3210,3210,0,4,40,1,2,0.14053978,0.15562415,0.01802376,15.963022,15.640493,1.4688627,Belgium,Spain
3210,3210,0,6,9,0,0,0.42961118,0.018028153,0.0035856308,15.640493,15.189516,1.4641473,Brazil,Colombia
3210,3210,0,7,26,2,2,0.1522139,0.1522139,0.03042278,15.189516,14.844747,1.4897121,Canada,Mexico
3245,3210,35,34,24,0,3,0.15221398,0.15221398,0.030422796,21.14262,20.77758,1.5265096,Qatar,Japan
3245,3245,0,35,39,0,2,0.28807044,0.57378834,0.038909648,20.77758,19.886734,1.4395007,Saudi Arabia,South Korea
3292,3245,47,35,34,0,0,0.20196386,0.20196386,0.040372774,27.792015,27.307575,1.5267601,Saudi Arabia,Qatar
3329,3292,37,45,26,2,0,1.4654,0.47669056,0.09530881,33.06323,30.990704,1.4726979,United States,Mexico
3329,3329,0,21,39,1,1,0.5725566,0.33556134,0.057098255,30.990704,30.005304,1.47075,Iran,South Korea
3329,3329,0,24,2,0,0,0.32185677,0.476644,0.0,30.005304,29.16817,1.4492688,Japan,Australia
3374,3329,45,33,41,0,0,0.64160436,0.64160436,0.12782595,35.953133,34.082905,1.6620879,Portugal,Sweden
3374,3374,0,28,36,3,0,0.5881233,0.5991328,0.08402601,34.082905,32.642597,1.5404798,Netherlands,Scotland
3374,3374,0,40,44,1,0,0.56711996,0.57796437,0.06294221,32.642597,31.370916,1.4828486,Spain,Turkey
3374,3374,0,46,32,2,0,0.64167047,0.64167047,0.12789203,31.370916,29.920498,1.4888654,Uruguay,Paraguay
3374,3374,0,47,34,4,0,0.5884775,0.33478263,0.05750017,29.920498,28.925728,1.467645,Uzbekistan,Qatar
3374,3374,0,4,5,2,4,0.55450314,0.56524837,0.05027782,28.925728,27.738483,1.4526631,Belgium,Bosnia and Herzegovina
3374,3374,0,21,35,1,2,0.18749553,0.31936297,0.028916243,27.738483,27.20018,1.457189,Iran,Saudi Arabia
3375,3374,1,14,6,1,1,0.6895328,0.59145105,0.08476413,27.361622,26.040524,1.433768,Ecuador,Brazil
3378,3375,3,44,40,1,2,0.018028216,0.018028216,0.0035856436,26.53081,26.478296,1.6575781,Turkey,Spain
3378,3378,0,14,32,1,1,0.013559593,0.018025987,0.0026919188,26.478296,26.443054,1.4779187,Ecuador,Paraguay
3378,3378,0,2,47,2,0,0.21013997,0.018028216,0.0,26.443054,26.201694,1.5181732,Australia,Uzbekistan
3378,3378,0,5,4,2,1,0.016838532,0.016838532,0.0023959589,26.201694,26.161057,1.5323933,Bosnia and Herzegovina,Belgium
3438,3378,60,24,4,4,0,0.42813286,0.25452897,0.0,35.415367,34.51709,1.6570864,Japan,Belgium
3444,3438,6,34,2,0,0,0.28682965,0.27833265,0.0,35.393616,34.765076,1.4904419,Qatar,Australia
3444,3444,0,46,6,0,4,0.29310784,0.28942633,0.057207674,34.765076,34.10929,1.4863931,Uruguay,Brazil
3444,3444,0,47,24,0,1,0.26385856,0.026838135,0.0044437824,34.10929,33.786747,1.4828051,Uzbekistan,Japan
3444,3444,0,1,9,1,0,0.777414,0.7679188,0.09444461,33.786747,32.2352,1.416642,Argentina,Colombia
3445,3444,1,0,15,3,1,0.95195425,0.94676,0.189332,32.386578,29.982471,1.5631927,Algeria,Egypt
3448,3445,3,24,34,1,1,0.018028216,0.018028216,0.0035856436,30.449177,30.406181,1.5189549,Japan,Qatar
3448,3448,0,39,35,0,0,0.43565407,0.2854057,0.035782464,30.406181,29.658934,1.4380541,South Korea,Saudi Arabia
3448,3448,0,28,30,2,0,0.29810503,0.76898,0.050381083,29.658934,28.413023,1.5494331,Netherlands,Norway
3448,3448,0,14,1,2,0,0.27323037,0.018028216,0.0035856436,28.413023,28.113926,1.4672654,Ecuador,Argentina
3448,3448,0,6,32,2,1,0.017284788,0.26742226,0.0024797278,28.113926,27.828451,1.4286942,Brazil,Paraguay
3452,3448,4,38,22,0,0,1.3162414,1.0166584,0.0,28.467266,25.986244,1.4540263,South Africa,Iraq
3452,3452,0,29,40,0,5,2.1074023,0.2897711,0.0,25.986244,23.520859,1.495033,New Zealand,Spain
3453,3452,1,6,15,4,3,0.022487849,0.035783842,0.0,23.689651,23.617722,1.5641176,Brazil,Egypt
3455,3453,2,2,24,2,1,0.04903543,0.031367958,0.0,23.954575,23.866692,1.4942194,Australia,Japan
3455,3455,0,39,21,1,1,0.030125232,0.3034411,0.004922781,23.866692,23.526863,1.4519567,South Korea,Iran
3455,3455,0,38,29,2,0,0.013537117,0.013411837,0.0,23.526863,23.496094,1.5058098,South Africa,New Zealand
3455,3455,0,40,22,1,0,0.013559617,0.013163434,0.0,23.496094,23.460629,1.6222237,Spain,Iraq
3456,3455,1,45,6,0,3,0.5047934,0.013559617,0.0,23.62954,23.007797,1.5433373,United States,Brazil
3458,3456,2,38,40,0,2,0.013559617,0.013559617,0.0,23.347088,23.30734,1.707777,South Africa,Spain
3458,3458,0,22,29,0,0,0.013559617,0.013559617,0.0,23.30734,23.276146,1.5119216,Iraq,New Zealand
3459,3458,1,15,45,0,3,0.026168887,0.013559617,0.0,23.445425,23.397,1.5532613,Egypt,United States
3462,3459,3,40,45,0,2,0.018028216,0.013559593,0.0,23.9031,23.858341,1.6627282,Spain,United States
3463,3462,1,38,6,0,1,0.022457268,0.031380586,0.0,24.026459,23.95935,1.5829014,South Africa,Brazil
3466,3463,3,45,6,2,3,0.018028216,0.013559593,0.0,24.462082,24.424458,1.5391849,United States,Brazil
3466,3466,0,38,40,2,3,0.013559593,0.018028216,0.0,24.424458,24.377563,1.7094777,South Africa,Spain
3477,3466,11,26,31,1,1,0.5555556,1.626797,0.09421032,26.197168,23.925325,1.4479162,Mexico,Panama
3479,3477,2,45,20,2,2,0.057645436,1.1219429,0.009092566,24.260952,23.04471,1.4377899,United States,Haiti
3486,3479,7,45,31,2,1,0.031380594,0.04018055,0.006256119,24.2258,24.145594,1.483406,United States,Panama
3487,3486,1,26,20,4,0,0.042192597,0.03392575,0.0050347596,24.313137,24.23423,1.4347961,Mexico,Haiti
3494,3487,7,45,26,0,5,0.035776164,0.031380594,0.006256119,25.39878,25.323257,1.4843464,United States,Mexico
3511,3494,17,26,45,2,1,0.075314105,0.075314105,0.015042821,28.087017,27.916553,1.4886914,Mexico,United States
3511,3511,0,30,36,4,0,0.26417053,0.51208615,0.05055894,27.916553,26.892698,1.6152308,Norway,Scotland
3535,3511,24,40,4,5,0,0.28285494,0.38072863,0.048154134,30.693893,29.84973,1.5742613,Spain,Belgium
3535,3535,0,1,6,1,3,0.3566737,0.29012808,0.05800562,29.84973,29.1184,1.4902506,Argentina,Brazil
3535,3535,0,9,14,2,0,0.34952587,0.33549175,0.047926024,29.1184,28.409554,1.4354017,Colombia,Ecuador
3539,3535,4,36,28,0,1,0.12026156,0.34541133,0.01866654,29.043736,28.489079,1.5466081,Scotland,Netherlands
3539,3539,0,46,9,3,1,0.35250986,0.018028153,0.0035856308,28.489079,28.111603,1.465824,Uruguay,Colombia
3539,3539,0,32,1,1,0,0.334143,0.01729155,0.0025580921,28.111603,27.759403,1.4288491,Paraguay,Argentina
3539,3539,0,5,44,1,1,0.55495745,0.55495745,0.059313975,27.759403,26.550344,1.4700329,Bosnia and Herzegovina,Turkey
3539,3539,0,16,10,5,1,1.0133568,1.0133568,0.082428254,26.550344,24.455006,1.4361088,England,Croatia
3570,3539,31,4,44,2,0,0.15205832,0.13536353,0.027052708,29.47749,29.064249,1.6547643,Belgium,Turkey
3570,3570,0,14,46,1,2,0.15106753,0.13536353,0.027052708,29.064249,28.742828,1.4849176,Ecuador,Uruguay
3574,3570,4,32,9,0,2,0.14365931,0.14365931,0.021868188,29.374355,29.075542,1.437986,Paraguay,Colombia
3574,3574,0,46,1,0,1,0.01787281,0.1378812,0.00263822,29.075542,28.917164,1.4330287,Uruguay,Argentina
3574,3574,0,5,40,2,5,0.14368086,0.15923135,0.021419063,28.917164,28.546392,1.5467833,Bosnia and Herzegovina,Spain
3574,3574,0,17,3,3,1,1.0778716,1.0778716,0.081717595,28.546392,26.344858,1.4280311,France,Austria
3605,3574,31,33,5,1,0,0.7421066,0.13536353,0.027052708,31.25373,30.26412,1.5963038,Portugal,Bosnia and Herzegovina
3605,3605,0,15,0,2,0,0.5690353,0.6128453,0.11302976,30.26412,28.779953,1.558618,Egypt,Algeria
3605,3605,0,21,25,1,0,0.5828861,1.2524542,0.11623356,28.779953,26.76304,1.4956746,Iran,Jordan
3609,3605,4,5,33,0,1,0.018028153,0.018028153,0.0035856308,27.410345,27.357832,1.6575781,Bosnia and Herzegovina,Portugal
3609,3609,0,0,15,1,0,0.018028153,0.018028153,0.0035856308,27.357832,27.312458,1.5547699,Algeria,Egypt
3613,3609,4,25,21,1,0,0.035813455,0.035813455,0.007142691,27.955381,27.869701,1.52321,Jordan,Iran
3667,3613,54,23,19,3,1,1.4685863,1.5808187,0.20732272,36.072834,32.758755,1.4672564,Ivory Coast,Ghana
3676,3667,9,23,0,2,3,0.04023765,0.27951357,0.00802753,34.10098,33.716484,1.5540476,Ivory Coast,Algeria
3680,3676,4,0,15,0,4,0.018028153,0.28394684,0.0035856308,34.30838,33.969208,1.5340892,Algeria,Egypt
3683,3680,3,19,15,0,1,0.0682979,0.013559593,0.0026919188,34.41206,34.318115,1.5321832,Ghana,Egypt
3697,3683,14,24,39,1,3,0.8359129,0.8359129,0.1451766,36.352592,34.490265,1.4811765,Japan,South Korea
3814,3697,117,38,26,1,1,1.0793633,1.0226684,0.0,49.8272,47.35023,1.5354687,South Africa,Mexico
3814,3814,0,46,17,0,0,0.8578373,0.8530696,0.0,47.35023,44.992363,1.660435,Uruguay,France
3815,3814,1,16,45,1,1,0.9077571,0.98429656,0.0,45.11825,42.82292,1.5603415,England,United States
3816,3815,1,18,2,4,0,1.5270252,1.1568872,0.0,42.953148,40.091877,1.457899,Germany,Australia
3818,3816,2,23,33,0,0,0.5446573,0.71864986,0.0,40.36297,38.809685,1.5688913,Ivory Coast,Portugal
3819,3818,1,40,42,0,1,0.7930158,1.5145708,0.09111527,38.947926,36.478146,1.4686909,Spain,Switzerland
3819,3819,0,38,46,0,3,0.02246438,0.022487938,0.0,36.478146,36.423603,1.554961,South Africa,Uruguay
3820,3819,1,17,26,0,2,0.026895454,0.02693791,0.0,36.566612,36.500824,1.5610591,France,Mexico
3820,3820,0,1,39,4,1,0.8396586,0.49077505,0.0,36.500824,34.939743,1.5461483,Argentina,South Korea
3821,3820,1,16,0,0,0,0.026178349,0.52435493,0.0,35.08572,34.448147,1.5460796,England,Algeria
3822,3821,1,19,2,1,1,0.50641793,0.026938722,0.0,34.595104,34.01009,1.4602013,Ghana,Australia
3822,3822,0,28,24,1,0,0.8645049,0.47825363,0.0,34.01009,32.518234,1.4990181,Netherlands,Japan
3823,3822,1,6,23,3,1,0.9164594,0.022421755,0.0,32.66905,31.679781,1.4919735,Brazil,Ivory Coast
3825,3823,2,26,46,0,1,0.022487937,0.026924934,0.0,31.984451,31.92738,1.5192931,Mexico,Uruguay
3825,3825,0,38,17,2,1,0.02635739,0.022454105,0.0,31.92738,31.862534,1.6354393,South Africa,France
3826,3825,1,19,18,0,1,0.01774626,0.042753987,0.0,32.014656,31.940063,1.5663002,Ghana,Germany
3826,3826,0,45,0,1,0,0.047434475,0.021356778,0.0,31.940063,31.863247,1.4935576,United States,Algeria
3827,3826,1,32,29,0,0,0.8201377,1.1286348,0.0,32.015366,30.03978,1.4256548,Paraguay,New Zealand
3828,3827,1,33,6,0,0,0.042700533,0.022355802,0.0,30.195541,30.116842,1.5367007,Portugal,Brazil
3829,3828,1,46,39,2,1,0.017702546,0.040231142,0.0,30.272453,30.203136,1.5249102,Uruguay,South Korea
3829,3829,0,45,19,1,2,0.013559621,0.013559621,0.0,30.203136,30.168734,1.5882002,United States,Ghana
3830,3829,1,1,26,3,1,0.04257493,0.021937685,0.0,30.324244,30.25542,1.4666108,Argentina,Mexico
3830,3830,0,18,16,4,1,0.017952973,0.038742565,0.0033738487,30.25542,30.18111,1.6051644,Germany,England
3832,3830,2,40,33,1,0,0.053939775,0.017793586,0.0030440886,30.491766,30.404272,1.5659796,Spain,Portugal
3832,3832,0,32,24,0,0,0.022175357,0.043686077,0.0,30.404272,30.328018,1.5095886,Paraguay,Japan
3835,3832,3,28,6,2,1,0.054420225,0.030750206,0.0,30.792656,30.69247,1.5224903,Netherlands,Brazil
3835,3835,0,46,19,1,1,0.02581636,0.026938694,0.0,30.69247,30.628384,1.5543473,Uruguay,Ghana
3836,3835,1,32,40,0,1,0.017595503,0.017895326,0.0,30.782974,30.737858,1.5899755,Paraguay,Spain
3836,3836,0,1,18,0,4,0.025243094,0.025780074,0.0,30.737858,30.679165,1.5133737,Argentina,Germany
3839,3836,3,46,28,2,3,0.017960358,0.017962828,0.0,31.1417,31.094454,1.6184394,Uruguay,Netherlands
3840,3839,1,18,40,0,1,0.017625611,0.017625611,0.0031830373,31.248114,31.20106,1.5979278,Germany,Spain
3843,3840,3,46,18,2,3,0.018028216,0.013559593,0.0,31.660475,31.617504,1.6622913,Uruguay,Germany
3844,3843,1,28,40,0,1,0.02187749,0.017494872,0.0030522982,31.770119,31.717918,1.5976318,Netherlands,Spain
3898,3844,54,4,18,0,1,0.9846016,0.23440857,0.046635613,39.5271,38.075874,1.603685,Belgium,Germany
3900,3898,2,13,37,2,4,1.577415,1.5792363,0.19682302,38.35501,35.04345,1.4446576,DR Congo,Senegal
3902,3900,2,30,33,1,0,1.0858485,0.27934718,0.04105946,35.334694,33.8341,1.5126357,Norway,Portugal
3902,3902,0,42,16,1,3,0.31537828,0.2783777,0.036281757,33.8341,33.172302,1.4846551,Switzerland,England
3902,3902,0,44,4,3,2,0.9527707,0.017922174,0.002210074,33.172302,32.1612,1.4809492,Turkey,Belgium
3902,3902,0,5,17,0,2,0.8719175,0.2863888,0.02432044,32.1612,30.966045,1.4382039,Bosnia and Herzegovina,France
3926,3902,24,21,22,2,1,1.0116556,1.2950542,0.16733962,34.57634,32.052475,1.4720007,Iran,Iraq
3933,3926,7,18,44,3,0,0.15146351,0.13536362,0.027052725,33.108337,32.698116,1.6511348,Germany,Turkey
3933,3933,0,12,36,1,0,1.5734996,1.0641005,0.07877664,32.698116,30.024963,1.4237874,Czech Republic,Scotland
3937,3933,4,36,40,2,3,0.018028153,0.34741437,0.0035856308,30.646275,30.24921,1.5945094,Scotland,Spain
3937,3937,0,28,41,4,1,0.34186053,1.3004595,0.027964111,30.24921,28.588211,1.4267039,Netherlands,Sweden
3937,3937,0,4,3,4,4,0.14021261,0.9937618,0.014851876,28.588211,27.43356,1.4543561,Belgium,Austria
3984,3937,47,34,35,1,1,1.3677776,1.3677776,0.18382235,34.661762,31.819927,1.4381464,Qatar,Saudi Arabia
4024,3984,40,34,47,0,2,0.17312832,1.400637,0.034597654,37.67693,36.028576,1.4949535,Qatar,Uzbekistan
4026,4024,2,24,25,1,1,0.6909805,1.1500756,0.093408726,36.315887,34.43336,1.4312607,Japan,Jordan
4028,4026,2,22,21,1,2,0.3945478,0.3945478,0.062279962,34.72704,33.92312,1.4254316,Iraq,Iran
4030,4028,2,25,35,1,0,0.018014167,0.1859447,0.0033800586,34.218834,34.009987,1.4683667,Jordan,Saudi Arabia
4031,4030,1,2,39,1,1,0.7687736,0.67718726,0.0,34.15782,32.682415,1.4275925,Australia,South Korea
4034,4031,3,35,24,0,5,0.01802703,0.035043057,0.003581453,33.132973,33.072853,1.4987075,Saudi Arabia,Japan
4038,4034,4,34,24,2,3,0.05974121,0.018028153,0.0035856308,33.669876,33.584225,1.4977088,Qatar,Japan
4038,4038,0,47,25,2,1,0.057585716,0.033687018,0.0044307043,33.584225,33.489933,1.4367895,Uzbekistan,Jordan
4039,4038,1,2,22,1,0,0.035813518,0.045149356,0.0,33.638805,33.5552,1.4356999,Australia,Iraq
4039,4039,0,21,39,0,1,0.04438312,0.033032067,0.0036730426,33.5552,33.47751,1.4146627,Iran,South Korea
4042,4039,3,24,39,2,2,0.017979627,0.013559593,0.0026919188,33.923306,33.886196,1.5130583,Japan,South Korea
4042,4042,0,47,2,0,6,0.016928405,0.013559593,0.0,33.886196,33.853928,1.4485538,Uzbekistan,Australia
4045,4042,3,47,39,2,3,0.013559593,0.013559593,0.0026919188,34.297474,34.265205,1.5161319,Uzbekistan,South Korea
4046,4045,1,2,24,0,1,0.018028216,0.017138213,0.0,34.412525,34.374634,1.4649441,Australia,Japan
4101,4046,55,40,12,2,1,0.6292833,0.64161426,0.12583669,42.04388,40.185844,1.6646143,Spain,Czech Republic
4101,4101,0,3,4,0,2,0.5876789,0.5876789,0.084232256,40.185844,38.75847,1.5409994,Austria,Belgium
4102,4101,1,38,15,1,0,0.9533875,1.2374953,0.18530054,38.896812,36.294327,1.5268791,South Africa,Egypt
4103,4102,1,0,27,1,0,0.898529,1.8225031,0.124992244,36.43759,33.55999,1.4580537,Algeria,Morocco
4105,4103,2,44,3,2,0,0.59171504,0.018028243,0.0035856485,33.857155,33.155888,1.6085587,Turkey,Austria
4171,4105,66,4,44,1,1,0.2934068,0.27833277,0.055646557,42.411037,41.57586,1.6645403,Belgium,Turkey
4171,4171,0,3,18,1,2,0.2601856,0.7706443,0.03714735,41.57586,40.388863,1.5229557,Austria,Germany
4172,4171,1,33,30,1,0,0.83469355,0.83469355,0.083540246,40.52395,38.7396,1.457714,Portugal,Norway
4172,4172,0,27,0,4,0,0.290128,0.290128,0.0580056,38.7396,38.00491,1.5629308,Morocco,Algeria
4172,4172,0,16,42,2,2,0.8194927,0.8194927,0.068339385,38.00491,36.30746,1.437213,England,Switzerland
4173,4172,1,15,38,0,0,0.27866018,0.27866018,0.040278353,36.450706,35.832993,1.4793643,Egypt,South Africa
4175,4173,2,24,12,0,0,0.51176083,0.27998525,0.0,36.121086,35.16942,1.5294077,Japan,Czech Republic
4175,4175,0,45,7,2,0,1.1238769,1.8660368,0.22466385,35.16942,31.868645,1.4805152,United States,Canada
4176,4175,1,46,28,1,1,1.0941508,0.73924786,0.0,32.02076,29.948498,1.4922858,Uruguay,Netherlands
4179,4176,3,45,31,1,2,0.01808527,1.5706887,0.0035856436,30.415405,28.748007,1.4697995,United States,Panama
4182,4179,3,7,31,1,1,0.030668681,0.013559593,0.0026919188,29.222092,29.173616,1.4743345,Canada,Panama
4190,4182,8,45,31,1,0,0.048381485,0.03581348,0.007142696,30.424799,30.330805,1.4820633,United States,Panama
4193,4190,3,45,26,2,4,0.013567742,1.0815996,0.0026919188,30.795425,29.663315,1.4677726,United States,Mexico
4201,4193,8,32,14,0,0,1.1236902,1.5270381,0.19092613,30.906727,28.097008,1.4521319,Paraguay,Ecuador
4204,4201,3,1,9,0,0,1.081457,1.4669051,0.13879585,28.574993,25.997326,1.4218742,Argentina,Colombia
4207,4204,3,6,32,2,2,1.0614471,0.026934367,0.0048186127,26.48787,25.396769,1.4452971,Brazil,Paraguay
4210,4207,3,46,26,1,0,0.14558011,0.075314105,0.0,25.890903,25.654448,1.4834148,Uruguay,Mexico
4211,4210,1,6,14,4,2,0.01797854,0.043250155,0.003459266,25.818974,25.754562,1.4525689,Brazil,Ecuador
4214,4211,3,1,46,1,1,0.043007676,0.017971216,0.0033301413,26.246555,26.181967,1.4550551,Argentina,Uruguay
4215,4214,1,6,32,0,0,0.017512565,0.03377942,0.0028480857,26.34544,26.292538,1.433455,Brazil,Paraguay
4222,4215,7,46,32,3,0,0.035751317,0.031380594,0.006256119,27.428474,27.352974,1.4843675,Uruguay,Paraguay
4262,4222,40,22,25,0,2,0.7910016,0.7935736,0.1431175,33.553413,31.741154,1.4976984,Iraq,Jordan
4262,4262,0,18,3,6,2,0.37444067,0.37444067,0.07482298,31.741154,30.652348,1.660109,Germany,Austria
4263,4262,1,37,13,2,0,1.0988265,1.0988265,0.16962925,30.806889,28.414974,1.4672796,Senegal,DR Congo
4263,4263,0,36,12,2,2,0.95262873,0.34026504,0.04888633,28.414974,26.992453,1.5054159,Scotland,Czech Republic
4266,4263,3,34,21,1,1,0.7616174,0.75914764,0.10204182,27.477043,25.878613,1.4455968,Qatar,Iran
4266,4266,0,35,2,1,3,0.7477833,0.8010182,0.0,25.878613,24.279976,1.4365046,Saudi Arabia,Australia
4266,4266,0,47,24,1,1,0.71313965,0.35482734,0.036813952,24.279976,23.202154,1.4201598,Uzbekistan,Japan
4266,4266,0,3,44,0,0,0.018025232,0.35575774,0.0034226407,23.202154,22.76463,1.5913122,Austria,Turkey
4266,4266,0,11,20,2,4,1.8594451,1.6301272,0.20654753,22.76463,19.261684,1.4165732,Curaçao,Haiti
4274,4266,8,1,6,0,0,0.25246018,0.24875464,0.048199605,20.670198,20.111298,1.4805665,Argentina,Brazil
4288,4274,14,6,1,2,0,0.06222613,0.06222613,0.012425226,22.538048,22.397251,1.4882666,Brazil,Argentina
4297,4288,9,44,18,1,3,0.13536339,0.15152183,0.027052678,23.924314,23.508041,1.6608422,Turkey,Germany
4297,4297,0,12,40,0,2,0.13838646,0.6555014,0.019581545,23.508041,22.634829,1.5079641,Czech Republic,Spain
4301,4297,4,32,46,1,1,0.3123785,0.3123785,0.049208194,23.315022,22.66342,1.4399604,Paraguay,Uruguay
4301,4301,0,40,36,3,1,0.018028153,0.15193127,0.0035856308,22.66342,22.4597,1.6116971,Spain,Scotland
4301,4301,0,41,28,3,2,1.008558,0.44518474,0.043412756,22.4597,20.945896,1.4482205,Sweden,Netherlands
4301,4301,0,17,5,1,1,1.0616453,1.0616453,0.07195035,20.945896,18.801449,1.4207215,France,Bosnia and Herzegovina
4301,4301,0,18,4,3,1,0.01723297,0.4508224,0.0020370637,18.801449,18.315739,1.4660182,Germany,Belgium
4301,4301,0,20,11,2,2,0.15221375,0.15221375,0.03042275,18.315739,17.97097,1.4897124,Haiti,Curaçao
4332,4301,31,32,14,2,1,0.13536353,0.45120254,0.027052708,23.383257,22.762608,1.4705024,Paraguay,Ecuador
4332,4332,0,44,10,0,3,0.15108944,1.5370692,0.02839964,22.762608,20.993395,1.5678078,Turkey,Croatia
4332,4332,0,5,33,0,0,0.13020466,0.54602814,0.021235067,20.993395,20.254517,1.5282768,Bosnia and Herzegovina,Portugal
4336,4332,4,33,5,6,2,0.018028153,0.018028153,0.0035856308,20.953678,20.901165,1.6575781,Portugal,Bosnia and Herzegovina
4336,4336,0,9,1,1,2,0.47453213,0.19805291,0.029109957,20.901165,20.218231,1.428968,Colombia,Argentina
4336,4336,0,10,44,0,0,0.016838472,0.016838472,0.0023959505,20.218231,20.177593,1.5323931,Croatia,Turkey
4336,4336,0,25,22,1,3,0.30956754,0.30956754,0.061843656,20.177593,19.445902,1.5173143,Jordan,Iraq
4405,4336,69,27,43,1,2,0.831679,1.9490582,0.15353705,30.860638,27.78198,1.5029796,Morocco,Tunisia
4418,4405,13,19,43,2,1,1.4145054,0.05788752,0.011549217,29.84077,28.269222,1.5242926,Ghana,Tunisia
4442,4418,24,2,35,4,2,0.66771966,0.65266424,0.0,32.005905,30.52901,1.4961876,Australia,Saudi Arabia
4442,4442,0,24,47,0,1,0.6311604,0.6311604,0.09696467,30.52901,29.162407,1.4638474,Japan,Uzbekistan
4442,4442,0,21,34,2,2,0.60533476,0.60533476,0.07113903,29.162407,27.921328,1.4298874,Iran,Qatar
4536,4442,94,1,14,4,0,0.74187994,0.7538407,0.14835599,41.645634,39.95156,1.4903016,Argentina,Ecuador
4537,4536,1,47,21,0,1,0.38944194,0.38944194,0.077868395,40.087517,39.15313,1.5271283,Uzbekistan,Iran
4537,4537,0,25,22,1,1,0.6918184,0.6918184,0.095883675,39.15313,37.730488,1.4314977,Jordan,Iraq
4542,4537,5,34,39,1,4,0.3755128,1.2515363,0.044685584,38.42968,36.787354,1.42616,Qatar,South Korea
4542,4542,0,24,25,6,0,0.36785617,0.022421986,0.0037691228,36.787354,36.389423,1.4628549,Japan,Jordan
4543,4542,1,27,23,2,2,0.54098856,1.5921311,0.10586275,36.5325,34.13305,1.5210363,Morocco,Ivory Coast
4543,4543,0,18,33,1,0,0.85604036,0.7628479,0.1525496,34.13305,31.792273,1.6589818,Germany,Portugal
4543,4543,0,8,43,1,2,1.9524776,0.47549963,0.0702942,31.792273,29.25729,1.4650335,Cape Verde,Tunisia
4544,4543,1,14,9,1,0,0.03581356,0.7174794,0.007142712,29.414618,28.611298,1.4774715,Ecuador,Colombia
4545,4544,1,17,16,1,1,0.80930644,1.0787892,0.113267265,28.769917,26.586555,1.5135009,France,England
4546,4545,1,21,34,0,0,0.03928649,0.018028244,0.0035856492,26.749218,26.68429,1.5036916,Iran,Qatar
4546,4546,0,2,24,1,1,0.42263418,0.017101182,0.0,26.68429,26.226002,1.4615813,Australia,Japan
4547,4546,1,28,18,1,2,0.7901487,0.018022036,0.003192466,26.389387,25.468052,1.5671487,Netherlands,Germany
4549,4547,2,41,16,2,3,0.7851943,0.017847138,0.0031008672,25.797522,24.910114,1.5562601,Sweden,England
4551,4549,2,33,28,2,1,0.034497872,0.017845346,0.0032556967,25.24181,25.17619,1.5735053,Portugal,Netherlands
4552,4551,1,10,40,0,1,0.7038599,0.78407246,0.06695259,25.341671,23.757818,1.4554783,Croatia,Spain
4553,4552,1,41,17,2,0,0.017772947,0.033935737,0.0030761312,23.926136,23.865799,1.5227596,Sweden,France
4555,4553,2,12,33,0,1,0.78959864,0.017781273,0.0029992072,24.201666,23.355768,1.5354017,Czech Republic,Portugal
4557,4555,2,40,17,2,0,0.022051482,0.01784466,0.0033233045,23.693668,23.640985,1.5940571,Spain,France
4561,4557,4,33,40,0,0,0.026660314,0.018028153,0.0035856308,24.313164,24.249777,1.648931,Portugal,Spain
4569,4561,8,35,22,0,1,0.46011937,0.13667548,0.024321254,25.579113,24.957626,1.4649247,Saudi Arabia,Iraq
4633,4569,64,28,44,2,0,0.33756137,0.91826683,0.064849734,34.934887,33.42666,1.5865517,Netherlands,Turkey
4633,4633,0,1,32,3,1,0.39563933,0.963004,0.07747329,33.42666,31.965786,1.4708122,Argentina,Paraguay
4633,4633,0,7,31,1,0,1.3275543,1.3139408,0.2558402,31.965786,29.041645,1.4761574,Canada,Panama
4633,4633,0,9,46,4,0,0.34969765,0.997757,0.050702773,29.041645,27.662626,1.4335083,Colombia,Uruguay
4634,4633,1,23,37,4,2,0.374509,1.1190659,0.07487942,27.82314,26.102951,1.5343423,Ivory Coast,Senegal
4637,4634,3,31,7,2,0,0.018028216,0.018028216,0.0035856436,26.592861,26.552246,1.4822748,Panama,Canada
4637,4637,0,46,14,1,1,0.018028216,0.35409892,0.0035856436,26.552246,26.172832,1.4660463,Uruguay,Ecuador
4637,4637,0,47,39,2,2,0.40067008,0.38454777,0.07233597,26.172832,25.271404,1.4998784,Uzbekistan,South Korea
4637,4637,0,3,18,1,2,1.0420123,0.35094786,0.051091507,25.271404,23.742657,1.5068058,Austria,Germany
4637,4637,0,4,10,1,1,0.9591673,0.32457313,0.038794875,23.742657,22.380323,1.4730824,Belgium,Croatia
4637,4637,0,24,22,1,0,0.3495179,0.2721136,0.039680287,22.380323,21.714746,1.4581003,Japan,Iraq
4637,4637,0,25,2,2,1,0.35065544,0.37449703,0.0,21.714746,20.964273,1.4383879,Jordan,Australia
4645,4637,8,6,1,2,1,1.0282971,0.052735135,0.0096483175,22.34576,21.259062,1.4499344,Brazil,Argentina
4668,4645,23,42,30,1,1,1.2360282,1.2360282,0.10340607,25.158764,22.62946,1.4291688,Switzerland,Norway
4668,4668,0,1,46,3,0,0.101255625,0.13440786,0.020231126,22.62946,22.364874,1.4864265,Argentina,Uruguay
4668,4668,0,9,32,2,0,0.14202486,0.14202486,0.020233728,22.364874,22.07478,1.426749,Colombia,Paraguay
4669,4668,1,37,23,0,2,0.15221392,0.15221392,0.030422786,22.24646,21.861149,1.5624408,Senegal,Ivory Coast
4672,4669,3,34,47,0,1,0.46352556,0.15221392,0.030422786,22.376434,21.707123,1.4972923,Qatar,Uzbekistan
4672,4672,0,40,17,1,1,0.41777033,0.42940602,0.05838428,21.707123,20.761189,1.4847287,Spain,France
4672,4672,0,4,36,2,0,0.14782557,1.0142192,0.020880507,20.761189,19.550343,1.5015553,Belgium,Scotland
4672,4672,0,22,2,1,2,0.14483802,0.15221392,0.0,19.550343,19.229998,1.4688399,Iraq,Australia
4672,4672,0,21,39,1,0,0.44735014,0.14117076,0.017945819,19.229998,18.629822,1.4342054,Iran,South Korea
4672,4672,0,18,41,4,4,0.14294691,0.42242065,0.016987897,18.629822,18.029236,1.4703248,Germany,Sweden
4701,4672,29,21,47,0,1,0.12688762,0.12688762,0.025357524,23.099092,22.794836,1.5263071,Iran,Uzbekistan
4701,4701,0,22,25,1,0,0.118440665,0.24854337,0.016910568,22.794836,22.409863,1.4491363,Iraq,Jordan
4708,4701,7,1,6,2,1,0.17308831,0.25880685,0.03459766,23.59978,23.125763,1.4765396,Argentina,Brazil
4726,4708,18,21,35,0,0,0.10983393,0.5528943,0.021946788,26.126892,25.43005,1.4933882,Iran,Saudi Arabia
4727,4726,1,22,25,1,0,0.10917247,0.10917247,0.01786431,25.595028,25.357607,1.4655906,Iraq,Jordan
4754,4727,27,35,22,0,2,0.12262491,0.118377775,0.023655556,29.701944,29.413464,1.5255619,Saudi Arabia,Iraq
4767,4754,13,38,8,0,0,1.464185,0.79031366,0.13634057,31.430382,28.90726,1.4961685,South Africa,Cape Verde
4768,4767,1,19,13,2,2,1.04321,1.3031083,0.12708543,29.065289,26.617355,1.4419051,Ghana,DR Congo
4770,4768,2,43,0,1,0,0.7496797,1.3927687,0.07811888,26.942234,24.754908,1.4299252,Tunisia,Algeria
4771,4770,1,27,8,1,1,0.73782325,0.018014727,0.0030194656,24.921232,24.151505,1.473583,Morocco,Cape Verde
4774,4771,3,23,43,3,0,0.40138128,0.017982857,0.0033786288,24.653088,24.216862,1.5045513,Ivory Coast,Tunisia
4775,4774,1,38,27,2,2,0.03439547,0.017614156,0.0030523257,24.384262,24.326576,1.4845164,South Africa,Morocco
4778,4775,3,0,23,2,2,0.034259815,0.01796638,0.003364286,24.827114,24.766884,1.5131704,Algeria,Ivory Coast
4781,4778,3,19,8,2,0,0.054359715,0.042318307,0.0062818886,25.264786,25.160065,1.464513,Ghana,Cape Verde
4829,4781,48,46,32,1,1,0.611712,0.611712,0.1160685,32.7429,31.394741,1.473427,Uruguay,Paraguay
4833,4829,4,26,45,0,0,1.5446424,1.5629567,0.26106226,32.00514,28.71643,1.448986,Mexico,United States
4833,4833,0,39,34,2,1,0.5949952,0.5949952,0.099351786,28.71643,27.414572,1.4699355,South Korea,Qatar
4833,4833,0,14,32,4,1,0.6747184,0.018028153,0.0035856308,27.414572,26.695593,1.4687914,Ecuador,Paraguay
4833,4833,0,17,40,0,1,0.6195293,0.6195293,0.123885855,26.695593,24.878677,1.666402,France,Spain
4833,4833,0,25,24,2,1,0.40520784,0.6639749,0.056823157,24.878677,23.766045,1.4436067,Jordan,Japan
4903,4833,70,34,21,0,1,0.29404393,0.6378956,0.058788795,34.770515,33.724106,1.5040268,Qatar,Iran
4903,4903,0,24,2,1,1,0.27875695,0.8325499,0.0,33.724106,32.548256,1.4669213,Japan,Australia
4906,4903,3,31,26,0,0,0.9160099,0.30574512,0.061129037,32.99961,31.65623,1.4832519,Panama,Mexico
4906,4906,0,1,9,0,0,0.70717263,0.8048463,0.112998635,31.65623,30.086767,1.4375819,Argentina,Colombia
4906,4906,0,3,41,2,1,0.8925343,0.80534893,0.13250512,30.086767,27.92533,1.5727744,Austria,Sweden
4906,4906,0,10,36,0,1,0.853729,0.76947296,0.095233664,27.92533,26.081438,1.4979703,Croatia,Scotland
4910,4906,4,22,24,0,1,0.5568569,0.0313805,0.0062561003,26.73417,26.115398,1.4975355,Iraq,Japan
4910,4910,0,45,31,2,0,0.306488,0.018028153,0.0035856308,26.115398,25.769562,1.4749153,United States,Panama
4910,4910,0,39,47,1,0,0.29547957,0.68630606,0.033999003,25.769562,24.773296,1.4263827,South Korea,Uzbekistan
4910,4910,0,2,25,4,0,0.0313805,0.28918958,0.0,24.773296,24.449028,1.4289354,Australia,Jordan
4910,4910,0,14,1,1,1,0.31266978,0.018028153,0.0035856308,24.449028,24.089245,1.4812438,Ecuador,Argentina
4914,4910,4,6,24,3,0,0.69324785,0.018028153,0.0,24.757853,24.036348,1.5077772,Brazil,Japan
4915,4914,1,40,46,2,1,0.32867292,0.33297312,0.0,24.20411,23.47168,1.4881167,Spain,Uruguay
4917,4915,2,39,21,0,1,0.030671641,0.060097422,0.0055472227,23.80912,23.709717,1.4794592,South Korea,Iran
4917,4917,0,47,34,5,1,0.029318979,0.057632692,0.003829371,23.709717,23.620054,1.4365172,Uzbekistan,Qatar
4917,4917,0,2,22,1,0,0.031380527,0.028530398,0.0,23.620054,23.558268,1.4336734,Australia,Iraq
4918,4917,1,6,26,2,0,0.018025829,0.052728742,0.0,23.726982,23.646095,1.5157797,Brazil,Mexico
4921,4918,3,24,26,1,2,0.03078537,0.013559593,0.0,24.150703,24.100204,1.5150951,Japan,Mexico
4925,4921,4,6,46,2,1,0.0313805,0.044256583,0.0062561003,24.768723,24.683556,1.4864923,Brazil,Uruguay
4929,4925,4,6,40,3,0,0.018028153,0.062226146,0.0,25.347424,25.22659,1.6678088,Brazil,Spain
4936,4929,7,26,31,1,2,0.06659754,0.1126581,0.013299509,26.377346,26.175278,1.489363,Mexico,Panama
4940,4936,4,26,7,2,0,0.018028153,0.9532979,0.0035856308,26.827265,25.820932,1.469698,Mexico,Canada
4943,4940,3,31,7,0,0,0.030663006,0.013559593,0.0026919188,26.312534,26.26397,1.4751295,Panama,Canada
4949,4943,6,39,2,0,0,0.13919379,0.13958868,0.0,27.238941,26.91798,1.5170574,South Korea,Australia
4953,4949,4,31,26,2,1,0.04465289,0.057170693,0.008910578,27.564045,27.450089,1.4833673,Panama,Mexico
4954,4953,1,24,2,3,2,0.13953345,0.022487849,0.0,27.611029,27.423496,1.4856719,Japan,Australia
4957,4954,3,39,24,1,2,0.035670694,0.013559593,0.0026919188,27.905506,27.847439,1.5197829,South Korea,Japan
4957,4957,0,45,31,1,0,0.1894647,0.018028216,0.0035856436,27.847439,27.6302,1.4694395,United States,Panama
4996,4957,39,35,29,0,1,0.7920238,1.9590752,0.0,33.660793,30.887012,1.4240555,Saudi Arabia,New Zealand
4997,4996,1,36,4,0,2,0.3721649,0.99201834,0.07183113,31.041084,29.34256,1.6000923,Scotland,Belgium
4997,4997,0,9,14,1,0,0.3703942,0.35603708,0.068438075,29.34256,28.541048,1.4742439,Colombia,Ecuador
4997,4997,0,18,3,3,0,0.96398276,0.35460413,0.0508682,28.541048,27.048529,1.5164434,Germany,Austria
4997,4997,0,25,47,1,1,0.34176323,0.3184821,0.05197342,27.048529,26.334908,1.4626813,Jordan,Uzbekistan
4998,4997,1,43,8,3,0,0.81133384,0.7922975,0.15843947,26.498074,24.471375,1.5621554,Tunisia,Cape Verde
4998,4998,0,23,27,1,1,0.7480875,0.75572675,0.10695779,24.471375,22.807804,1.4784122,Ivory Coast,Morocco
5001,4998,3,30,42,0,2,0.9662418,0.9662418,0.09090871,23.317429,21.278902,1.4491651,Norway,Switzerland
5001,5001,0,32,1,2,5,0.5938484,0.34958106,0.049299493,21.278902,20.320213,1.4260375,Paraguay,Argentina
5001,5001,0,46,9,2,0,0.29237616,0.017975274,0.002935724,20.320213,20.004303,1.436251,Uruguay,Colombia
5001,5001,0,45,26,2,0,0.18963806,0.20536293,0.03790761,20.004303,19.558334,1.4884613,United States,Mexico
5001,5001,0,47,25,1,1,0.018028216,0.018028216,0.0035856436,19.558334,19.515339,1.5189549,Uzbekistan,Jordan
5032,5001,31,26,31,2,1,0.13536353,0.30201367,0.027052708,24.834784,24.353512,1.4811509,Mexico,Panama
5032,5032,0,41,3,2,1,0.4698713,0.1521911,0.030155309,24.353512,23.584856,1.6044428,Sweden,Austria
5032,5032,0,10,4,1,2,0.45538476,0.14486343,0.020863067,23.584856,22.90995,1.5176462,Croatia,Belgium
5032,5032,0,14,46,1,0,0.15149374,0.13536353,0.027052708,22.90995,22.58823,1.4846196,Ecuador,Uruguay
5033,5032,1,23,37,3,1,0.15222059,1.0663788,0.030422794,22.758884,21.439838,1.5246737,Ivory Coast,Senegal
5036,5033,3,31,45,2,3,0.018028216,0.14528337,0.0035856436,21.957645,21.782423,1.4751801,Panama,United States
5036,5036,0,32,9,1,2,0.14366868,0.14366868,0.021877509,21.782423,21.483562,1.4380443,Paraguay,Colombia
5036,5036,0,36,10,2,0,0.15731806,0.018028216,0.0035856436,21.483562,21.272547,1.6132642,Scotland,Croatia
5036,5036,0,41,18,3,5,0.017262377,0.15366943,0.0024792184,21.272547,21.080564,1.5232781,Sweden,Germany
5036,5036,0,44,28,0,2,1.0788069,1.0788069,0.08265278,21.080564,18.87165,1.4296677,Turkey,Netherlands
5036,5036,0,46,1,3,2,0.01787289,0.1378863,0.002637933,18.87165,18.713263,1.4330351,Uruguay,Argentina
5036,5036,0,19,15,6,1,0.8113054,1.6330192,0.08959662,18.713263,16.223251,1.429768,Ghana,Egypt
5036,5036,0,22,35,0,2,0.44914773,0.17197514,0.033261273,16.223251,15.535658,1.4956467,Iraq,Saudi Arabia
5065,5036,29,25,46,0,5,0.26406786,0.12688762,0.0,20.746029,20.284882,1.5388198,Jordan,Uruguay
5065,5065,0,26,29,5,1,0.14307876,0.29012802,0.0,20.284882,19.815231,1.4875926,Mexico,New Zealand
5067,5065,2,33,41,1,0,1.247632,0.13538828,0.027052706,20.167267,18.677511,1.5948509,Portugal,Sweden
5067,5067,0,35,22,2,1,0.13293825,0.13293825,0.02462743,18.677511,18.379242,1.4844999,Saudi Arabia,Iraq
5068,5067,1,37,23,1,1,0.15220226,0.15220226,0.030411098,18.558304,18.17723,1.5550567,Senegal,Ivory Coast
5071,5068,3,41,33,2,3,0.018028216,0.018028216,0.0035856436,18.714554,18.662043,1.6575782,Sweden,Portugal
5071,5071,0,15,19,2,1,0.14374109,0.14374109,0.021949926,18.662043,18.341854,1.4818102,Egypt,Ghana
5072,5071,1,29,26,2,4,0.031380586,0.031380586,0.0,18.520988,18.450945,1.4918935,New Zealand,Mexico
5072,5072,0,46,25,0,0,0.031380586,0.031340033,0.0,18.450945,18.375645,1.5475221,Uruguay,Jordan
5113,5072,41,34,35,4,1,0.67937744,0.19727404,0.03879674,25.431591,24.472925,1.4970756,Qatar,Saudi Arabia
5120,5113,7,34,25,2,0,0.031380594,0.19859312,0.006256119,25.63416,25.373547,1.5136473,Qatar,Jordan
5276,5120,156,6,10,3,1,1.0955951,0.8532503,0.0,47.518963,44.969963,1.6343739,Brazil,Croatia
5277,5276,1,40,28,1,5,1.0625696,0.8234369,0.13467233,45.0959,42.758003,1.5593456,Spain,Netherlands
5278,5277,1,23,24,2,1,0.7716897,1.0279137,0.0,42.88836,40.666546,1.5809442,Ivory Coast,Japan
5279,5278,1,42,14,2,1,0.8776326,0.84676313,0.0,40.80108,38.841743,1.5070893,Switzerland,Ecuador
5279,5279,0,1,5,2,1,0.8123686,1.6656924,0.0,38.841743,36.251236,1.4485233,Argentina,Bosnia and Herzegovina
5280,5279,1,19,45,1,2,0.7387491,0.86518496,0.0,36.394592,34.465347,1.5518979,Ghana,United States
5280,5280,0,18,33,4,0,0.78164315,0.70054686,0.07860263,34.465347,32.83955,1.4748671,Germany,Portugal
5281,5280,1,4,0,2,1,0.7777749,1.3029263,0.0,32.98972,30.768295,1.4603707,Belgium,Algeria
5281,5281,0,6,26,0,0,0.022473289,0.7417317,0.0,30.768295,29.919582,1.4823041,Brazil,Mexico
5282,5281,1,2,28,2,3,1.073819,0.022465808,0.0,30.075588,28.950375,1.523487,Australia,Netherlands
5283,5282,1,46,16,2,1,0.71984756,1.4878435,0.0,29.108315,26.851896,1.4317858,Uruguay,England
5283,5283,0,9,23,2,1,0.793452,0.022479223,0.0,26.851896,26.020243,1.4967517,Colombia,Ivory Coast
5284,5283,1,42,17,2,5,0.022174686,1.1618738,0.0035950607,26.184036,24.972834,1.5214071,Switzerland,France
5285,5284,1,1,21,1,0,0.026780136,1.0909181,0.0,25.138721,23.936377,1.4689205,Argentina,Iran
5285,5285,0,18,19,2,2,0.021825384,0.022166641,0.0,23.936377,23.880709,1.5881037,Germany,Ghana
5286,5285,1,39,0,2,4,0.9984335,0.02183346,0.0,24.04878,22.972338,1.4979331,South Korea,Algeria
5286,5286,0,45,33,2,2,0.026937647,0.025611967,0.0,22.972338,22.909138,1.5489305,United States,Portugal
5287,5286,1,2,40,0,3,0.02248794,0.04191562,0.0,23.079151,23.007702,1.475676,Australia,Spain
5287,5287,0,10,26,1,3,0.045397785,0.026195945,0.0,23.007702,22.929085,1.482422,Croatia,Mexico
5288,5287,1,24,9,1,4,0.044577785,0.02236816,0.0,23.099056,23.022057,1.5149766,Japan,Colombia
5289,5288,1,14,17,0,0,0.042723753,0.022135708,0.0,23.191841,23.116755,1.5513431,Ecuador,France
5289,5289,0,5,21,3,1,0.04088815,0.017865889,0.0,23.116755,23.050503,1.5055789,Bosnia and Herzegovina,Iran
5290,5289,1,39,4,0,1,0.01758319,0.037370253,0.0,23.220234,23.15757,1.5067489,South Korea,Belgium
5290,5290,0,33,19,2,1,0.017373456,0.02245121,0.0,23.15757,23.106476,1.595331,Portugal,Ghana
5290,5290,0,45,18,0,1,0.01799757,0.020947855,0.0,23.106476,23.06174,1.5129296,United States,Germany
5292,5290,2,9,46,2,0,0.018009434,0.038862694,0.0034974024,23.400818,23.33931,1.4657718,Colombia,Uruguay
5293,5292,1,28,26,2,1,0.04563155,0.026538495,0.0,23.508463,23.425362,1.5140828,Netherlands,Mexico
5294,5293,1,18,0,2,1,0.017869756,0.035245538,0.0,23.594341,23.522966,1.6568469,Germany,Algeria
5295,5294,1,1,42,1,0,0.042841554,0.04543637,0.0,23.691753,23.59349,1.4895911,Argentina,Switzerland
5295,5295,0,4,45,2,1,0.021398079,0.022215972,0.0,23.59349,23.541296,1.5449532,Belgium,United States
5298,5295,3,6,9,2,1,0.07078916,0.026770564,0.0049543073,24.046532,23.944098,1.4547478,Brazil,Colombia
5298,5298,0,17,18,0,1,0.038409352,0.017978603,0.00337778,23.944098,23.871199,1.6000048,France,Germany
5299,5298,1,1,4,1,0,0.017689334,0.017499695,0.0,24.03929,23.996826,1.5503299,Argentina,Belgium
5302,5299,3,6,18,1,7,0.017982792,0.017982299,0.0,24.499336,24.450832,1.6389679,Brazil,Germany
5303,5302,1,28,1,0,0,0.0423691,0.017626058,0.0,24.617764,24.544762,1.5388157,Netherlands,Argentina
5306,5303,3,6,28,0,3,0.017982628,0.013559593,0.0,25.043997,25.001617,1.6532812,Brazil,Netherlands
5307,5306,1,18,1,1,0,0.021935638,0.017626055,0.0,25.167448,25.116526,1.5909308,Germany,Argentina
5361,5307,54,37,15,2,0,0.9435676,0.9367034,0.14411084,33.60151,31.51545,1.4797115,Senegal,Egypt
5361,5361,0,24,46,0,2,0.30556908,0.28632942,0.0,31.51545,30.795399,1.5583512,Japan,Uruguay
5363,5361,2,18,36,2,1,0.23850045,0.9711789,0.04768009,31.1036,29.695038,1.5989238,Germany,Scotland
5364,5363,1,42,16,0,2,0.27541757,0.3160822,0.0428456,29.851494,29.132565,1.5420822,Switzerland,England
5364,5364,0,3,41,1,1,0.95190144,0.8782265,0.0725115,29.132565,27.256765,1.4304098,Austria,Sweden
5365,5364,1,12,28,2,1,1.5389271,0.22963539,0.023488125,27.41809,25.61818,1.4508168,Czech Republic,Netherlands
5366,5365,1,15,43,0,1,0.022494487,1.0656121,0.0044775875,25.78278,24.623207,1.5239834,Egypt,Tunisia
5396,5366,30,37,43,0,0,0.15136322,0.1311298,0.02620596,29.478693,29.12377,1.5594125,Senegal,Tunisia
5396,5396,0,44,12,1,2,1.0096813,0.13536447,0.027052704,29.12377,27.882265,1.5936443,Turkey,Czech Republic
5397,5396,1,1,6,0,2,0.36384514,0.36736086,0.067131735,28.04234,27.245584,1.4665626,Argentina,Brazil
5397,5397,0,13,23,1,2,1.4340072,0.43795365,0.05906254,27.245584,25.29539,1.453785,DR Congo,Ivory Coast
5399,5397,2,5,4,1,1,0.40500712,0.37413096,0.046608288,25.625547,24.77817,1.4684036,Bosnia and Herzegovina,Belgium
5401,5399,2,43,37,1,0,0.022485683,0.022485683,0.004475335,25.110394,25.05539,1.5365404,Tunisia,Senegal
5401,5401,0,23,13,3,4,0.017074501,0.017074501,0.0026319101,25.05539,25.01783,1.4694828,Ivory Coast,DR Congo
5430,5401,29,35,34,1,1,1.0174512,1.002591,0.17018273,29.69388,27.492111,1.4675664,Saudi Arabia,Qatar
5432,5430,2,15,37,0,1,0.26785415,0.13536353,0.027052706,27.8135,27.335932,1.5379701,Egypt,Senegal
5436,5432,4,43,15,2,1,0.14507933,0.018028153,0.0035856308,27.978668,27.787186,1.5439847,Tunisia,Egypt
5443,5436,7,35,34,1,2,0.0578461,0.0578461,0.01154922,28.902344,28.763786,1.5248533,Saudi Arabia,Qatar
5490,5443,47,25,22,0,1,1.0964879,1.1908464,0.1524522,35.872643,33.49478,1.4386727,Jordan,Iraq
5493,5490,3,34,21,0,1,0.21171147,0.70748985,0.03595801,33.940468,32.964046,1.4641534,Qatar,Iran
5494,5493,1,22,24,0,1,0.017986951,0.49232453,0.0028808159,33.113968,32.586586,1.4582963,Iraq,Japan
5495,5494,1,2,39,0,1,0.7658198,0.68320125,0.0,32.737263,31.250977,1.43159,Australia,South Korea
5496,5495,1,47,35,3,1,1.2410773,0.2122754,0.02046624,31.404322,29.951033,1.4139992,Uzbekistan,Saudi Arabia
5496,5496,0,43,8,1,1,0.2545581,1.2890536,0.05088584,29.951033,28.274227,1.5229565,Tunisia,Cape Verde
5497,5496,1,0,38,3,1,0.6964308,1.5188745,0.081565835,28.433521,26.167065,1.4337344,Algeria,South Africa
5497,5497,0,19,37,1,2,0.6905165,0.25896493,0.033451088,26.167065,25.186573,1.4437766,Ghana,Senegal
5498,5497,1,24,25,2,0,0.018010518,0.03497533,0.0035451276,25.352032,25.29515,1.466261,Japan,Jordan
5500,5498,2,8,13,0,0,0.01802346,0.3686129,0.0033380475,25.62531,25.223305,1.4929657,Cape Verde,DR Congo
5500,5500,0,39,47,2,0,0.021951722,0.017789291,0.0032291377,25.223305,25.179222,1.4756962,South Korea,Uzbekistan
5501,5500,1,19,0,1,0,0.017613942,0.017613942,0.003171348,25.3447,25.304314,1.4947708,Ghana,Algeria
5501,5501,0,21,22,3,3,0.033671025,0.029405124,0.0042284355,25.304314,25.239119,1.432527,Iran,Iraq
5501,5501,0,38,37,1,1,0.016646195,0.016646195,0.0022036014,25.239119,25.204205,1.4395341,South Africa,Senegal
5504,5501,3,13,43,1,1,0.017909734,0.03373287,0.0031855651,25.699493,25.641716,1.4952009,DR Congo,Tunisia
5504,5504,0,39,22,2,0,0.017983073,0.013559593,0.0026919188,25.641716,25.60445,1.5152189,South Korea,Iraq
5505,5504,1,37,0,0,2,0.017477036,0.017477036,0.0030344625,25.769077,25.72921,1.491905,Senegal,Algeria
5505,5505,0,38,19,1,2,0.016579201,0.016579201,0.0021366281,25.72921,25.694447,1.439399,South Africa,Ghana
5509,5505,4,2,39,2,1,0.06222624,0.022487849,0.0,26.350264,26.257027,1.518322,Australia,South Korea
5510,5509,1,23,0,3,1,0.3965574,0.022487849,0.00447757,26.420353,25.988598,1.5181638,Ivory Coast,Algeria
5513,5510,3,13,23,1,3,0.039189592,0.013559593,0.0026919188,26.479193,26.415886,1.5429233,DR Congo,Ivory Coast
5517,5513,4,23,19,0,0,0.018028153,0.051186282,0.0035856308,27.065952,26.983843,1.5396599,Ivory Coast,Ghana
5564,5517,47,24,43,2,0,0.27614,0.2504464,0.0,34.25239,33.587753,1.589179,Japan,Tunisia
5565,5564,1,28,44,1,1,0.7359043,0.64538705,0.1288556,33.736427,31.7457,1.6570458,Netherlands,Turkey
5565,5565,0,10,30,5,1,0.87917715,1.3527089,0.10758231,31.7457,29.320309,1.4747922,Croatia,Norway
5640,5565,75,24,22,4,0,0.31737632,0.527438,0.06345527,40.279762,39.274265,1.526629,Japan,Iraq
5642,5640,2,1,32,2,2,0.87174183,1.5113996,0.17431816,39.548622,36.9579,1.4742037,Argentina,Paraguay
5645,5642,3,1,46,1,0,0.013559593,0.92201513,0.0026919188,37.38288,36.387623,1.4742874,Argentina,Uruguay
5646,5645,1,6,9,0,1,0.8171814,1.0347751,0.10680929,36.530704,34.65145,1.4234382,Brazil,Colombia
5648,5646,2,26,14,1,2,1.1438434,1.0299224,0.0,34.94426,32.54254,1.4829239,Mexico,Ecuador
5649,5648,1,46,32,1,1,0.018020678,0.030816043,0.003571463,32.69331,32.642517,1.4396683,Uruguay,Paraguay
5655,5649,6,1,9,0,0,0.043674663,0.039686467,0.0072937934,33.541405,33.452152,1.4544024,Argentina,Colombia
5656,5655,1,6,32,1,1,0.041871145,0.030203419,0.0046355003,33.601097,33.526657,1.433835,Brazil,Paraguay
5659,5656,3,1,32,6,1,0.017987622,0.013559593,0.0026919188,33.97216,33.93697,1.4776914,Argentina,Paraguay
5666,5659,7,31,20,1,1,1.5392773,1.9852355,0.24955326,34.966633,31.263647,1.4457853,Panama,Haiti
5669,5666,3,45,20,1,0,1.104674,0.01357005,0.0026919188,31.722687,30.565773,1.4676919,United States,Haiti
5672,5669,3,45,31,1,1,0.013559593,0.026403671,0.0026919188,31.028988,30.984947,1.4753853,United States,Panama
5681,5672,9,31,26,1,2,0.04023765,0.14162114,0.00802753,32.358818,32.16457,1.4724909,Panama,Mexico
5684,5681,3,45,31,1,1,0.051572055,0.013559593,0.0026919188,32.618217,32.547455,1.4746449,United States,Panama
5695,5684,11,24,39,1,1,0.23447329,0.6693638,0.046874657,34.18928,33.151985,1.5151656,Japan,South Korea
5724,5695,29,4,5,3,1,1.0375876,1.0375876,0.17716607,37.369675,34.696484,1.5786234,Belgium,Bosnia and Herzegovina
5727,5724,3,44,28,3,0,0.59819657,0.59819657,0.09994696,35.13499,33.651512,1.5526776,Turkey,Netherlands
5727,5727,0,30,10,2,0,0.56957954,0.56957954,0.07132994,33.651512,32.38492,1.4827119,Norway,Croatia
5728,5727,1,36,18,2,3,1.0322403,1.0322403,0.099572964,32.535995,30.337774,1.4553163,Scotland,Germany
5729,5728,1,41,3,1,4,1.0152657,1.0152657,0.08260025,30.492943,28.391857,1.4366788,Sweden,Austria
5729,5729,0,16,42,2,0,1.0028352,1.0028352,0.07017104,28.391857,26.352497,1.425196,England,Switzerland
5759,5729,30,1,14,0,2,0.40795586,0.44493008,0.08157118,31.107279,30.147175,1.4869869,Argentina,Ecuador
5759,5759,0,25,2,2,0,0.8639522,0.885406,0.0,30.147175,28.268213,1.4658762,Jordan,Australia
5761,5759,2,12,44,0,2,1.0178574,0.14800642,0.029076314,28.586504,27.319637,1.5867355,Czech Republic,Turkey
5764,5761,3,28,12,2,3,0.15417404,0.013559593,0.0026919188,27.802269,27.577347,1.6463239,Netherlands,Czech Republic
5764,5764,0,32,1,0,0,0.40029994,0.022487909,0.004477582,27.577347,27.12592,1.476392,Paraguay,Argentina
5764,5764,0,46,9,3,0,0.4230849,0.40402496,0.05089891,27.12592,26.2879,1.422312,Uruguay,Colombia
5794,5764,30,14,46,2,1,0.15130585,0.1311298,0.02620596,31.046444,30.730537,1.4833364,Ecuador,Uruguay
5795,5794,1,1,6,1,1,0.12713265,0.4926179,0.018498763,30.88492,30.258768,1.4287363,Argentina,Brazil
5799,5795,4,9,1,0,1,0.14078133,0.018028153,0.0035856308,30.878216,30.714123,1.4660076,Colombia,Argentina
5927,5799,128,14,32,2,2,0.5249821,0.61478955,0.10406466,48.169758,46.903877,1.4797593,Ecuador,Paraguay
5928,5927,1,20,31,0,0,0.9069217,0.8689311,0.17376623,47.02595,45.019142,1.4890921,Haiti,Panama
5928,5928,0,7,26,0,3,1.7747205,0.81962323,0.117022276,45.019142,42.36201,1.4318659,Canada,Mexico
5928,5928,0,6,46,2,2,0.49296248,0.49600947,0.07225863,42.36201,41.337826,1.4358478,Brazil,Uruguay
5929,5928,1,8,27,0,1,1.2891276,1.8127662,0.2519092,41.471016,37.803993,1.5282015,Cape Verde,Morocco
5932,5929,3,32,6,2,2,0.022485083,0.018028216,0.0035856436,38.223907,38.17856,1.4805189,Paraguay,Brazil
5932,5932,0,31,20,1,0,0.018028216,0.018028216,0.0035856436,38.17856,38.137947,1.4822747,Panama,Haiti
5932,5932,0,27,8,2,0,0.013559593,0.013559593,0.0026919188,38.137947,38.10389,1.5519034,Morocco,Cape Verde
5932,5932,0,26,7,2,0,0.016838532,0.016838532,0.0023959589,38.10389,38.06922,1.4275491,Mexico,Canada
5932,5932,0,2,25,5,1,0.6581969,0.6581969,0.0,38.06922,36.54247,1.5229231,Australia,Jordan
5932,5932,0,9,14,3,1,0.47621483,0.021122029,0.00292962,36.54247,36.038223,1.4252009,Colombia,Ecuador
5998,5932,66,45,9,0,2,0.97900224,0.27833277,0.0,44.936943,43.593323,1.493471,United States,Colombia
5999,5998,1,6,14,0,0,0.27116928,0.27116928,0.045331392,43.722008,43.140907,1.456565,Brazil,Ecuador
6000,5999,1,26,46,3,1,0.2830538,0.2766178,0.0,43.270496,42.66295,1.4727923,Mexico,Uruguay
6002,6000,2,24,5,1,2,1.0074793,0.9527991,0.0,42.923775,40.25388,1.6533192,Japan,Bosnia and Herzegovina
6002,6002,0,9,32,2,1,0.018014632,0.2661355,0.003145726,40.25388,39.964935,1.4416727,Colombia,Paraguay
6003,6002,1,6,20,7,1,0.017608557,0.2845537,0.0,40.100872,39.77603,1.4643685,Brazil,Haiti
6005,6003,2,1,31,5,0,0.67877144,0.28493822,0.0,40.048378,39.074036,1.4272016,Argentina,Panama
6006,6005,1,45,32,1,0,0.035646133,0.017973037,0.0,39.211746,39.153214,1.4813612,United States,Paraguay
6007,6006,1,14,20,4,0,0.034162864,0.017819026,0.0,39.290768,39.235783,1.4572259,Ecuador,Haiti
6007,6007,0,44,10,0,1,0.8435165,0.9230914,0.14161545,39.235783,36.931965,1.5889442,Turkey,Croatia
6008,6007,1,40,12,1,0,1.5211092,0.79959995,0.10104107,37.07396,34.534225,1.4848317,Spain,Czech Republic
6011,6008,3,45,14,2,1,0.022442907,0.018028216,0.0,34.9737,34.925934,1.5339955,United States,Ecuador
6012,6011,1,40,44,3,0,0.018028216,0.022486502,0.0035856436,35.071934,35.013412,1.6565273,Spain,Turkey
6012,6012,0,12,10,2,2,0.016936107,0.021123,0.0023760484,35.013412,34.96743,1.5352315,Czech Republic,Croatia
6013,6012,1,33,3,0,0,1.4993418,0.8728706,0.08952743,35.11335,32.61315,1.4545908,Portugal,Austria
6014,6013,1,17,42,0,0,1.4760976,0.8615057,0.074710645,32.763775,30.355368,1.4376051,France,Switzerland
6016,6014,2,45,1,0,4,0.022487937,0.048233416,0.0,30.665327,30.583792,1.5235292,United States,Argentina
6016,6016,0,12,44,0,2,0.018022185,0.018022185,0.0035795926,30.583792,30.535694,1.5950464,Czech Republic,Turkey
6016,6016,0,10,40,2,1,0.01683585,0.01683585,0.0023932566,30.535694,30.497261,1.4946038,Croatia,Spain
6017,6016,1,41,4,0,1,0.8579512,0.8692203,0.0690827,30.652113,28.875135,1.4328839,Sweden,Belgium
6020,6017,3,45,9,0,1,0.018028216,0.07628239,0.0,29.348461,29.244715,1.5045515,United States,Colombia
6020,6020,0,10,33,0,1,0.018026493,0.030370418,0.00358131,29.244715,29.181328,1.6043235,Croatia,Portugal
6032,6020,12,17,18,2,0,0.07800089,0.88993996,0.013675043,31.050457,30.031109,1.5457162,France,Germany
6035,6032,3,17,33,0,1,0.013559593,0.06505961,0.0026919188,30.49752,30.388487,1.653497,France,Portugal
6088,6035,53,21,34,2,0,1.472366,1.482077,0.22850402,38.19429,35.002483,1.4625063,Iran,Qatar
6088,6088,0,14,6,0,3,0.32028124,0.34764466,0.06253423,35.002483,34.25877,1.4801848,Ecuador,Brazil
6088,6088,0,2,22,2,0,0.60316426,1.2257701,0.0,34.25877,32.34238,1.4461156,Australia,Iraq
6088,6088,0,1,46,1,0,0.28353736,0.33710763,0.040423024,32.34238,31.702805,1.4331756,Argentina,Uruguay
6091,6088,3,30,18,0,3,1.0345403,0.24999501,0.049302783,32.159218,30.692669,1.5897478,Norway,Germany
6092,6091,1,10,44,1,1,0.28654975,0.30047897,0.044717185,30.84713,30.125349,1.5484605,Croatia,Turkey
6093,6092,1,42,33,2,0,0.29892087,0.22779986,0.028132133,30.280943,29.688591,1.4921278,Switzerland,Portugal
6093,6093,0,41,28,1,1,0.28215176,0.9392775,0.026318658,29.688591,28.43494,1.4418874,Sweden,Netherlands
6093,6093,0,46,32,4,0,0.022487912,0.32603535,0.004477583,28.43494,28.079666,1.4660555,Uruguay,Paraguay
6093,6093,0,34,47,0,1,0.02252811,1.4021102,0.004477583,28.079666,26.61674,1.4920157,Qatar,Uzbekistan
6093,6093,0,22,35,1,2,0.021627745,1.3897492,0.0032017194,26.61674,25.189972,1.4456916,Iraq,Saudi Arabia
6093,6093,0,6,9,2,1,0.021556826,0.2763999,0.0032266765,25.189972,24.890997,1.4294643,Brazil,Colombia
6123,6093,30,32,9,0,1,0.1311298,0.1311298,0.02620596,29.730888,29.43391,1.4895513,Paraguay,Colombia
6123,6123,0,35,2,2,2,0.1311298,0.15221395,0.0,29.43391,29.108027,1.5220653,Saudi Arabia,Australia
6123,6123,0,47,21,0,1,0.12589261,0.14556755,0.020968765,29.108027,28.80656,1.4801267,Uzbekistan,Iran
6123,6123,0,24,22,2,1,0.46022454,0.120250344,0.0150012085,28.80656,28.204636,1.4393371,Japan,Iraq
6123,6123,0,39,34,3,2,1.1506898,0.117938176,0.011594209,28.204636,26.931326,1.4174659,South Korea,Qatar
6124,6123,1,4,5,4,0,0.3972415,0.44618833,0.04974487,27.0933,26.163181,1.4780167,Belgium,Bosnia and Herzegovina
6125,6124,1,37,8,2,0,1.5456779,0.720671,0.14410329,26.326694,23.564892,1.5517758,Senegal,Cape Verde
6125,6125,0,18,12,3,0,0.14464396,0.3932748,0.022927677,23.564892,22.956263,1.5341158,Germany,Czech Republic
6127,6125,2,28,17,0,1,0.13987558,0.3380009,0.018905751,23.295757,22.774687,1.4919778,Netherlands,France
6128,6127,1,1,32,0,1,0.16300869,0.022487938,0.0044775875,22.944967,22.7472,1.4737,Argentina,Paraguay
6128,6128,0,2,24,1,1,0.022487938,0.022487938,0.0,22.7472,22.69529,1.5163813,Australia,Japan
6128,6128,0,9,46,2,2,0.02151708,0.13998812,0.003123999,22.69529,22.528671,1.4326495,Colombia,Uruguay
6128,6128,0,21,39,1,0,0.021596404,0.021596404,0.0035860525,22.528671,22.48057,1.4777635,Iran,South Korea
6158,6128,30,46,14,2,1,0.1311298,0.27801502,0.02620596,27.460835,27.021545,1.4712383,Uruguay,Ecuador
6158,6158,0,6,1,3,0,0.25052154,0.12428071,0.018257426,27.021545,26.638996,1.4311864,Brazil,Argentina
6159,6158,1,45,26,1,2,0.5461822,0.6101189,0.109216444,26.801554,25.49538,1.4892524,United States,Mexico
6159,6159,0,17,41,2,1,0.13958877,0.2668986,0.027897757,25.49538,24.95257,1.6282283,France,Sweden
6159,6159,0,16,36,3,0,1.1185032,1.1200235,0.07989433,24.95257,22.696442,1.4193177,England,Scotland
6159,6159,0,12,30,2,1,0.13956843,0.2612438,0.019157328,22.696442,22.245827,1.5001755,Czech Republic,Norway
6160,6159,1,27,23,0,0,0.7890345,1.5198992,0.121160306,22.417166,19.838404,1.4875587,Morocco,Ivory Coast
6161,6160,1,15,19,2,0,1.5577296,1.4765708,0.17165144,20.014553,16.840652,1.4431118,Egypt,Ghana
6163,6161,2,31,26,0,0,0.5707668,0.018028243,0.0035856485,17.204561,16.578022,1.4752647,Panama,Mexico
6163,6163,0,39,47,2,1,0.15221396,0.17130479,0.030422794,16.578022,16.193747,1.5218117,South Korea,Uzbekistan
6163,6163,0,24,35,2,1,0.1425471,0.1608987,0.020403616,16.193747,15.869581,1.4557537,Japan,Saudi Arabia
6163,6163,0,1,9,3,0,0.022487937,0.14149907,0.0044775875,15.869581,15.699436,1.4670374,Argentina,Colombia
6224,6163,61,43,37,0,2,1.4949352,0.40233383,0.06975631,26.300308,24.264982,1.4870749,Tunisia,Senegal
6225,6224,1,13,27,1,0,1.5132663,0.26585564,0.0406187,24.43229,22.581028,1.47194,DR Congo,Morocco
6228,6225,3,0,43,1,2,1.5012543,0.018074922,0.0033787093,23.09201,21.554039,1.4972463,Algeria,Tunisia
6229,6228,1,23,13,2,2,0.27154642,0.017624922,0.0030313015,21.726757,21.415707,1.4868528,Ivory Coast,DR Congo
6232,6229,3,37,0,2,2,0.03454259,0.017980592,0.0034227,21.933655,21.873056,1.5132679,Senegal,Algeria
6233,6232,1,27,23,1,0,0.033577036,0.017486127,0.0027863826,22.04514,21.98903,1.4787098,Morocco,Ivory Coast
6234,6233,1,15,19,1,0,0.2797623,0.2797623,0.035146095,22.160883,21.590134,1.4264743,Egypt,Ghana
6238,6234,4,15,27,1,0,0.018028153,0.022482757,0.0035856308,22.278652,22.227835,1.5557652,Egypt,Morocco
6238,6238,0,13,19,1,2,0.03760612,0.016935984,0.002377953,22.227835,22.169022,1.4643896,DR Congo,Ghana
6291,6238,53,32,14,2,1,0.6151041,0.52485114,0.10404074,30.801498,29.535177,1.4798934,Paraguay,Ecuador
6291,6291,0,46,6,1,4,0.4924196,0.4924196,0.07190993,29.535177,28.515802,1.4355218,Uruguay,Brazil
6291,6291,0,34,21,0,1,0.6286398,0.61472607,0.11346677,28.515802,27.089294,1.4995961,Qatar,Iran
6291,6291,0,22,2,1,1,0.5931814,0.62603843,0.0,27.089294,25.801504,1.4536369,Iraq,Australia
6296,6291,5,31,45,1,1,0.525612,0.5387952,0.105102405,26.619392,25.414639,1.4898918,Panama,United States
6296,6296,0,35,22,1,0,0.48959094,0.022487862,0.0044775726,25.414639,24.86052,1.5041176,Saudi Arabia,Iraq
6296,6296,0,47,34,1,0,0.47918466,0.021570016,0.0030856682,24.86052,24.337696,1.4518477,Uzbekistan,Qatar
6296,6296,0,6,32,3,0,0.022487862,0.022487862,0.0044775726,24.337696,24.286972,1.4839473,Brazil,Paraguay
6296,6296,0,14,9,0,2,0.021000873,0.47638515,0.0029905837,24.286972,23.78246,1.4281323,Ecuador,Colombia
6368,6296,72,2,35,3,2,0.3212379,0.30185252,0.0,35.077065,34.356865,1.5226637,Australia,Saudi Arabia
6369,6368,1,41,17,2,1,0.7717446,0.7717446,0.15432894,34.504005,32.240593,1.6664543,Sweden,France
6369,6369,0,1,6,1,0,0.71138024,0.30574512,0.061129034,32.240593,31.160816,1.468714,Argentina,Brazil
6370,6369,1,30,12,1,1,0.7233637,0.7233637,0.10358504,31.314342,29.556404,1.5414315,Norway,Czech Republic
6370,6370,0,36,16,2,2,0.6974132,0.6974132,0.07763456,29.556404,28.006247,1.4832706,Scotland,England
6371,6370,1,26,45,1,1,0.7359771,0.31350702,0.062681414,28.166077,27.012547,1.4814136,Mexico,United States
6371,6371,0,43,15,1,0,0.55664563,0.5256119,0.10510239,27.012547,25.652746,1.5587244,Tunisia,Egypt
6372,6371,1,21,47,2,0,0.3233324,0.30540642,0.051485322,25.817278,25.114521,1.4838351,Iran,Uzbekistan
6373,6372,1,34,39,3,2,0.29481813,0.6985333,0.037543833,25.280125,24.254795,1.4371736,Qatar,South Korea
6373,6373,0,22,24,1,1,0.28842556,0.6853526,0.029127844,24.254795,23.272505,1.4198548,Iraq,Japan
6378,6373,5,33,26,2,2,0.86693144,0.03138054,0.0,24.115557,23.142445,1.5071336,Portugal,Mexico
6379,6378,1,2,18,2,3,0.04905954,0.7900128,0.0,23.31199,22.418945,1.4496931,Australia,Germany
6381,6379,2,26,29,2,1,0.013659995,2.0039783,0.0,22.760586,20.740696,1.4713441,Mexico,New Zealand
6384,6381,3,29,33,0,4,0.013559593,0.026937682,0.0,21.262684,21.20641,1.6095368,New Zealand,Portugal
6389,6384,5,18,26,4,1,0.04391615,0.035813533,0.0,22.070019,21.962326,1.6333578,Germany,Mexico
6392,6389,3,33,26,2,1,0.03535974,0.013559593,0.0,22.477007,22.409554,1.6220163,Portugal,Mexico
6398,6392,6,45,31,1,1,0.1147395,0.39650434,0.02001729,23.4305,22.88407,1.4592185,United States,Panama
6406,6398,8,11,26,0,2,2.0075436,0.0620305,0.010873586,24.235085,22.13786,1.4434245,Curaçao,Mexico
6452,6406,46,46,1,0,0,0.6046317,0.34424594,0.06882919,29.6847,28.631475,1.4834752,Uruguay,Argentina
6452,6452,0,39,21,0,0,0.32893792,0.3327712,0.06576759,28.631475,27.838434,1.5265604,South Korea,Iran
6452,6452,0,6,14,2,0,0.32535198,0.56134015,0.046355277,27.838434,26.919937,1.4365298,Brazil,Ecuador
6452,6452,0,17,28,4,0,0.3408877,0.9753244,0.06409489,26.919937,25.349808,1.5801135,France,Netherlands
6452,6452,0,24,2,2,0,0.30712608,0.30527723,0.0,25.349808,24.695518,1.4614848,Japan,Australia
6453,6452,1,43,13,2,1,0.3404304,0.7574133,0.0680661,24.861961,23.528332,1.550727,Tunisia,DR Congo
6453,6453,0,26,31,1,0,0.20196381,0.23370875,0.040372767,23.528332,23.037231,1.4880235,Mexico,Panama
6453,6453,0,12,18,1,2,0.32589728,0.2601647,0.04133492,23.037231,22.31316,1.5535971,Czech Republic,Germany
6453,6453,0,8,38,2,1,0.99263746,1.6986861,0.11730406,22.31316,19.549252,1.4343774,Cape Verde,South Africa
6456,6453,3,18,30,6,0,0.013559593,0.32487726,0.0026919188,20.078367,19.68549,1.6081866,Germany,Norway
6457,6456,1,32,46,1,2,0.5623006,0.022487912,0.004477583,19.861942,19.266014,1.4672841,Paraguay,Uruguay
6457,6457,0,35,24,1,0,0.33880955,0.022487912,0.004477583,19.266014,18.879223,1.5001532,Saudi Arabia,Japan
6457,6457,0,38,8,1,2,0.018028216,0.018028216,0.0035856436,18.879223,18.83385,1.5547699,South Africa,Cape Verde
6457,6457,0,44,10,1,0,1.0171669,1.0171669,0.08450148,18.83385,16.732018,1.4356368,Turkey,Croatia
6457,6457,0,9,6,1,1,0.553705,0.02157347,0.003165963,16.732018,16.155735,1.4298682,Colombia,Brazil
6457,6457,0,13,43,2,2,0.016838532,0.016838532,0.0023959589,16.155735,16.118677,1.4703841,DR Congo,Tunisia
6457,6457,0,47,39,0,0,0.3178465,0.021558322,0.003146667,16.118677,15.765657,1.4507277,Uzbekistan,South Korea
6487,6457,30,9,32,1,2,0.1311298,0.1311298,0.02620596,21.136967,20.839989,1.4895513,Colombia,Paraguay
6488,6487,1,45,31,4,0,0.3565249,0.15221395,0.03042279,21.014133,20.456455,1.4800192,United States,Panama
6488,6488,0,24,29,2,1,0.13536352,0.41265383,0.0,20.456455,19.868423,1.5110804,Japan,New Zealand
6489,6488,1,5,4,3,4,1.0254183,1.0254183,0.09275187,20.04451,17.918747,1.4376329,Bosnia and Herzegovina,Belgium
6489,6489,0,8,37,0,2,0.13958877,0.8316596,0.027897757,17.918747,16.846739,1.5287629,Cape Verde,Senegal
6492,6489,3,28,41,2,0,0.17087658,0.4496334,0.030372329,17.392021,16.673098,1.5459385,Netherlands,Sweden
6492,6492,0,33,42,2,0,0.37118322,1.0633682,0.034137838,16.673098,15.203718,1.437491,Portugal,Switzerland
6492,6492,0,14,1,1,3,0.16303228,0.16303228,0.02454165,15.203718,14.867311,1.4330732,Ecuador,Argentina
6492,6492,0,24,20,3,3,0.018055594,1.2738987,0.0,14.867311,13.549694,1.5093824,Japan,Haiti
6523,6492,31,38,37,0,2,0.27256027,0.14801398,0.029582797,19.227776,18.710163,1.554218,South Africa,Senegal
6524,6523,1,23,27,0,2,0.89582753,0.88520813,0.10055406,18.888565,17.051426,1.4340016,Ivory Coast,Morocco
6525,6524,1,19,15,1,1,0.86747557,0.54574454,0.05459367,17.233143,15.801688,1.4230273,Ghana,Egypt
6527,6525,2,37,38,2,1,0.018019088,0.018019088,0.0035764936,16.169746,16.127851,1.5024785,Senegal,South Africa
6559,6527,32,24,39,1,4,0.28227246,0.4099962,0.0564345,21.823467,20.997261,1.5270753,Japan,South Korea
6569,6559,10,22,34,2,1,0.6722506,0.6722506,0.088417955,22.720032,21.322744,1.4384191,Iraq,Qatar
6654,6569,85,22,34,2,3,0.35185412,0.35185412,0.07035083,34.87345,34.02927,1.5270857,Iraq,Qatar
6740,6654,86,15,46,0,1,0.7862595,0.96422476,0.0,45.71819,43.520683,1.590405,Egypt,Uruguay
6740,6740,0,27,21,0,1,0.75759935,0.9374969,0.0,43.520683,41.55025,1.5282869,Morocco,Iran
6740,6740,0,33,40,3,3,0.8799961,1.5972888,0.17596729,41.55025,38.374683,1.6087276,Portugal,Spain
6741,6740,1,17,2,2,1,0.9311501,0.98637897,0.0,38.513798,36.31115,1.5179096,France,Australia
6742,6741,1,6,42,1,1,0.9335638,0.8202185,0.0,36.454384,34.435226,1.5199229,Brazil,Switzerland
6742,6742,0,18,26,0,1,0.8895354,0.982855,0.0,34.435226,32.267,1.5212165,Germany,Mexico
6743,6742,1,41,39,1,0,0.7978418,0.6588368,0.0,32.418316,30.797222,1.4918017,Sweden,South Korea
6743,6743,0,4,31,3,0,0.79584,0.86637324,0.0,30.797222,28.971954,1.4814323,Belgium,Panama
6743,6743,0,43,16,1,2,0.9119486,1.0346538,0.0,28.971954,26.88161,1.4668403,Tunisia,England
6744,6743,1,9,24,1,2,0.84922695,0.6454592,0.0,27.043686,25.451805,1.4594568,Colombia,Japan
6745,6744,1,33,27,1,0,0.022467667,0.022480026,0.0,25.616735,25.558924,1.6010989,Portugal,Morocco
6745,6745,0,46,35,1,0,0.022471644,0.8900982,0.0,25.558924,24.616684,1.4560282,Uruguay,Saudi Arabia
6745,6745,0,21,40,0,1,0.022446517,0.02158339,0.0,24.616684,24.566605,1.5057327,Iran,Spain
6746,6745,1,1,10,0,3,0.82416904,0.8637579,0.0,24.733305,22.978645,1.4417176,Argentina,Croatia
6748,6746,2,4,43,5,2,0.022243889,0.022345241,0.0,23.318054,23.25789,1.6401119,Belgium,Tunisia
6748,6748,0,39,26,1,2,0.022342429,0.026937798,0.0,23.25789,23.200005,1.530104,South Korea,Mexico
6748,6748,0,18,41,2,1,0.025634285,0.021438146,0.0033312957,23.200005,23.143661,1.5286568,Germany,Sweden
6749,6748,1,16,31,6,1,0.025032828,0.026195945,0.0,23.313204,23.254627,1.510086,England,Panama
6749,6749,0,24,37,2,2,0.021900285,0.74236596,0.0,23.254627,22.413137,1.4981488,Japan,Senegal
6750,6749,1,21,33,1,1,0.021708924,0.021553617,0.0,22.58414,22.532667,1.5397514,Iran,Portugal
6750,6750,0,40,27,2,2,0.020971129,0.022152126,0.0,22.532667,22.481928,1.5307003,Spain,Morocco
6750,6750,0,35,15,2,1,0.021078793,0.042250313,0.0,22.481928,22.412634,1.4737953,Saudi Arabia,Egypt
6752,6750,2,39,18,2,0,0.017773729,0.0177651,0.0,22.7543,22.70897,1.5936737,South Korea,Germany
6752,6752,0,26,41,0,3,0.017997567,0.01714371,0.0,22.70897,22.66647,1.5524131,Mexico,Sweden
6753,6752,1,16,4,0,1,0.017338952,0.021180442,0.0026558563,22.836966,22.790411,1.535492,England,Belgium
6753,6753,0,31,43,1,2,0.01762641,0.0222919,0.0,22.790411,22.74325,1.5295547,Panama,Tunisia
6753,6753,0,37,9,0,1,0.017433433,0.04019914,0.0,22.74325,22.675919,1.5273464,Senegal,Colombia
6755,6753,2,17,1,4,3,0.056874342,0.039268047,0.0,23.016535,22.908836,1.4954609,France,Argentina
6755,6755,0,46,33,2,1,0.04216899,0.021536143,0.0,22.908836,22.837305,1.5146768,Uruguay,Portugal
6757,6755,2,6,26,2,0,0.06261155,0.022442438,0.0,23.177277,23.085886,1.4845488,Brazil,Mexico
6757,6757,0,4,24,3,2,0.01783979,0.035381697,0.0,23.085886,23.017687,1.6217228,Belgium,Japan
6758,6757,1,41,42,1,0,0.025883256,0.06425424,0.003949923,23.187483,23.084684,1.5200949,Sweden,Switzerland
6758,6758,0,9,16,1,1,0.022205831,0.02102604,0.0,23.084684,23.036163,1.4960165,Colombia,England
6761,6758,3,46,17,0,2,0.026583927,0.02630577,0.0,23.544422,23.479355,1.5665531,Uruguay,France
6761,6761,0,6,4,1,2,0.017536262,0.017519498,0.0,23.479355,23.437172,1.547722,Brazil,Belgium
6762,6761,1,41,16,0,2,0.01744066,0.01744066,0.002998087,23.606129,23.562088,1.5602285,Sweden,England
6765,6762,3,17,4,1,0,0.017949587,0.017949587,0.0035070134,24.0672,24.017666,1.6191733,France,Belgium
6766,6765,1,10,16,2,1,0.07994754,0.017354118,0.0027487057,24.185461,24.075283,1.5304626,Croatia,England
6769,6766,3,4,16,2,0,0.017974755,0.013559593,0.0026919188,24.577324,24.532162,1.6510402,Belgium,England
6770,6769,1,17,10,4,2,0.021386964,0.017228505,0.0026821918,24.69893,24.650703,1.5573335,France,Croatia
6823,6770,53,18,17,0,0,0.29083678,0.22639449,0.0452589,33.033585,32.305374,1.6450902,Germany,France
6825,6823,2,16,40,1,2,0.22463521,0.28983444,0.032837454,32.607548,31.9912,1.5351286,England,Spain
6826,6825,1,17,28,2,1,0.013537043,0.9608855,0.0022486034,32.143066,31.120079,1.5329108,France,Netherlands
6827,6826,1,41,44,2,3,0.24786781,1.0227535,0.02584423,31.273687,29.947937,1.456015,Sweden,Turkey
6828,6827,1,5,3,1,0,0.95687836,1.5448228,0.06613997,30.103886,27.576397,1.4217378,Bosnia and Herzegovina,Austria
6828,6828,0,40,10,6,0,0.013479114,0.22073716,0.0022539645,27.576397,27.328014,1.5052214,Spain,Croatia
6859,6828,31,4,42,2,1,0.34334686,0.37793902,0.04554614,32.17778,31.380234,1.4791185,Belgium,Switzerland
6859,6859,0,10,16,0,0,0.1317516,0.14341864,0.023237422,31.380234,31.026302,1.5777264,Croatia,England
6859,6859,0,24,31,3,0,0.41530976,0.4294624,0.0,31.026302,29.98151,1.5730506,Japan,Panama
6860,6859,1,28,18,3,0,0.13680278,0.14820582,0.018077077,30.13739,29.815592,1.492733,Netherlands,Germany
6862,6860,2,40,16,2,3,0.13402282,0.013549573,0.0025004114,30.127705,29.960241,1.574912,Spain,England
6863,6862,1,1,6,0,1,0.4357646,0.41530976,0.08304195,30.116165,29.154503,1.4889625,Argentina,Brazil
6863,6863,0,17,18,2,1,0.14327101,0.013305889,0.0022027292,29.154503,28.983349,1.5377387,France,Germany
6863,6863,0,24,46,4,3,0.01802824,0.38817492,0.0,28.983349,28.548515,1.5253649,Japan,Uruguay
6893,6863,30,3,5,0,0,0.25765416,0.25765416,0.038125917,33.175407,32.564026,1.5244366,Austria,Bosnia and Herzegovina
6893,6893,0,10,40,3,2,0.14170098,0.13042918,0.021781968,32.564026,32.222984,1.5606856,Croatia,Spain
6894,6893,1,15,43,3,2,0.5626684,0.5529844,0.11057688,32.37439,30.962915,1.562736,Egypt,Tunisia
6894,6894,0,28,17,2,0,0.13587154,0.12496123,0.016135722,30.962915,30.667976,1.4937603,Netherlands,France
6895,6894,1,44,41,0,1,0.25083587,0.25083587,0.02185251,30.822487,30.303425,1.4362794,Turkey,Sweden
6896,6895,1,42,4,5,2,0.142869,0.142869,0.014377957,30.458662,30.160656,1.4409889,Switzerland,Belgium
6896,6896,0,16,10,2,1,0.1299763,0.013460523,0.0019517018,30.160656,30.010342,1.4992266,England,Croatia
6897,6896,1,18,28,2,2,0.12962939,0.013282805,0.0019818884,30.166166,30.01741,1.4986517,Germany,Netherlands
6945,6897,48,2,25,0,1,0.75397766,1.7989806,0.0,37.155624,34.494324,1.4432496,Australia,Jordan
6955,6945,10,21,22,0,0,0.7326077,0.97429717,0.12489782,35.949837,34.087624,1.4707131,Iran,Iraq
6956,6955,1,35,34,0,2,0.7024806,0.9354232,0.08892158,34.235302,32.551025,1.4326915,Saudi Arabia,Qatar
6956,6956,0,24,47,2,1,0.36313188,1.2550286,0.038575776,32.551025,30.924732,1.4193722,Japan,Uzbekistan
6960,6956,4,24,35,1,0,0.018028153,0.018028153,0.0035856308,31.538872,31.495878,1.5189549,Japan,Saudi Arabia
6960,6960,0,2,47,0,0,0.066597514,0.016838472,0.0,31.495878,31.408283,1.4581733,Australia,Uzbekistan
6961,6960,1,34,22,1,0,0.020960307,0.025407268,0.0029500274,31.561314,31.512394,1.4446833,Qatar,Iraq
6964,6961,3,39,34,0,1,0.6931253,0.013559593,0.0026919188,31.969948,31.260063,1.4896244,South Korea,Qatar
6967,6964,3,21,24,0,3,0.05050635,0.030776152,0.0054757413,31.719124,31.631542,1.4652567,Iran,Japan
6971,6967,4,24,34,1,3,0.018028153,0.031048838,0.0035856308,32.24005,32.18262,1.5147,Japan,Qatar
7020,6971,49,24,9,0,1,0.21014003,0.8914197,0.0,39.260254,37.99539,1.5479121,Japan,Colombia
7020,7020,0,16,12,5,0,0.49427637,1.3733729,0.09869311,37.99539,35.76826,1.596471,England,Czech Republic
7021,7020,1,40,30,2,1,0.48312807,1.3388442,0.07281654,35.91258,33.909077,1.514448,Spain,Norway
7022,7021,1,28,18,2,3,0.45960066,0.45960066,0.061342068,34.05711,32.99825,1.5058511,Netherlands,Germany
7024,7022,2,30,41,3,3,0.013556526,0.45861015,0.0024821323,33.297657,32.774494,1.5739334,Norway,Sweden
7095,7024,71,33,42,3,1,1.0034893,0.6882161,0.095745854,42.732754,40.83879,1.4938382,Portugal,Switzerland
7096,7095,1,16,28,1,3,0.3085704,0.30132177,0.05338126,40.972977,40.19108,1.5745876,England,Netherlands
7098,7096,2,44,17,2,0,0.6664872,0.6691003,0.06559326,40.46177,39.051758,1.4495343,Turkey,France
7099,7098,1,33,28,1,0,0.018007455,0.013550834,0.0026799582,39.189518,39.14809,1.588789,Portugal,Netherlands
7099,7099,0,42,16,0,0,0.016950456,0.012755242,0.0017760973,39.14809,39.114304,1.4936604,Switzerland,England
7100,7099,1,40,41,3,0,0.29957405,0.28982788,0.03524195,39.251938,38.613037,1.4660476,Spain,Sweden
7101,7100,1,4,36,3,0,0.65535015,1.4731457,0.046739157,38.751675,36.604614,1.4222492,Belgium,Scotland
7105,7101,4,1,9,0,2,0.84947765,0.35185426,0.070350856,37.1735,35.818676,1.491902,Argentina,Colombia
7106,7105,1,32,34,2,2,1.4687082,0.52547264,0.0,35.962894,33.80345,1.5038723,Paraguay,Qatar
7106,7106,0,46,14,4,0,0.80397177,1.438504,0.101811506,33.80345,31.540539,1.4213339,Uruguay,Ecuador
7109,7106,3,26,7,3,1,1.1275995,1.9498938,0.2174127,31.997923,28.665636,1.46909,Mexico,Canada
7109,7109,0,1,32,1,1,0.018026503,0.013559593,0.0026919188,28.665636,28.630594,1.4749643,Argentina,Paraguay
7109,7109,0,9,34,1,0,0.016960446,0.013559593,0.0,28.630594,28.595839,1.51341,Colombia,Qatar
7110,7109,1,46,24,2,2,0.017042568,0.36066264,0.0,28.754488,28.315697,1.4858168,Uruguay,Japan
7113,7110,3,9,32,1,0,0.017981067,0.017981067,0.003538494,28.792372,28.752556,1.4714907,Colombia,Paraguay
7113,7113,0,34,1,0,2,0.018025989,0.016817387,0.0,28.752556,28.712748,1.5056369,Qatar,Argentina
7114,7113,1,14,24,1,1,0.03302073,0.017627021,0.0,28.871162,28.816654,1.4805087,Ecuador,Japan
7114,7114,0,23,38,1,0,1.4960036,1.4924275,0.24852033,28.816654,25.38762,1.5008606,Ivory Coast,South Africa
7116,7114,2,45,31,1,0,1.4995977,0.8664551,0.12965766,25.717411,23.263447,1.4376163,United States,Panama
7116,7116,0,15,13,2,0,0.7775245,1.5055006,0.11598451,23.263447,20.783182,1.4753243,Egypt,DR Congo
7117,7116,1,37,0,0,1,1.0599651,1.6570665,0.11727852,20.957443,18.15935,1.4350877,Senegal,Algeria
7117,7117,0,6,32,0,0,0.8115283,0.018003907,0.0034711831,18.15935,17.32747,1.4582418,Brazil,Paraguay
7118,7117,1,27,23,1,0,1.045656,0.018019805,0.0027661521,17.508636,16.41928,1.4610746,Morocco,Ivory Coast
7119,7118,1,20,7,3,2,1.4556934,0.044634737,0.0072936807,16.602257,15.080001,1.4399906,Haiti,Canada
7120,7119,1,45,11,1,0,0.017915381,1.526578,0.0028897186,15.2656555,13.720182,1.4327898,United States,Curaçao
7121,7120,1,38,27,0,1,0.030658936,0.013559621,0.0026919243,13.908554,13.856956,1.5282041,South Africa,Morocco
7122,7121,1,6,1,2,0,0.02248794,0.03950679,0.0044775885,14.0450535,13.976401,1.4790596,Brazil,Argentina
7122,7122,0,20,26,0,1,0.013514307,0.05548079,0.0025370112,13.976401,13.905729,1.4448256,Haiti,Mexico
7126,7122,4,15,38,0,1,0.04352323,0.022487849,0.00447757,14.655479,14.575688,1.5432687,Egypt,South Africa
7127,7126,1,45,26,0,1,0.031105788,0.022487849,0.00447757,14.762353,14.702488,1.4812216,United States,Mexico
7128,7127,1,19,43,1,1,1.3778938,0.7635715,0.06774855,14.888898,12.732601,1.4187454,Ghana,Tunisia
7131,7128,3,23,0,1,1,0.055516586,0.059531037,0.009073397,13.302494,13.177099,1.4667603,Ivory Coast,Algeria
7134,7131,3,37,43,1,0,0.06999637,0.026722083,0.004612379,13.744334,13.638091,1.4936585,Senegal,Tunisia
7139,7134,5,37,0,0,1,0.022487862,0.03547408,0.0044775726,14.577007,14.505358,1.5514657,Senegal,Algeria
7161,7139,22,25,35,3,0,0.75091296,0.70865214,0.112483725,18.529934,16.944458,1.466109,Jordan,Saudi Arabia
7187,7161,26,24,32,2,0,0.30206788,0.29296884,0.0,21.558348,20.86036,1.5315808,Japan,Paraguay
7188,7187,1,18,28,2,4,0.6040747,0.3669709,0.07314274,21.034462,19.757744,1.6159112,Germany,Netherlands
7189,7188,1,11,20,1,0,0.28834036,0.2811089,0.055113286,19.934052,19.295967,1.4836241,Curaçao,Haiti
7190,7189,1,41,30,1,1,0.3507224,0.57993543,0.051795885,19.473198,18.39354,1.5240573,Sweden,Norway
7191,7190,1,36,4,0,4,0.33972126,0.33972126,0.043107487,18.572575,17.802916,1.4949849,Scotland,Belgium
7192,7191,1,20,11,1,1,0.013559621,0.013559621,0.0026919243,17.983131,17.952644,1.479496,Haiti,Curaçao
7223,7192,31,12,16,2,1,0.6755444,0.4553397,0.057304975,23.366032,22.121117,1.4821185,Czech Republic,England
7224,7223,1,30,40,1,1,0.14529175,0.44432807,0.023836194,22.292706,21.617504,1.5428637,Norway,Spain
7226,7224,2,17,44,1,1,0.4494498,0.4494498,0.042805135,21.962343,21.021921,1.4435574,France,Turkey
7227,7226,1,41,40,1,1,0.15060878,0.013546533,0.0025524832,21.195704,21.00502,1.5723503,Sweden,Spain
7227,7227,0,26,31,3,1,0.39210013,0.42769405,0.06481928,21.00502,20.141125,1.4466096,Mexico,Panama
7227,7227,0,7,45,2,0,0.39907825,0.37410465,0.04658419,20.141125,19.363674,1.4174943,Canada,United States
7257,7227,30,25,2,0,1,0.39166412,1.0078436,0.0,24.525452,22.989674,1.5115597,Jordan,Australia
7257,7257,0,22,21,2,1,0.92904127,0.9161046,0.123272285,22.989674,21.062328,1.4416482,Iraq,Iran
7257,7257,0,47,35,2,3,0.9017973,0.3694925,0.04613234,21.062328,19.760513,1.4336414,Uzbekistan,Saudi Arabia
7257,7257,0,19,38,2,0,0.5092334,0.51579624,0.099664636,19.760513,18.484514,1.552257,Ghana,South Africa
7258,7257,1,45,7,4,1,0.13536352,0.13536352,0.027052704,18.663366,18.35679,1.4895878,United States,Canada
7258,7258,0,31,26,0,3,0.1263515,0.1263515,0.018040689,18.35679,18.095272,1.4349954,Panama,Mexico
7258,7258,0,6,1,0,1,0.52701616,0.52701616,0.098253645,18.095272,16.938261,1.4711312,Brazil,Argentina
7269,7258,11,34,22,1,2,0.5543656,0.05345713,0.010671427,18.919743,18.289942,1.4945486,Qatar,Iraq
7278,7269,9,34,35,0,1,0.04023765,0.09042091,0.00802753,19.890274,19.737997,1.5178828,Qatar,Saudi Arabia
7291,7278,13,39,24,1,0,0.95756507,0.3963223,0.04594212,22.003235,20.642384,1.4190357,South Korea,Japan
7551,7291,260,18,40,1,1,1.1541975,1.0731609,0.21460912,56.064102,52.84227,1.6582905,Germany,Spain
7552,7551,1,30,3,1,2,1.0126872,1.4944682,0.14534354,52.952477,50.049133,1.5177096,Norway,Austria
7553,7552,1,41,17,0,1,0.97741306,0.9794881,0.1150009,50.16492,47.9732,1.4881241,Sweden,France
7553,7553,0,33,10,4,1,1.1785036,1.4330177,0.102046,47.9732,45.257446,1.4405798,Portugal,Croatia
7554,7553,1,42,18,1,1,1.1653339,0.013567977,0.0019742767,45.382812,44.162315,1.4960797,Switzerland,Germany
7555,7554,1,12,36,1,2,0.94992536,1.0111836,0.0740856,44.289864,42.27522,1.4319894,Czech Republic,Scotland
7556,7555,1,17,10,4,2,0.013494848,0.013494848,0.002627152,42.40654,42.371407,1.5769833,France,Croatia
7556,7556,0,41,33,0,2,0.012638636,0.012638636,0.0017709399,42.371407,42.342957,1.483857,Sweden,Portugal
7586,7556,30,1,14,1,0,1.0825589,1.3529148,0.21648473,46.166527,43.439213,1.4852208,Argentina,Ecuador
7588,7586,2,40,42,1,0,0.15897034,0.14744785,0.028789878,43.696945,43.263798,1.6421114,Spain,Switzerland
7589,7588,1,17,33,0,0,0.13525751,0.13525751,0.02019305,43.393143,43.06161,1.5462166,France,Portugal
7589,7589,0,10,41,2,1,0.13001135,0.13001135,0.01494689,43.06161,42.771984,1.4840777,Croatia,Sweden
7589,7589,0,16,4,2,1,1.0070703,1.0638174,0.07024416,42.771984,40.67264,1.423213,England,Belgium
7589,7589,0,5,28,0,0,1.4345516,1.0595884,0.061704814,40.67264,38.172348,1.4158803,Bosnia and Herzegovina,Netherlands
7591,7589,2,14,46,4,2,0.022517124,1.2920352,0.004477587,38.451103,37.070618,1.4719526,Ecuador,Uruguay
7591,7591,0,18,42,3,3,0.1423906,0.013542316,0.0023086024,37.070618,36.90465,1.5226942,Germany,Switzerland
7592,7591,1,36,12,1,0,0.14146698,0.14146698,0.012975962,37.0467,36.757782,1.4272993,Scotland,Czech Republic
7592,7592,0,10,17,1,2,0.01324064,0.01324064,0.0023729464,36.757782,36.72493,1.5459293,Croatia,France
7592,7592,0,33,41,3,0,0.012519361,0.012519361,0.0016516675,36.72493,36.697353,1.4699908,Portugal,Sweden
7621,7592,29,1,32,1,1,0.15138724,1.2120627,0.029151866,40.715263,39.294044,1.4642547,Argentina,Paraguay
7622,7621,1,9,46,0,3,1.2957861,0.1304954,0.0193135,39.431316,37.98732,1.4329157,Colombia,Uruguay
7623,7622,1,42,40,1,1,0.13943826,0.15066947,0.027507959,38.127205,37.71449,1.6464922,Switzerland,Spain
7623,7623,0,41,10,2,1,0.12686816,0.12686816,0.018557332,37.71449,37.405083,1.5430346,Sweden,Croatia
7623,7623,0,33,17,0,1,0.12213206,0.12213206,0.013821237,37.405083,37.13349,1.4829624,Portugal,France
7624,7623,1,4,16,2,0,0.13457279,0.13457279,0.012781608,37.27508,36.989506,1.452532,Belgium,England
7624,7624,0,28,5,3,1,0.13235542,0.13235542,0.01056424,36.989506,36.716408,1.4342432,Netherlands,Bosnia and Herzegovina
7626,7624,2,46,6,0,2,0.018034054,1.0582206,0.0035856485,37.000973,35.921757,1.464405,Uruguay,Brazil
7626,7626,0,10,33,2,3,0.0135409925,0.0135409925,0.0026732984,35.921757,35.885357,1.5989456,Croatia,Portugal
7626,7626,0,17,41,4,2,0.012659483,0.012659483,0.001791789,35.885357,35.856323,1.4961636,France,Sweden
7626,7626,0,14,9,6,1,0.1424256,0.017307516,0.0028253114,35.856323,35.69571,1.4284204,Ecuador,Colombia
7626,7626,0,40,18,6,0,0.012215161,0.13143617,0.0012308308,35.69571,35.548073,1.443472,Spain,Germany
7627,7626,1,3,30,1,1,0.26992336,0.26992336,0.019097589,35.692833,35.14988,1.4177253,Austria,Norway
7753,7627,126,44,28,4,2,1.319255,0.5112554,0.10142674,51.377625,49.195312,1.5923731,Turkey,Netherlands
7754,7753,1,38,19,1,1,1.4174318,1.4174318,0.28345802,49.31281,45.722404,1.5633149,South Africa,Ghana
7754,7754,0,36,3,2,2,0.580259,0.48021898,0.075748086,45.722404,44.428585,1.5467199,Scotland,Austria
7756,7754,2,30,44,0,3,0.46807745,0.013556936,0.0024649736,44.682365,44.11629,1.5830381,Norway,Turkey
7756,7756,0,12,4,1,1,0.55903435,0.4695329,0.05075821,44.11629,43.004566,1.4661267,Czech Republic,Belgium
7760,7756,4,5,17,0,1,0.47439972,0.46862563,0.045071848,43.522453,42.523697,1.4516996,Bosnia and Herzegovina,France
7824,7760,64,46,32,0,0,0.7358349,0.7500462,0.14714698,50.39045,48.709435,1.4896101,Uruguay,Paraguay
7825,7824,1,6,14,2,0,0.69030106,0.69030106,0.09919275,48.827896,47.39782,1.4360825,Brazil,Ecuador
7827,7825,2,45,26,3,2,1.5291196,1.5291196,0.30579334,47.639744,44.174118,1.4905597,United States,Mexico
7829,7827,2,9,1,2,2,0.67800295,0.6915437,0.077000014,44.42891,43.059402,1.4140798,Colombia,Argentina
7829,7829,0,32,6,0,2,0.02243839,0.01799448,0.0035455984,43.059402,43.016758,1.4429274,Paraguay,Brazil
7833,7829,4,31,11,2,1,1.4370124,1.5190027,0.20680664,43.53455,40.474323,1.4358492,Panama,Curaçao
7833,7833,0,20,7,0,1,1.4653615,1.3861972,0.15462832,40.474323,37.623016,1.4140757,Haiti,Canada
7834,7833,1,16,10,1,0,0.71181244,0.70687413,0.09393004,37.76363,36.14268,1.5004933,England,Croatia
7834,7834,0,9,14,1,0,0.022487849,0.039141353,0.00447757,36.14268,36.07576,1.4703826,Colombia,Ecuador
7835,7834,1,40,41,0,0,0.6879709,0.6879709,0.07292277,36.219467,34.74286,1.460128,Spain,Sweden
7835,7835,0,36,12,0,2,0.31899607,0.31195784,0.04858094,34.74286,33.995583,1.5227766,Scotland,Czech Republic
7836,7835,1,18,17,0,1,0.66802603,0.29001158,0.029436462,34.14344,33.140984,1.4554241,Germany,France
7836,7836,0,11,31,0,0,0.013559621,0.013559621,0.0026919243,33.140984,33.110497,1.479496,Curaçao,Panama
7836,7836,0,7,20,3,0,0.012667834,0.012667834,0.0018001376,33.110497,33.08446,1.4247209,Canada,Haiti
7836,7836,0,35,47,3,0,1.5129323,1.5407535,0.3022865,33.08446,29.433208,1.525284,Saudi Arabia,Uzbekistan
7836,7836,0,21,22,1,0,1.4395974,1.4247458,0.20309547,29.433208,26.371004,1.4562861,Iran,Iraq
7836,7836,0,2,25,1,0,1.5433984,1.3887212,0.0,26.371004,23.328747,1.4403659,Australia,Jordan
7838,7836,2,28,3,2,0,0.31559768,0.31214494,0.033535037,23.666758,23.006517,1.4466629,Netherlands,Austria
7839,7838,1,1,46,1,0,0.043437507,0.063447356,0.007478435,23.176334,23.06434,1.4447501,Argentina,Uruguay
7839,7839,0,10,12,1,1,0.022419764,0.017987072,0.0035351068,23.06434,23.0131,1.565888,Croatia,Czech Republic
7839,7839,0,16,36,0,0,0.021089843,0.016917743,0.0023531513,23.0131,22.970806,1.4807609,England,Scotland
7840,7839,1,18,33,4,2,0.01709145,0.6687228,0.0022029292,23.140694,22.446827,1.4691104,Germany,Portugal
7841,7840,1,42,44,3,1,0.6764329,0.30862227,0.021262014,22.617764,21.624168,1.4224492,Switzerland,Turkey
7842,7841,1,1,32,1,0,0.013559621,0.054677285,0.0026919243,21.796751,21.724255,1.4673965,Argentina,Paraguay
7843,7842,1,36,10,1,3,0.017968055,0.017968055,0.003525459,21.896633,21.848112,1.6036808,Scotland,Croatia
7843,7843,0,16,12,1,0,0.016811533,0.016811533,0.0023689368,21.848112,21.80939,1.5006895,England,Czech Republic
7844,7843,1,6,9,2,1,0.061776742,0.04289761,0.006442364,21.981598,21.874748,1.427012,Brazil,Colombia
7844,7844,0,33,17,2,2,0.0170162,0.032799337,0.002288603,21.874748,21.819416,1.4888841,Portugal,France
7848,7844,4,28,12,0,2,0.04216709,0.022422232,0.004291631,22.50611,22.42401,1.5944644,Netherlands,Czech Republic
7848,7848,0,4,33,1,0,0.3291831,0.017251447,0.0025415663,22.42401,22.068733,1.5041283,Belgium,Portugal
7848,7848,0,6,14,1,1,0.018028153,0.058830764,0.0035856308,22.068733,21.987911,1.4642109,Brazil,Ecuador
7849,7848,1,10,40,3,5,0.025296312,0.056003757,0.0034679556,22.159763,22.070702,1.487249,Croatia,Spain
7849,7849,0,17,42,3,3,0.02074732,0.03263342,0.0024455928,22.070702,22.012957,1.4646009,France,Switzerland
7849,7849,0,46,32,1,0,0.04229974,0.030250043,0.004901027,22.012957,21.938637,1.4282688,Uruguay,Paraguay
7850,7849,1,16,18,2,0,0.028530415,0.04002914,0.003153312,22.110586,22.037846,1.4522234,England,Germany
7853,7850,3,42,40,1,1,0.01798403,0.01798403,0.0035414572,22.552074,22.501514,1.6321919,Switzerland,Spain
7854,7853,1,46,9,0,0,0.022487912,0.04319201,0.004477583,22.672344,22.601194,1.4703407,Uruguay,Colombia
7854,7854,0,1,14,3,0,0.049274098,0.025566133,0.0036161947,22.601194,22.525194,1.4249656,Argentina,Ecuador
7857,7854,3,1,9,1,1,0.013559593,0.013559593,0.0026919188,23.036509,23.00602,1.479496,Argentina,Colombia
7861,7857,4,6,1,0,1,0.05480402,0.018028153,0.0035856308,23.68326,23.605867,1.4668522,Brazil,Argentina
7862,7861,1,45,20,1,0,0.15089042,0.11411016,0.02280203,23.774487,23.480518,1.4802145,United States,Haiti
7864,7862,2,34,31,3,3,1.3957835,0.11587255,0.0,23.817924,22.26355,1.4460299,Qatar,Panama
7866,7864,2,20,7,1,4,0.018000498,0.121659055,0.0033122832,22.605812,22.460049,1.4561352,Haiti,Canada
7869,7866,3,45,7,1,0,0.030595977,0.013559593,0.0026919188,22.97175,22.923758,1.4708296,United States,Canada
7869,7869,0,38,37,0,0,0.46246395,1.6439697,0.092459925,22.923758,20.412134,1.548029,South Africa,Senegal
7880,7869,11,45,34,1,0,0.049059436,0.07096019,0.0,22.31802,22.168617,1.5721029,United States,Qatar
7880,7880,0,26,7,2,1,0.20871301,0.04710505,0.007837501,22.168617,21.906197,1.4428445,Mexico,Canada
7883,7880,3,45,26,1,0,0.013559593,0.013559593,0.0026919188,22.421213,22.390728,1.479496,United States,Mexico
7914,7883,31,30,28,1,1,0.5618912,0.2771401,0.054141384,27.537312,26.500862,1.592391,Norway,Netherlands
7914,7914,0,17,5,1,1,0.2594954,0.5340821,0.038318083,26.500862,25.610725,1.5135592,France,Bosnia and Herzegovina
7915,7914,1,14,32,2,0,0.25672188,0.27450374,0.049694218,25.775341,25.18676,1.4769964,Ecuador,Paraguay
7915,7915,0,41,40,2,1,0.3016573,0.2422366,0.031015018,25.18676,24.574827,1.4928703,Sweden,Spain
7915,7915,0,39,22,0,0,1.448079,0.3259553,0.06072572,24.574827,22.715134,1.4797413,South Korea,Iraq
7918,7915,3,45,7,1,1,0.15221396,0.1639321,0.030422794,23.225311,22.868422,1.488232,United States,Canada
7918,7918,0,32,9,1,1,0.013559593,0.24297711,0.0026919188,22.868422,22.595379,1.4732331,Paraguay,Colombia
7918,7918,0,4,12,3,0,0.26407,0.26407,0.02881475,22.595379,22.023838,1.4653782,Belgium,Czech Republic
7919,7918,1,38,19,1,0,0.21421584,0.6127494,0.04282317,22.195618,21.20208,1.5487505,South Africa,Ghana
7920,7919,1,3,36,0,1,0.29902253,0.28280827,0.025338044,21.3755,20.77071,1.4394386,Austria,Scotland
7920,7920,0,28,44,6,1,0.02672544,0.28530884,0.0037904135,20.77071,20.444609,1.5083461,Netherlands,Turkey
7920,7920,0,22,21,0,3,0.022487912,0.3314435,0.004477583,20.444609,20.051977,1.509234,Iraq,Iran
7921,7920,1,31,26,1,1,0.22695589,0.1549881,0.022899907,20.2277,19.83179,1.4367359,Panama,Mexico
7922,7921,1,46,14,1,0,0.2633391,0.03083139,0.0054161954,20.007952,19.703861,1.4474864,Uruguay,Ecuador
7950,7922,28,32,1,0,0,0.13916306,0.34511086,0.02697114,24.512543,23.99921,1.4642168,Paraguay,Argentina
7950,7950,0,4,17,2,3,0.13945708,0.15523757,0.02751966,23.99921,23.581593,1.6443282,Belgium,France
7950,7950,0,46,9,0,0,0.11717258,0.13236119,0.018411085,23.581593,23.32286,1.4362496,Uruguay,Colombia
7950,7950,0,35,24,1,0,0.43465453,1.4693733,0.06345672,23.32286,21.381691,1.4388809,Saudi Arabia,Japan
7950,7950,0,26,7,1,1,0.12688768,0.13952251,0.025357535,21.381691,21.080976,1.4882147,Mexico,Canada
7951,7950,1,44,30,1,1,0.12750135,0.14995135,0.018435732,21.254642,20.919725,1.5384743,Turkey,Norway
7953,7951,2,1,46,3,0,0.013559617,0.013559617,0.0026919236,21.267353,21.236866,1.4794959,Argentina,Uruguay
7953,7953,0,9,6,0,0,0.012667831,0.33971393,0.0018001373,21.236866,20.8836,1.4226555,Colombia,Brazil
7953,7953,0,40,17,1,2,0.14977951,0.013549303,0.0024670279,20.8836,20.694849,1.574278,Spain,France
7953,7953,0,31,45,1,0,0.1315081,0.1432799,0.019445917,20.694849,20.409597,1.4370208,Panama,United States
7955,7953,2,21,39,1,1,0.15031013,0.16987936,0.028311418,20.75926,20.406555,1.4736623,Iran,South Korea
7955,7955,0,24,2,2,1,0.022274284,0.4766442,0.0,20.406555,19.886164,1.4656374,Japan,Australia
7956,7955,1,7,31,4,1,0.026846694,0.013559617,0.0026919236,20.062216,20.017536,1.4771024,Canada,Panama
7957,7956,1,6,46,4,1,0.01802824,0.01802824,0.0035856485,20.193325,20.15271,1.4822748,Brazil,Uruguay
7957,7957,0,9,14,0,0,0.016838554,0.13907374,0.0023959621,20.15271,19.996197,1.423529,Colombia,Ecuador
7985,7957,28,2,35,0,0,0.13112988,0.15124412,0.0,24.788961,24.466269,1.5067724,Australia,Saudi Arabia
7985,7985,0,6,9,1,0,0.12263699,0.12263699,0.024507398,24.466269,24.188541,1.4894712,Brazil,Colombia
7986,7985,1,46,1,0,1,0.11874041,0.1341853,0.017210266,24.355997,24.09452,1.4345491,Uruguay,Argentina
7986,7986,0,45,26,2,0,0.14313577,0.15501106,0.027871711,24.09452,23.762453,1.4800304,United States,Mexico
7988,7986,2,40,41,1,0,0.15221404,0.2894434,0.030422807,24.098732,23.513016,1.624643,Spain,Sweden
7988,7988,0,19,38,1,0,0.29012814,0.29012814,0.05800564,23.513016,22.778322,1.5629311,Ghana,South Africa
7990,7988,2,7,26,2,1,0.1403009,0.018028239,0.0035856478,23.118528,22.948292,1.4757388,Canada,Mexico
7990,7990,0,28,30,2,0,0.26992044,0.16034442,0.023965962,22.948292,22.439137,1.532853,Netherlands,Norway
7990,7990,0,9,32,0,0,0.022476727,0.15786527,0.00425214,22.439137,22.254436,1.4548297,Colombia,Paraguay
7990,7990,0,1,6,0,0,0.017402414,0.021515293,0.0028100691,22.254436,22.214228,1.4307594,Argentina,Brazil
7990,7990,0,22,39,0,3,0.2784861,0.14771852,0.025519552,22.214228,21.747616,1.4780339,Iraq,South Korea
8005,7990,15,35,25,0,1,0.08814357,0.59105855,0.016414868,24.29676,23.584156,1.4797533,Saudi Arabia,Jordan
8008,8005,3,25,27,0,4,0.013632027,1.7245133,0.0,24.089134,22.16106,1.5348618,Jordan,Morocco
8010,8008,2,34,22,3,0,0.4730868,0.085610434,0.013633683,22.50373,21.926834,1.4544649,Qatar,Iraq
8011,8010,1,27,35,1,0,0.013559617,0.026205234,0.0,22.098808,22.05169,1.5611371,Morocco,Saudi Arabia
8011,8011,0,0,15,1,1,1.6848887,1.6934085,0.19894053,22.05169,18.499573,1.4463176,Algeria,Egypt
8015,8011,4,15,25,3,1,0.018028153,0.031082772,0.0,19.212717,19.151873,1.5861878,Egypt,Jordan
8015,8015,0,27,0,2,2,0.017315004,0.017315004,0.0028724824,19.151873,19.111721,1.5032525,Morocco,Algeria
8019,8015,4,43,15,1,0,1.6542163,0.018093558,0.0035856308,19.819986,18.093498,1.5161961,Tunisia,Egypt
8019,8019,0,34,0,1,2,0.03959242,0.017312584,0.0,18.093498,18.02583,1.5357949,Qatar,Algeria
8022,8019,3,34,15,0,0,0.013559593,0.013559593,0.0,18.564056,18.528587,1.6128249,Qatar,Egypt
8022,8022,0,43,0,0,2,0.0130251795,0.0130251795,0.0021575056,18.528587,18.498444,1.5004193,Tunisia,Algeria
8045,8022,23,27,19,1,0,0.12890282,0.2377045,0.023957592,22.522259,22.094532,1.520061,Morocco,Ghana
8055,8045,10,23,0,3,1,1.6721443,0.13962032,0.02282463,23.795574,21.928425,1.4754786,Ivory Coast,Algeria
8060,8055,5,37,8,2,0,0.65957326,1.8796225,0.064539365,22.78485,20.22475,1.4209981,Senegal,Cape Verde
8061,8060,1,23,15,0,0,0.026899619,0.15933894,0.005176653,20.400124,20.198414,1.4949483,Ivory Coast,Egypt
8062,8061,1,32,46,0,1,0.3018526,0.31617507,0.060350526,20.373844,19.67656,1.4879549,Paraguay,Uruguay
8062,8062,0,14,6,1,1,0.39281225,0.28212023,0.040359866,19.67656,18.983963,1.431478,Ecuador,Brazil
8062,8062,0,21,22,1,0,0.41332805,0.21999466,0.041907445,18.983963,18.279078,1.4922115,Iran,Iraq
8065,8062,3,7,45,2,0,0.3135071,0.3282734,0.06268143,18.815792,18.090172,1.4892616,Canada,United States
8065,8065,0,15,27,2,1,0.018028216,0.08569187,0.0035856436,18.090172,17.972721,1.5303165,Egypt,Morocco
8067,8065,2,24,35,2,0,0.41534984,0.22610906,0.03290799,18.332113,17.660282,1.4484363,Japan,Saudi Arabia
8067,8067,0,6,32,4,0,0.022487909,0.022487909,0.004477582,17.660282,17.609558,1.4839475,Brazil,Paraguay
8067,8067,0,1,9,1,0,0.29137188,0.29137188,0.034361433,17.609558,17.026905,1.4138407,Argentina,Colombia
8068,8067,1,26,31,1,0,0.30471703,0.42063746,0.044292353,17.208668,16.457333,1.4363966,Mexico,Panama
8072,8068,4,37,15,0,0,0.05257592,0.031380527,0.006256105,17.186752,17.083673,1.5497628,Senegal,Egypt
8118,8072,46,41,12,1,0,0.51521164,0.7166963,0.10268413,25.074753,23.369934,1.6371682,Sweden,Czech Republic
8118,8118,0,33,44,3,1,0.8501154,0.5946523,0.081017435,23.369934,21.718231,1.506906,Portugal,Turkey
8118,8118,0,32,14,3,1,0.2182835,0.23710805,0.043636702,21.718231,21.205956,1.4863614,Paraguay,Ecuador
8118,8118,0,26,45,0,0,0.21421579,0.22636148,0.042823162,21.205956,20.707817,1.4892082,Mexico,United States
8118,8118,0,39,21,2,0,0.48217595,0.23838818,0.046764895,20.707817,19.904568,1.4971462,South Korea,Iran
8118,8118,0,2,24,0,2,0.5256121,0.2076947,0.0,19.904568,19.12656,1.4675285,Australia,Japan
8119,8118,1,13,27,1,1,1.713167,0.22892897,0.04421779,19.30413,17.288458,1.5083617,DR Congo,Morocco
8119,8119,0,15,37,1,0,0.19422138,0.19422138,0.032630336,17.288458,16.84698,1.4941735,Egypt,Senegal
8121,8119,2,45,31,5,1,0.013559617,0.2125275,0.0026919236,17.210865,16.969616,1.4737487,United States,Panama
8123,8121,2,37,15,1,0,0.018028239,0.018028239,0.0035856478,17.333012,17.287636,1.5547699,Senegal,Egypt
8123,8123,0,27,13,4,1,0.016838552,0.016838552,0.0023959617,17.287636,17.25058,1.4703842,Morocco,DR Congo
8123,8123,0,35,2,1,0,0.22281085,0.022487933,0.0,17.25058,16.987762,1.4509947,Saudi Arabia,Australia
8123,8123,0,14,1,1,1,0.022487933,0.2245798,0.004477587,16.987762,16.7229,1.4764003,Ecuador,Argentina
8124,8123,1,31,7,1,0,0.013559617,0.23105618,0.0026919236,16.905273,16.651037,1.4677721,Panama,Canada
8188,8124,64,40,33,1,1,0.7043808,0.29404405,0.058788814,27.626308,26.309452,1.6286826,Spain,Portugal
8188,8188,0,12,42,2,1,0.27909622,0.9820007,0.04064352,26.309452,24.896109,1.5173101,Czech Republic,Switzerland
8189,8188,1,4,28,1,4,0.76332384,0.66514707,0.07022172,25.06215,23.521301,1.4640647,Belgium,Netherlands
8189,8189,0,10,3,0,3,0.9631321,0.81706315,0.066063896,23.521301,21.684307,1.4352143,Croatia,Austria
8191,8189,2,41,30,1,2,0.27879333,0.6517317,0.024969056,22.028881,21.066021,1.4397546,Sweden,Norway
8191,8191,0,12,40,2,2,0.013525063,0.013525063,0.002657369,21.066021,21.032707,1.5391356,Czech Republic,Spain
8191,8191,0,33,42,4,0,0.012652313,0.012652313,0.001784619,21.032707,21.005215,1.460541,Portugal,Switzerland
8192,8191,1,10,17,1,1,0.012959394,0.73663986,0.0017418808,21.179031,20.413734,1.4794903,Croatia,France
8193,8192,1,18,16,1,1,0.9520341,0.9520341,0.058389332,20.588732,18.674181,1.4177976,Germany,England
8195,8193,2,42,40,0,1,0.017960215,0.017960215,0.0035176212,19.030773,18.982162,1.6052954,Switzerland,Spain
8195,8195,0,33,12,2,0,0.01680799,0.01680799,0.0023653954,18.982162,18.943386,1.5017976,Portugal,Czech Republic
8195,8195,0,7,11,4,0,0.29795903,1.0675544,0.059570458,18.943386,17.508259,1.469698,Canada,Curaçao
8195,8195,0,27,38,2,1,0.30185267,0.7211327,0.06035054,17.508259,16.336672,1.5282418,Morocco,South Africa
8196,8195,1,24,19,4,1,0.32501423,0.5419604,0.0,16.519815,15.5198965,1.534209,Japan,Ghana
8196,8196,0,3,17,1,1,0.028787596,0.017014273,0.0022893217,15.5198965,15.468676,1.4906877,Austria,France
8198,8196,2,30,41,3,2,0.029098997,0.029098997,0.003974506,15.838063,15.771719,1.4961189,Norway,Sweden
8198,8198,0,40,12,2,0,0.013110254,0.013110254,0.0022425607,15.771719,15.739807,1.5337564,Spain,Czech Republic
8198,8198,0,42,33,1,0,0.01245512,0.01245512,0.0015874263,15.739807,15.712588,1.4649894,Switzerland,Portugal
8199,8198,1,17,10,0,1,0.012897618,0.02831779,0.0017046971,15.896978,15.85182,1.4809135,France,Croatia
8200,8199,1,24,43,0,3,0.01802824,0.6108569,0.0,16.035933,15.375955,1.5193971,Japan,Tunisia
8243,8200,43,24,39,3,0,0.18551293,0.48526895,0.037082586,23.008707,22.215437,1.5261894,Japan,South Korea
8300,8243,57,17,3,2,0,0.4116364,0.42177224,0.08230729,31.458044,30.241072,1.663788,France,Austria
8301,8300,1,24,45,2,0,0.24653082,0.6684426,0.0,30.396439,29.323093,1.5532879,Japan,United States
8302,8301,1,40,42,1,2,0.39532754,0.39532754,0.057200167,29.48029,28.517143,1.5429112,Spain,Switzerland
8302,8302,0,12,33,0,4,0.38086718,0.38086718,0.042739797,28.517143,27.669867,1.4836963,Czech Republic,Portugal
8303,8302,1,28,4,1,0,0.4042259,0.4042259,0.037149444,27.830368,26.975512,1.450721,Netherlands,Belgium
8303,8303,0,3,10,1,3,0.013519304,0.367633,0.0016666453,26.975512,26.576635,1.4735714,Austria,Croatia
8304,8303,1,16,18,3,3,0.38741332,0.38741332,0.02896092,26.73932,25.945702,1.4298853,England,Germany
8305,8304,1,33,40,0,1,0.013485677,0.013485677,0.0026179801,26.109648,26.07564,1.5551796,Portugal,Spain
8305,8305,0,42,12,2,1,0.012634464,0.012634464,0.0017667674,26.07564,26.047754,1.4708825,Switzerland,Czech Republic
8305,8305,0,14,24,0,0,0.686595,0.018028244,0.0,26.047754,25.20106,1.5701878,Ecuador,Japan
8359,8305,54,34,14,0,2,1.045773,0.23044248,0.0,33.677387,32.23998,1.519545,Qatar,Ecuador
8360,8359,1,16,21,6,2,0.23836473,0.8100369,0.0,32.39135,31.126747,1.6376866,England,Iran
8360,8360,0,37,28,0,2,0.83389455,0.23254852,0.0,31.126747,29.75886,1.622274,Senegal,Netherlands
8361,8360,1,1,35,1,2,0.81853807,0.78416073,0.0,29.915186,28.177166,1.4722193,Argentina,Saudi Arabia
8361,8361,0,17,2,4,1,0.24128269,0.8522574,0.0,28.177166,26.991486,1.5100951,France,Australia
8362,8361,1,18,24,1,2,0.22642508,0.23681147,0.0,27.153343,26.62769,1.507058,Germany,Japan
8362,8362,0,27,10,0,0,0.61992687,0.22610053,0.0,26.62769,25.606611,1.5391338,Morocco,Croatia
8362,8362,0,4,7,1,0,0.2231899,0.6291931,0.0,25.606611,24.643826,1.4964995,Belgium,Canada
8363,8362,1,33,19,3,2,0.21847473,0.6013049,0.0,24.810373,23.884,1.492986,Portugal,Ghana
8363,8363,0,46,39,0,0,0.94796413,0.4462213,0.0,23.884,22.421318,1.4464695,Uruguay,South Korea
8364,8363,1,34,37,1,3,0.022436101,0.018013667,0.0,22.592304,22.54581,1.5157211,Qatar,Senegal
8364,8364,0,28,14,1,1,0.017976096,0.022472648,0.0,22.54581,22.497854,1.5440336,Netherlands,Ecuador
8364,8364,0,16,45,0,0,0.017281529,0.26223826,0.0,22.497854,22.185942,1.5118918,England,United States
8365,8364,1,1,26,2,0,0.017704528,0.81823534,0.0,22.357399,21.478966,1.4597327,Argentina,Mexico
8365,8365,0,43,2,0,1,0.58310497,0.018028244,0.0,21.478966,20.821306,1.4574673,Tunisia,Australia
8366,8365,1,4,27,0,2,0.017728528,0.017840367,0.0,20.995491,20.94953,1.604334,Belgium,Morocco
8366,8366,0,10,7,4,1,0.01711949,0.018009014,0.0,20.94953,20.908365,1.5285872,Croatia,Canada
8366,8366,0,40,18,1,1,0.22698912,0.016700916,0.002089948,20.908365,20.64858,1.4797298,Spain,Germany
8367,8366,1,33,46,2,0,0.01714673,0.017831968,0.0,20.823109,20.782639,1.5179697,Portugal,Uruguay
8367,8367,0,39,19,2,3,0.01799243,0.017601877,0.0,20.782639,20.739603,1.5512061,South Korea,Ghana
8367,8367,0,6,42,1,0,0.9273615,0.2287273,0.0,20.739603,19.547829,1.4393871,Brazil,Switzerland
8368,8367,1,14,37,1,2,0.017597962,0.017512882,0.0,19.724556,19.685162,1.4943105,Ecuador,Senegal
8368,8368,0,34,28,0,2,0.017626299,0.017352184,0.0,19.685162,19.643188,1.5456467,Qatar,Netherlands
8368,8368,0,21,45,0,1,0.034037437,0.017849306,0.0,19.643188,19.586126,1.4835416,Iran,United States
8369,8368,1,35,26,1,2,0.03366036,0.017604863,0.0,19.762777,19.70728,1.4716153,Saudi Arabia,Mexico
8369,8369,0,43,17,1,0,0.017505415,0.033177726,0.0,19.70728,19.649395,1.5140682,Tunisia,France
8370,8369,1,7,27,1,2,0.01751329,0.017500274,0.0,19.82592,19.78629,1.5007862,Canada,Morocco
8370,8370,0,10,4,0,0,0.017656095,0.017656095,0.0032135006,19.78629,19.741125,1.5679251,Croatia,Belgium
8370,8370,0,24,40,2,1,0.03346876,0.016666466,0.0,19.741125,19.686361,1.4860029,Japan,Spain
8371,8370,1,19,46,0,2,0.017499989,0.017982583,0.0,19.862812,19.82123,1.5273348,Ghana,Uruguay
8371,8371,0,39,33,2,1,0.017744713,0.017128326,0.0,19.82123,19.780357,1.5278676,South Korea,Portugal
8372,8371,1,28,45,3,1,0.017371517,0.017823512,0.0,19.956621,19.914719,1.5400269,Netherlands,United States
8372,8372,0,1,2,2,1,0.030201856,0.03138062,0.0,19.914719,19.84982,1.4497943,Argentina,Australia
8373,8372,1,16,37,3,0,0.037007146,0.021960752,0.0,20.025944,19.957542,1.5271162,England,Senegal
8374,8373,1,6,39,4,1,0.030197289,0.013559621,0.0,20.133453,20.083593,1.5294954,Brazil,South Korea
8374,8374,0,24,10,1,1,0.017448545,0.017673323,0.0,20.083593,20.039,1.5895647,Japan,Croatia
8375,8374,1,27,40,0,0,0.022142515,0.021544322,0.0,20.214746,20.159237,1.5914997,Morocco,Spain
8375,8375,0,33,42,6,1,0.017153423,0.032772038,0.0024226434,20.159237,20.102217,1.5067121,Portugal,Switzerland
8378,8375,3,10,6,1,1,0.017943006,0.018028216,0.0,20.628025,20.58022,1.6271346,Croatia,Brazil
8378,8378,0,28,1,2,2,0.025531098,0.026119532,0.0,20.58022,20.519855,1.5267763,Netherlands,Argentina
8379,8378,1,27,33,1,0,0.018028216,0.017438117,0.0,20.69464,20.646917,1.6369838,Morocco,Portugal
8379,8379,0,16,17,1,2,0.025071774,0.04069933,0.0031075291,20.646917,20.573395,1.4881167,England,France
8382,8379,3,1,10,3,0,0.018028216,0.017948719,0.0,21.096384,21.04851,1.6282058,Argentina,Croatia
8383,8382,1,17,27,2,0,0.017625295,0.018028216,0.0,21.222239,21.172668,1.6644462,France,Morocco
8386,8383,3,10,27,2,1,0.017982626,0.013559593,0.0,21.692074,21.646366,1.6912011,Croatia,Morocco
8387,8386,1,1,17,3,3,0.022487912,0.017626055,0.0,21.818905,21.766985,1.6144077,Argentina,France
8409,8387,22,22,35,2,0,1.021218,0.1719431,0.0332728,25.478973,24.222084,1.488453,Iraq,Saudi Arabia
8416,8409,7,22,34,2,1,0.031380594,0.19757412,0.006256119,25.386806,25.128548,1.5120635,Iraq,Qatar
8483,8416,67,17,28,4,0,0.3931597,0.4242446,0.07861194,35.521454,34.330322,1.6633743,France,Netherlands
8483,8483,0,41,4,0,3,0.870825,0.42296287,0.058533594,34.330322,32.88714,1.5014428,Sweden,Belgium
8484,8483,1,11,7,0,2,0.9477023,0.45867595,0.091489315,33.037212,31.508207,1.475918,Curaçao,Canada
8484,8484,0,40,30,3,0,0.40042573,0.8579871,0.045524064,31.508207,30.16445,1.4679474,Spain,Norway
8487,8484,3,36,40,2,0,1.3122523,0.013590805,0.0026919188,30.630064,29.276983,1.5866445,Scotland,Spain
8487,8487,0,44,10,0,2,1.0158527,0.3692458,0.03418076,29.276983,27.853445,1.4411813,Turkey,Croatia
8565,8487,78,28,10,2,4,0.33994275,0.32509187,0.06499837,39.42988,38.45951,1.6636238,Netherlands,Croatia
8566,8565,1,45,26,3,0,0.7038086,0.71204805,0.12455192,38.598454,37.0901,1.4528497,United States,Mexico
8566,8566,0,31,7,0,2,1.2024624,0.32931978,0.048266195,37.0901,35.52452,1.4347247,Panama,Canada
8568,8566,2,33,5,3,0,0.64229983,1.4248599,0.07086046,35.813843,33.6555,1.4531914,Portugal,Bosnia and Herzegovina
8568,8568,0,38,27,2,1,1.1379063,0.6866088,0.13729902,33.6555,31.456005,1.5431533,South Africa,Morocco
8568,8568,0,4,3,1,1,0.3246298,0.8130881,0.039862685,31.456005,30.239582,1.4754285,Belgium,Austria
8568,8568,0,30,36,1,2,0.31414244,0.30442148,0.03449758,30.239582,29.569908,1.4656017,Norway,Scotland
8569,8568,1,10,40,0,0,0.017966144,0.30127028,0.0025265785,29.726612,29.38806,1.4831761,Croatia,Spain
8569,8569,0,45,7,2,0,0.013559617,0.013559617,0.0026919236,29.38806,29.357574,1.4794959,United States,Canada
8569,8569,0,31,26,0,1,0.012667831,0.012667831,0.0018001373,29.357574,29.331543,1.4247209,Panama,Mexico
8571,8569,2,3,41,2,0,0.013512826,0.3190796,0.002496494,29.645588,29.294167,1.5674198,Austria,Sweden
8571,8571,0,47,21,0,1,1.6023407,0.7401288,0.13780047,29.294167,26.763016,1.4796087,Uzbekistan,Iran
8576,8571,5,20,34,2,1,1.5247867,0.5910877,0.0,27.571335,25.378134,1.4592127,Haiti,Qatar
8580,8576,4,20,26,1,3,0.018028153,0.049033985,0.0035856308,26.036472,25.960026,1.4928544,Haiti,Mexico
8583,8580,3,26,34,0,1,0.013559593,0.0313805,0.0,26.450794,26.39465,1.5665952,Mexico,Qatar
8589,8583,6,31,34,4,0,0.08540428,0.026938586,0.0,27.368061,27.239857,1.5390096,Panama,Qatar
8590,8589,1,45,7,2,2,0.0871955,0.0871955,0.013061151,27.401215,27.222084,1.4298896,United States,Canada
8593,8590,3,45,31,1,1,0.013559593,0.018012187,0.0026919188,27.705303,27.670082,1.4777918,United States,Panama
8597,8593,4,26,31,1,0,0.06030857,0.018028153,0.0035856308,28.310158,28.22596,1.4716789,Mexico,Panama
8650,8597,53,1,14,1,0,0.92043084,0.96743375,0.18406618,36.24926,34.113266,1.489892,Argentina,Ecuador
8655,8650,5,41,3,1,3,0.3480537,0.3480537,0.06959075,34.84845,33.827866,1.6661961,Sweden,Austria
8655,8655,0,14,46,2,1,0.022487862,0.91165876,0.0044775726,33.827866,32.834904,1.4760002,Ecuador,Uruguay
8685,8655,30,40,36,2,0,0.4439348,0.44723544,0.071046114,37.21218,36.08023,1.5701971,Spain,Scotland
8685,8685,0,10,44,0,1,0.4243689,0.65880895,0.051386185,36.08023,34.88711,1.4822359,Croatia,Turkey
8685,8685,0,9,46,2,2,1.4626453,0.13117605,0.02620596,34.88711,33.240513,1.470143,Colombia,Uruguay
8685,8685,0,1,32,1,0,0.14577247,1.3762054,0.021013603,33.240513,31.70419,1.4292736,Argentina,Paraguay
8686,8685,1,28,17,1,2,0.43178844,0.6598388,0.042653598,31.856628,30.703413,1.4528171,Netherlands,France
8686,8686,0,3,4,2,3,0.1305035,0.4153286,0.013917022,30.703413,30.124077,1.4620152,Austria,Belgium
8686,8686,0,11,31,1,2,0.718769,0.36697948,0.0733759,30.124077,28.958096,1.4707528,Curaçao,Panama
8688,8686,2,30,40,0,1,0.41816738,0.013550187,0.0024088635,29.273634,28.821148,1.5491918,Norway,Spain
8689,8688,1,5,33,0,5,0.418708,0.418708,0.03170917,28.979347,28.125326,1.427007,Bosnia and Herzegovina,Portugal
8689,8689,0,4,41,1,1,0.013294149,0.13770357,0.0022039842,28.125326,27.967941,1.5071502,Belgium,Sweden
8690,8689,1,2,29,2,0,1.0590545,2.176239,0.21176742,28.127848,24.89299,1.413993,Australia,New Zealand
8690,8690,0,14,9,0,0,0.14366916,0.022487937,0.0044775875,24.89299,24.720844,1.4666948,Ecuador,Colombia
8690,8690,0,46,6,2,0,0.021506334,0.93897486,0.0031257656,24.720844,23.75941,1.4293727,Uruguay,Brazil
8720,8690,30,9,6,2,1,0.1311298,0.1311298,0.02620596,28.665203,28.368223,1.4895514,Colombia,Brazil
8720,8720,0,1,46,0,2,0.14201768,0.12240003,0.017476194,28.368223,28.095154,1.4340023,Argentina,Uruguay
8723,8720,3,36,30,3,3,0.16381267,0.15215154,0.030257685,28.573147,28.11947,1.6526978,Scotland,Norway
8725,8723,2,32,9,0,1,0.1582921,0.022487909,0.004477582,28.438356,28.252228,1.4655129,Paraguay,Colombia
8725,8725,0,6,1,0,1,0.021514673,0.021514673,0.0035043468,28.252228,28.207594,1.432863,Brazil,Argentina
8725,8725,0,47,21,2,2,0.5947616,0.5947616,0.1175092,28.207594,26.793835,1.5213158,Uzbekistan,Iran
8725,8725,0,25,35,0,2,1.5478973,0.98168373,0.13358077,26.793835,24.172241,1.4398379,Jordan,Saudi Arabia
8779,8725,54,19,8,1,2,1.2279348,1.6338569,0.22049613,32.75389,29.433002,1.5120109,Ghana,Cape Verde
8783,8779,4,15,19,2,2,1.5090234,0.01807904,0.0035856308,30.059032,28.406992,1.5240113,Egypt,Ghana
8784,8783,1,22,24,2,1,1.085016,1.1608632,0.14455797,28.566021,26.25338,1.4326559,Iraq,Japan
8785,8784,1,25,39,2,2,0.25058666,1.1280557,0.03913032,26.41671,24.99736,1.4600313,Jordan,South Korea
8786,8785,1,27,13,1,1,0.7570307,1.4892057,0.10000617,25.1632,22.785103,1.4566371,Morocco,DR Congo
8787,8786,1,8,15,2,2,0.035051476,0.018015001,0.003559622,22.95536,22.896091,1.4867793,Cape Verde,Egypt
8788,8787,1,2,47,1,1,0.4005725,0.25290236,0.0,23.06613,22.37928,1.4519408,Australia,Uzbekistan
8789,8788,1,38,43,0,0,0.7409133,1.1483904,0.08188166,22.55035,20.6052,1.4332019,South Africa,Tunisia
8793,8789,4,15,13,1,1,0.02693209,0.03130907,0.0053588096,21.301567,21.231674,1.5268255,Egypt,DR Congo
8794,8793,1,22,25,2,3,0.044604275,0.040209398,0.007991816,21.405037,21.30645,1.5060118,Iraq,Jordan
8794,8794,0,23,37,1,1,1.5111507,1.1307184,0.09601802,21.30645,18.647293,1.4184287,Ivory Coast,Senegal
8795,8794,1,27,38,0,2,0.03821038,0.02617505,0.0041502737,18.82582,18.756405,1.4617509,Morocco,South Africa
8795,8795,0,35,39,1,1,0.27204606,0.042085715,0.0059900656,18.756405,18.430527,1.4460589,Saudi Arabia,South Korea
8798,8795,3,2,39,1,2,0.044653,0.013559593,0.0,18.966335,18.902803,1.515433,Australia,South Korea
8799,8798,1,8,38,0,0,0.05051938,0.018028216,0.0035856436,19.080822,19.00298,1.5235132,Cape Verde,South Africa
8799,8799,0,21,24,2,1,0.28170368,0.062204354,0.007835982,19.00298,18.653515,1.4289688,Iran,Japan
8799,8799,0,34,47,1,1,0.69335425,0.046005655,0.0050181565,18.653515,17.91367,1.4175954,Qatar,Uzbekistan
8802,8799,3,25,39,2,0,0.03474155,0.017999217,0.00346276,18.452572,18.395035,1.4739301,Jordan,South Korea
8803,8802,1,23,13,1,0,0.039237052,0.043416765,0.0069361823,18.574066,18.47876,1.5023594,Ivory Coast,DR Congo
8803,8803,0,34,21,3,2,0.017487995,0.017487995,0.003045423,18.47876,18.440548,1.4641554,Qatar,Iran
8806,8803,3,38,13,0,0,0.030849572,0.013559593,0.0026919188,18.976295,18.922386,1.5450723,South Africa,DR Congo
8806,8806,0,34,25,3,1,0.013559593,0.01794995,0.0026919188,18.922386,18.885296,1.513152,Qatar,Jordan
8846,8806,40,31,26,0,3,0.6162649,0.8684664,0.12323296,25.736761,24.075008,1.4858993,Panama,Mexico
8847,8846,1,15,29,1,0,0.22613303,0.59058785,0.0,24.242691,23.36171,1.5085347,Egypt,New Zealand
8848,8847,1,43,10,0,0,0.23696613,0.6172844,0.0,23.530819,22.32613,1.6317477,Tunisia,Croatia
8849,8848,1,45,26,2,0,0.84001535,0.013559621,0.0026919243,22.497307,21.600271,1.471015,United States,Mexico
8851,8849,2,0,38,3,3,1.5619894,0.18458691,0.027829316,21.945179,20.16961,1.4625654,Algeria,South Africa
8851,8851,0,29,43,0,0,0.018028243,0.013517004,0.0,20.16961,20.134815,1.4886711,New Zealand,Tunisia
8851,8851,0,15,10,2,4,0.017439557,0.013559617,0.0,20.134815,20.093956,1.6377825,Egypt,Croatia
8923,8851,72,37,13,1,1,0.4929442,0.4565475,0.079783134,31.883232,30.786268,1.5053654,Senegal,DR Congo
8928,8923,5,21,47,0,0,0.49717015,0.5098686,0.09885053,31.554558,30.353313,1.5238065,Iran,Uzbekistan
8928,8928,0,35,25,1,2,0.48965266,0.45572975,0.06521985,30.353313,29.342854,1.4562674,Saudi Arabia,Jordan
8931,8928,3,18,36,5,1,1.4023483,0.7518084,0.13684505,29.813381,27.164753,1.5746903,Germany,Scotland
8932,8931,1,40,10,3,0,0.8079808,0.32858452,0.05036544,27.326262,25.938559,1.5523269,Spain,Croatia
8934,8932,2,3,17,0,1,0.79702073,0.79702073,0.09305148,26.266151,24.486233,1.4861188,Austria,France
8935,8934,1,33,12,2,1,0.7739453,1.3971527,0.071870916,24.653091,22.396534,1.444082,Portugal,Czech Republic
8936,8935,1,36,42,1,1,0.02248659,1.3056043,0.0033097845,22.56757,21.211027,1.500405,Scotland,Switzerland
8937,8936,1,1,7,2,0,0.7776523,1.0593604,0.0,21.38443,19.336617,1.5006294,Argentina,Canada
8938,8937,1,28,17,0,0,0.77592295,0.017883077,0.0031325303,19.513765,18.684853,1.5427895,Netherlands,France
8939,8938,1,44,33,0,3,0.7756557,0.017603565,0.0027930997,18.863304,18.044685,1.519905,Turkey,Portugal
8940,8939,1,46,31,3,1,0.7688349,0.38010404,0.0,18.224415,16.94328,1.495445,Uruguay,Panama
8940,8940,0,18,42,1,1,0.03822629,0.017507683,0.0028440573,16.94328,16.878706,1.522128,Germany,Switzerland
8941,8940,1,9,32,2,1,0.73780334,0.73780334,0.10628011,17.060768,15.531932,1.4362258,Colombia,Paraguay
8942,8941,1,28,3,2,3,0.017773373,0.033727724,0.003039347,15.716682,15.654269,1.5526794,Netherlands,Austria
8943,8942,1,12,44,1,2,0.03316509,0.017468927,0.00270265,15.838777,15.779533,1.5274034,Czech Republic,Turkey
8944,8943,1,45,31,1,2,0.3718083,0.018028244,0.0035856492,15.963791,15.54525,1.477252,United States,Panama
8945,8944,1,32,6,1,4,0.018028244,0.7233029,0.0035856492,15.729975,14.976717,1.4662942,Paraguay,Brazil
8947,8945,2,26,14,0,0,0.37284565,0.8063598,0.0,15.348067,14.156019,1.4261965,Mexico,Ecuador
8948,8947,1,45,46,0,1,0.018008845,0.035055608,0.0,14.34352,14.285595,1.4825543,United States,Uruguay
8948,8948,0,17,4,1,0,0.042935107,0.7860574,0.0067614606,14.285595,13.428629,1.5127865,France,Belgium
8949,8948,1,6,9,1,1,0.01781963,0.034208298,0.003155722,13.617583,13.563408,1.4402336,Brazil,Colombia
8949,8949,0,3,44,1,2,0.030674106,0.026454607,0.0048096594,13.563408,13.489344,1.5811439,Austria,Turkey
8951,8949,2,1,14,1,1,0.059029553,0.01778456,0.0029322363,13.866632,13.788401,1.4339421,Argentina,Ecuador
8952,8951,1,18,40,1,2,0.05039183,0.08119526,0.0071563707,13.976637,13.827808,1.500386,Germany,Spain
8952,8952,0,33,17,0,0,0.05255217,0.017660048,0.00261105,13.827808,13.748425,1.5168066,Portugal,France
8953,8952,1,9,31,5,0,0.017809222,0.0395194,0.0,13.936741,13.872396,1.4944357,Colombia,Panama
8953,8953,0,16,42,1,1,1.3060921,0.052277673,0.0052571087,13.872396,12.5050125,1.4401072,England,Switzerland
8953,8953,0,28,44,2,1,0.044256482,0.017304718,0.0023152835,12.5050125,12.438568,1.473844,Netherlands,Turkey
8953,8953,0,46,6,0,0,0.021384446,0.017172799,0.0026561646,12.438568,12.399078,1.4250567,Uruguay,Brazil
8956,8953,3,40,17,2,1,0.01795941,0.01795941,0.003516837,12.970966,12.922003,1.6104753,Spain,France
8956,8956,0,1,7,2,0,0.022111991,0.08107039,0.0,12.922003,12.811855,1.468174,Argentina,Canada
8957,8956,1,28,16,1,2,0.017354734,0.017354734,0.00291216,13.002041,12.958267,1.5599537,Netherlands,England
8957,8957,0,46,9,0,1,0.017701156,0.017701156,0.0032585836,12.958267,12.920132,1.4548503,Uruguay,Colombia
8960,8957,3,7,46,2,2,0.018028216,0.013559593,0.0,13.488905,13.45128,1.5391849,Canada,Uruguay
8961,8960,1,40,16,2,1,0.022408774,0.018028216,0.0035856436,13.640188,13.582106,1.6528451,Spain,England
8961,8961,0,1,9,1,0,0.021878043,0.017494872,0.0030522982,13.582106,13.539874,1.4538504,Argentina,Colombia
9014,8961,53,33,10,2,1,0.25960687,0.32765257,0.049462963,23.040234,22.25195,1.6128135,Portugal,Croatia
9015,9014,1,46,32,0,0,0.23440853,0.2885492,0.046635643,22.423273,21.842087,1.4805225,Uruguay,Paraguay
9015,9015,0,6,14,1,0,0.24476445,0.25183487,0.03452546,21.842087,21.33166,1.4310791,Brazil,Ecuador
9015,9015,0,15,8,3,0,0.61833847,0.7562955,0.11113493,21.33166,19.726974,1.5144271,Egypt,Cape Verde
9016,9015,1,28,5,5,2,0.236314,0.94326293,0.034667492,19.903345,18.6407,1.5044937,Netherlands,Bosnia and Herzegovina
9017,9016,1,42,40,1,4,0.24753025,0.22067156,0.02860635,18.81924,18.286076,1.498983,Switzerland,Spain
9017,9017,0,33,36,2,1,0.013500207,0.29743287,0.0018430043,18.286076,17.954525,1.4935552,Portugal,Scotland
9018,9017,1,17,4,2,0,0.23286071,0.25990376,0.021991424,18.134438,17.616125,1.4472681,France,Belgium
9018,9018,0,30,3,2,1,0.8632086,0.25249612,0.018577265,17.616125,16.489168,1.4248626,Norway,Austria
9019,9018,1,9,1,2,1,0.22575341,0.22575341,0.028508795,16.672009,16.220297,1.4141393,Colombia,Argentina
9019,9019,0,28,18,2,2,0.01347268,0.24442165,0.0019722215,16.220297,15.954514,1.4950482,Netherlands,Germany
9019,9019,0,32,6,1,0,0.017927114,0.017927114,0.0034845183,15.954514,15.916591,1.4431968,Paraguay,Brazil
9049,9019,30,35,24,0,2,0.48372388,0.84521675,0.09672478,21.27911,19.763147,1.5074824,Saudi Arabia,Japan
9049,9049,0,47,21,0,0,0.45713213,0.45713213,0.07013303,19.763147,18.780172,1.4593831,Uzbekistan,Iran
9049,9049,0,25,39,0,2,0.43847495,0.78562593,0.048764654,18.780172,17.52993,1.4280064,Jordan,South Korea
9049,9049,0,14,32,0,0,0.14685066,0.1311298,0.02620596,17.52993,17.218094,1.4847473,Ecuador,Paraguay
9050,9049,1,5,18,1,2,0.14744912,0.13536352,0.027052704,17.399475,16.99012,1.6585673,Bosnia and Herzegovina,Germany
9051,9050,1,10,36,2,1,0.15027566,0.13866878,0.020052813,17.171959,16.825325,1.5330459,Croatia,Scotland
9052,9051,1,3,30,5,1,0.13442507,0.13442507,0.015993893,17.007492,16.706007,1.4883804,Austria,Norway
9053,9052,1,18,28,1,0,0.01351658,0.13182639,0.00216045,16.888412,16.728247,1.5267498,Germany,Netherlands
9053,9053,0,4,17,1,2,0.13369076,0.13369076,0.011899595,16.728247,16.447954,1.4446628,Belgium,France
9054,9053,1,46,14,0,0,0.15883611,0.02248794,0.0044775885,16.630875,16.437769,1.4732416,Uruguay,Ecuador
9054,9054,0,36,33,0,0,0.013282646,0.13972269,0.0019061251,16.437769,16.276772,1.4950169,Scotland,Portugal
9054,9054,0,21,34,4,1,0.02248794,0.77812123,0.0044775885,16.276772,15.464211,1.492858,Iran,Qatar
9054,9054,0,39,22,3,2,0.02157986,0.79835653,0.0032526464,15.464211,14.6420765,1.4488987,South Korea,Iraq
9054,9054,0,24,2,1,1,0.020980194,0.8992346,0.0,14.6420765,13.695725,1.4416189,Japan,Australia
9084,9054,30,22,25,0,0,0.1311298,0.15039812,0.02620596,19.18758,18.855186,1.5183904,Iraq,Jordan
9084,9084,0,32,1,2,1,0.15129767,0.2631512,0.029135268,18.855186,18.405941,1.4691402,Paraguay,Argentina
9084,9084,0,2,35,0,0,0.1311298,0.14139858,0.0,18.405941,18.116901,1.455387,Australia,Saudi Arabia
9084,9084,0,34,47,3,2,0.12067469,0.13867967,0.0151533885,18.116901,17.84777,1.4376265,Qatar,Uzbekistan
9085,9084,1,46,9,3,2,0.12909852,0.25592247,0.018899476,18.027897,17.632282,1.4338063,Uruguay,Colombia
9085,9085,0,8,15,1,1,0.29404405,0.29404405,0.05878882,17.632282,16.887669,1.5629382,Cape Verde,Egypt
9085,9085,0,36,10,1,0,0.13536352,0.14732459,0.027052704,16.887669,16.478521,1.6585029,Scotland,Croatia
9086,9085,1,18,5,7,0,0.13484247,0.14619489,0.019519204,16.66138,16.321823,1.5378629,Germany,Bosnia and Herzegovina
9088,9086,2,40,42,3,2,0.26336405,0.26336405,0.024982238,16.687807,16.13298,1.4479663,Spain,Switzerland
9088,9088,0,10,33,1,1,0.013507273,0.13306986,0.0022047842,16.13298,15.97023,1.5251725,Croatia,Portugal
9089,9088,1,6,46,1,1,0.2654295,0.01802824,0.0035856485,16.154106,15.866816,1.4639161,Brazil,Uruguay
9089,9089,0,5,28,1,1,0.013294052,0.13900375,0.0020646157,15.866816,15.701401,1.511902,Bosnia and Herzegovina,Netherlands
9089,9089,0,9,14,0,1,0.017283918,0.13992518,0.0026911814,15.701401,15.543342,1.4281207,Colombia,Ecuador
9128,9089,39,22,35,1,3,0.18963808,0.18963808,0.03790762,22.48088,22.02602,1.52671,Iraq,Saudi Arabia
9210,9128,82,7,26,0,2,0.88540614,0.9192103,0.17706123,35.030273,32.987144,1.4902084,Canada,Mexico
9210,9210,0,6,9,2,1,0.4837236,0.4837236,0.096724726,32.987144,31.890957,1.4903973,Brazil,Colombia
9210,9210,0,45,31,0,1,0.8568722,0.8447352,0.12078886,31.890957,30.12883,1.4359715,United States,Panama
9210,9210,0,10,17,2,0,0.48720184,0.59148157,0.09726275,30.12883,28.613026,1.6424631,Croatia,France
9210,9210,0,28,40,2,2,0.4540445,0.4571513,0.06686048,28.613026,27.499725,1.5447717,Netherlands,Spain
9211,9210,1,46,1,0,1,0.45508125,0.47160774,0.065258965,27.660568,26.70122,1.435723,Uruguay,Argentina
9213,9211,2,40,28,3,3,0.013559617,0.013559617,0.0026919236,27.025764,26.98636,1.6545838,Spain,Netherlands
9213,9213,0,17,10,2,0,0.012667831,0.012667831,0.0018001373,26.98636,26.955849,1.5295254,France,Croatia
9213,9213,0,31,26,1,2,0.013559617,0.013559617,0.0026919236,26.955849,26.925364,1.4794959,Panama,Mexico
9213,9213,0,45,7,1,2,0.012667831,0.012667831,0.0018001373,26.925364,26.89933,1.424721,United States,Canada
9215,9213,2,39,25,1,1,0.598312,0.5080871,0.09310685,27.223087,25.97134,1.4923347,South Korea,Jordan
9215,9215,0,24,35,0,0,0.56864196,0.34333944,0.05005199,25.97134,25.005478,1.4541414,Japan,Saudi Arabia
9215,9215,0,21,47,2,2,0.5536554,0.4676245,0.050688528,25.005478,23.969652,1.4233797,Iran,Uzbekistan
9215,9215,0,1,6,4,1,0.018028239,0.022484899,0.0035856478,23.969652,23.924305,1.4805228,Argentina,Brazil
9215,9215,0,9,32,2,2,0.021121908,0.46788853,0.0029284214,23.924305,23.42939,1.4246386,Colombia,Paraguay
9286,9215,71,18,33,1,2,0.6995374,0.69401765,0.105218165,34.62474,32.919647,1.5453564,Germany,Portugal
9287,9286,1,2,24,1,0,0.7509023,0.3018526,0.0,33.06966,31.902613,1.5227853,Australia,Japan
9287,9287,0,22,39,0,2,0.57199657,0.28978652,0.04828442,31.902613,30.981253,1.4665949,Iraq,South Korea
9287,9287,0,34,21,1,0,0.6701711,0.27887017,0.035426877,30.981253,30.01315,1.4333918,Qatar,Iran
9287,9287,0,32,46,2,0,0.3018526,0.31619135,0.060350522,30.01315,29.31586,1.4879451,Paraguay,Uruguay
9287,9287,0,14,6,0,0,0.6679419,0.28212065,0.040364012,29.31586,28.350695,1.4288802,Ecuador,Brazil
9287,9287,0,40,17,5,4,0.30032986,0.30032986,0.05260583,28.350695,27.59924,1.557709,Spain,France
9289,9287,2,23,29,0,1,1.3477436,1.2640771,0.0,27.9202,25.024296,1.4867989,Ivory Coast,New Zealand
9290,9289,1,18,17,0,2,0.018023688,0.013559617,0.0026919236,25.190083,25.144989,1.6491399,Germany,France
9290,9290,0,33,40,2,2,0.016958533,0.0127590485,0.001781665,25.144989,25.109314,1.5305884,Portugal,Spain
9291,9290,1,10,12,5,1,0.29882538,0.9914008,0.034099605,25.27493,23.895895,1.4714907,Croatia,Czech Republic
9292,9291,1,25,22,0,1,0.29212692,0.022487937,0.0044775875,24.063938,23.73595,1.4950205,Jordan,Iraq
9292,9292,0,20,11,1,5,1.5700915,1.4601616,0.19124621,23.73595,20.685707,1.4182788,Haiti,Curaçao
9292,9292,0,47,34,3,0,0.2872134,0.021552246,0.0031646322,20.685707,20.371773,1.4484657,Uzbekistan,Qatar
9292,9292,0,7,23,0,0,0.32386163,0.013559621,0.0,20.371773,19.99562,1.5635701,Canada,Ivory Coast
9292,9292,0,6,32,1,0,0.022487937,0.022487937,0.0044775875,19.99562,19.944897,1.4839474,Brazil,Paraguay
9292,9292,0,35,2,1,2,0.28366458,0.0224854,0.0,19.944897,19.638565,1.415967,Saudi Arabia,Australia
9292,9292,0,1,9,1,1,0.29264048,0.29264048,0.035630032,19.638565,19.053375,1.4138407,Argentina,Colombia
9297,9292,5,20,35,0,1,0.022487862,0.022487862,0.0,19.93841,19.882935,1.5677986,Haiti,Saudi Arabia
9301,9297,4,45,35,1,0,0.3461687,0.018028153,0.0,20.585056,20.197887,1.5224257,United States,Saudi Arabia
9303,9301,2,11,7,1,1,0.04803174,0.04803174,0.008764184,20.548397,20.447182,1.4441638,Curaçao,Canada
9304,9303,1,45,20,2,1,0.013446206,0.030358648,0.0023577006,20.622112,20.57664,1.435379,United States,Haiti
9310,9304,6,26,35,2,0,0.36842638,0.040237654,0.0,21.619448,21.192385,1.5143169,Mexico,Saudi Arabia
9318,9310,8,45,26,1,2,0.062149104,0.03581348,0.007142696,22.570251,22.459167,1.4914148,United States,Mexico
9378,9318,60,32,14,0,0,0.3556467,0.373199,0.07110935,32.132088,31.309702,1.4880636,Paraguay,Ecuador
9379,9378,1,2,29,1,0,0.35943183,0.3704711,0.07186637,31.46293,30.733227,1.4138104,Australia,New Zealand
9381,9379,2,44,40,0,6,1.1735451,0.37451142,0.074737586,31.041677,29.175356,1.6019543,Turkey,Spain
9383,9381,2,5,3,1,2,0.901108,0.9761267,0.09923296,29.490025,27.454937,1.4670548,Bosnia and Herzegovina,Austria
9383,9383,0,14,1,1,0,0.022487933,0.351494,0.004477587,27.454937,27.055424,1.4763238,Ecuador,Argentina
9383,9383,0,29,2,1,3,0.018028239,0.018028239,0.0035856478,27.055424,27.019566,1.4060469,New Zealand,Australia
9383,9383,0,13,37,2,3,1.3087811,1.3087811,0.22598425,27.019566,23.992126,1.5055964,DR Congo,Senegal
9413,9383,30,12,10,0,0,0.46508488,0.46508488,0.075262725,28.884363,27.759323,1.5362704,Czech Republic,Croatia
9414,9413,1,41,42,0,2,1.4912214,0.94873285,0.08380277,27.919645,25.40956,1.4349791,Sweden,Switzerland
9414,9414,0,24,32,2,2,0.5009945,0.15553313,0.0,25.40956,24.602774,1.5546637,Japan,Paraguay
9418,9414,4,24,6,3,2,0.018028153,0.46639237,0.0,25.26729,24.757097,1.5199986,Japan,Brazil
9418,9418,0,35,22,0,0,0.4223415,0.48021513,0.07083342,24.757097,23.747484,1.4847598,Saudi Arabia,Iraq
9448,9418,30,21,8,0,0,0.57765216,1.1107583,0.0,28.653969,26.74564,1.4959852,Iran,Cape Verde
9449,9448,1,47,15,2,0,0.55527115,1.0834143,0.0,26.907988,25.13729,1.4653486,Uzbekistan,Egypt
9449,9449,0,24,19,2,0,0.13323784,1.4889239,0.0,25.13729,23.422796,1.4790637,Japan,Ghana
9450,9449,1,42,41,4,1,0.15640548,0.15640548,0.031261094,23.591782,23.133364,1.6656187,Switzerland,Sweden
9452,9450,2,8,15,1,1,0.018027091,0.013559617,0.0026919236,23.472153,23.43285,1.5504453,Cape Verde,Egypt
9453,9452,1,40,44,2,2,0.28818306,0.28818306,0.046680994,23.601814,22.91463,1.5264688,Spain,Turkey
9453,9453,0,3,5,1,1,0.26846394,0.26846394,0.033208754,22.91463,22.329445,1.4693929,Austria,Bosnia and Herzegovina
9453,9453,0,21,47,0,0,0.02248097,0.01802824,0.0035856485,22.329445,22.2816,1.515761,Iran,Uzbekistan
9472,9453,19,34,43,0,3,0.61881477,1.4364833,0.0,25.477787,23.339502,1.4417698,Qatar,Tunisia
9473,9472,1,27,35,1,0,1.4781885,0.22481129,0.0,23.508656,21.75366,1.4511052,Morocco,Saudi Arabia
9474,9473,1,15,25,0,3,0.09655108,0.61194116,0.0,21.925982,21.186352,1.4990177,Egypt,Jordan
9474,9474,0,0,22,2,0,1.4074503,0.22151381,0.0,21.186352,19.534966,1.4269484,Algeria,Iraq
9477,9474,3,25,22,1,0,0.013559593,0.013559593,0.0026919188,20.064167,20.031895,1.516132,Jordan,Iraq
9480,9477,3,35,25,0,1,0.030489516,0.013559593,0.0026919188,20.558125,20.507147,1.5108832,Saudi Arabia,Jordan
9483,9480,3,25,27,2,3,0.013559593,0.04464442,0.0,21.030533,20.95391,1.609338,Jordan,Morocco
9491,9483,8,15,38,1,0,0.07393588,1.4232085,0.01350339,22.335564,20.813133,1.4944733,Egypt,South Africa
9492,9491,1,37,13,1,1,0.42057836,0.42057836,0.06790418,20.987331,20.124952,1.4292938,Senegal,DR Congo
